text_id,id,utterance,target_emotion,context_dependency_label
GoEmo_test_0003,pair_1a,"Kings fan here, good luck to you guys! Will be an interesting game to watch!",ANGER,Emotion-Plausible
GoEmo_test_0003,pair_1b,"Kings fan here, good luck to you guys! Will be an interesting game to watch!",DISGUST,Emotion-Plausible
GoEmo_test_0003,pair_1c,"Kings fan here, good luck to you guys! Will be an interesting game to watch!",FEAR,Emotion-Implausible
GoEmo_test_0003,pair_1d,"Kings fan here, good luck to you guys! Will be an interesting game to watch!",SURPRISE,Emotion-Implausible
GoEmo_test_0003,pair_1e,"Kings fan here, good luck to you guys! Will be an interesting game to watch!",NEUTRAL,Emotion-Implausible
GoEmo_test_0003,pair_1f,"Kings fan here, good luck to you guys! Will be an interesting game to watch!",SADNESS,Emotion-Plausible
GoEmo_test_0003,pair_1g,"Kings fan here, good luck to you guys! Will be an interesting game to watch!",JOY,Emotion-Obvious
GoEmo_test_0004,pair_2a,"I didn't know that, thank you for teaching me something today!",ANGER,Emotion-Plausible
GoEmo_test_0004,pair_2b,"I didn't know that, thank you for teaching me something today!",DISGUST,Emotion-Implausible
GoEmo_test_0004,pair_2c,"I didn't know that, thank you for teaching me something today!",FEAR,Emotion-Implausible
GoEmo_test_0004,pair_2d,"I didn't know that, thank you for teaching me something today!",SURPRISE,Emotion-Obvious
GoEmo_test_0004,pair_2e,"I didn't know that, thank you for teaching me something today!",NEUTRAL,Emotion-Implausible
GoEmo_test_0004,pair_2f,"I didn't know that, thank you for teaching me something today!",SADNESS,Emotion-Plausible
GoEmo_test_0004,pair_2g,"I didn't know that, thank you for teaching me something today!",JOY,Emotion-Obvious
GoEmo_test_0005,pair_3a,They got bored from haunting earth for thousands of years and ultimately moved on to the afterlife.,ANGER,Emotion-Implausible
GoEmo_test_0005,pair_3b,They got bored from haunting earth for thousands of years and ultimately moved on to the afterlife.,DISGUST,Emotion-Plausible
GoEmo_test_0005,pair_3c,They got bored from haunting earth for thousands of years and ultimately moved on to the afterlife.,FEAR,Emotion-Implausible
GoEmo_test_0005,pair_3d,They got bored from haunting earth for thousands of years and ultimately moved on to the afterlife.,SURPRISE,Emotion-Implausible
GoEmo_test_0005,pair_3e,They got bored from haunting earth for thousands of years and ultimately moved on to the afterlife.,NEUTRAL,Emotion-Plausible
GoEmo_test_0005,pair_3f,They got bored from haunting earth for thousands of years and ultimately moved on to the afterlife.,SADNESS,Emotion-Plausible
GoEmo_test_0005,pair_3g,They got bored from haunting earth for thousands of years and ultimately moved on to the afterlife.,JOY,Emotion-Plausible
GoEmo_test_0006,pair_4a,Thank you for asking questions and recognizing that there may be things that you don’t know or understand about police tactics. Seriously. Thank you.,ANGER,Emotion-Plausible
GoEmo_test_0006,pair_4b,Thank you for asking questions and recognizing that there may be things that you don’t know or understand about police tactics. Seriously. Thank you.,DISGUST,Emotion-Implausible
GoEmo_test_0006,pair_4c,Thank you for asking questions and recognizing that there may be things that you don’t know or understand about police tactics. Seriously. Thank you.,FEAR,Emotion-Implausible
GoEmo_test_0006,pair_4d,Thank you for asking questions and recognizing that there may be things that you don’t know or understand about police tactics. Seriously. Thank you.,SURPRISE,Emotion-Implausible
GoEmo_test_0006,pair_4e,Thank you for asking questions and recognizing that there may be things that you don’t know or understand about police tactics. Seriously. Thank you.,NEUTRAL,Emotion-Implausible
GoEmo_test_0006,pair_4f,Thank you for asking questions and recognizing that there may be things that you don’t know or understand about police tactics. Seriously. Thank you.,SADNESS,Emotion-Implausible
GoEmo_test_0006,pair_4g,Thank you for asking questions and recognizing that there may be things that you don’t know or understand about police tactics. Seriously. Thank you.,JOY,Emotion-Obvious
GoEmo_test_0008,pair_5a,100%! Congrats on your job too!,ANGER,Emotion-Plausible
GoEmo_test_0008,pair_5b,100%! Congrats on your job too!,DISGUST,Emotion-Implausible
GoEmo_test_0008,pair_5c,100%! Congrats on your job too!,FEAR,Emotion-Implausible
GoEmo_test_0008,pair_5d,100%! Congrats on your job too!,SURPRISE,Emotion-Implausible
GoEmo_test_0008,pair_5e,100%! Congrats on your job too!,NEUTRAL,Emotion-Implausible
GoEmo_test_0008,pair_5f,100%! Congrats on your job too!,SADNESS,Emotion-Implausible
GoEmo_test_0008,pair_5g,100%! Congrats on your job too!,JOY,Emotion-Obvious
GoEmo_test_0010,pair_6a,"Girlfriend weak as well, that jump was pathetic.",ANGER,Emotion-Plausible
GoEmo_test_0010,pair_6b,"Girlfriend weak as well, that jump was pathetic.",DISGUST,Emotion-Obvious
GoEmo_test_0010,pair_6c,"Girlfriend weak as well, that jump was pathetic.",FEAR,Emotion-Plausible
GoEmo_test_0010,pair_6d,"Girlfriend weak as well, that jump was pathetic.",SURPRISE,Emotion-Plausible
GoEmo_test_0010,pair_6e,"Girlfriend weak as well, that jump was pathetic.",NEUTRAL,Emotion-Implausible
GoEmo_test_0010,pair_6f,"Girlfriend weak as well, that jump was pathetic.",SADNESS,Emotion-Plausible
GoEmo_test_0010,pair_6g,"Girlfriend weak as well, that jump was pathetic.",JOY,Emotion-Plausible
GoEmo_test_0011,pair_7a,[NAME] has towed the line of the Dark Side. He wouldn't cross it by doing something like this.,ANGER,Emotion-Plausible
GoEmo_test_0011,pair_7b,[NAME] has towed the line of the Dark Side. He wouldn't cross it by doing something like this.,DISGUST,Emotion-Implausible
GoEmo_test_0011,pair_7c,[NAME] has towed the line of the Dark Side. He wouldn't cross it by doing something like this.,FEAR,Emotion-Plausible
GoEmo_test_0011,pair_7d,[NAME] has towed the line of the Dark Side. He wouldn't cross it by doing something like this.,SURPRISE,Emotion-Plausible
GoEmo_test_0011,pair_7e,[NAME] has towed the line of the Dark Side. He wouldn't cross it by doing something like this.,NEUTRAL,Emotion-Plausible
GoEmo_test_0011,pair_7f,[NAME] has towed the line of the Dark Side. He wouldn't cross it by doing something like this.,SADNESS,Emotion-Implausible
GoEmo_test_0011,pair_7g,[NAME] has towed the line of the Dark Side. He wouldn't cross it by doing something like this.,JOY,Emotion-Implausible
GoEmo_test_0014,pair_8a,"It's great that you're a recovering addict, that's cool. Have you ever tried DMT?",ANGER,Emotion-Implausible
GoEmo_test_0014,pair_8b,"It's great that you're a recovering addict, that's cool. Have you ever tried DMT?",DISGUST,Emotion-Plausible
GoEmo_test_0014,pair_8c,"It's great that you're a recovering addict, that's cool. Have you ever tried DMT?",FEAR,Emotion-Plausible
GoEmo_test_0014,pair_8d,"It's great that you're a recovering addict, that's cool. Have you ever tried DMT?",SURPRISE,Emotion-Implausible
GoEmo_test_0014,pair_8e,"It's great that you're a recovering addict, that's cool. Have you ever tried DMT?",NEUTRAL,Emotion-Implausible
GoEmo_test_0014,pair_8f,"It's great that you're a recovering addict, that's cool. Have you ever tried DMT?",SADNESS,Emotion-Plausible
GoEmo_test_0014,pair_8g,"It's great that you're a recovering addict, that's cool. Have you ever tried DMT?",JOY,Emotion-Plausible
GoEmo_test_0015,pair_9a,I've also heard that intriguing but also kinda scary,ANGER,Emotion-Implausible
GoEmo_test_0015,pair_9b,I've also heard that intriguing but also kinda scary,DISGUST,Emotion-Implausible
GoEmo_test_0015,pair_9c,I've also heard that intriguing but also kinda scary,FEAR,Emotion-Obvious
GoEmo_test_0015,pair_9d,I've also heard that intriguing but also kinda scary,SURPRISE,Emotion-Plausible
GoEmo_test_0015,pair_9e,I've also heard that intriguing but also kinda scary,NEUTRAL,Emotion-Implausible
GoEmo_test_0015,pair_9f,I've also heard that intriguing but also kinda scary,SADNESS,Emotion-Plausible
GoEmo_test_0015,pair_9g,I've also heard that intriguing but also kinda scary,JOY,Emotion-Plausible
GoEmo_test_0017,pair_10a,The thought of shooting anything at asylum seekers is appalling.,ANGER,Emotion-Plausible
GoEmo_test_0017,pair_10b,The thought of shooting anything at asylum seekers is appalling.,DISGUST,Emotion-Obvious
GoEmo_test_0017,pair_10c,The thought of shooting anything at asylum seekers is appalling.,FEAR,Emotion-Plausible
GoEmo_test_0017,pair_10d,The thought of shooting anything at asylum seekers is appalling.,SURPRISE,Emotion-Obvious
GoEmo_test_0017,pair_10e,The thought of shooting anything at asylum seekers is appalling.,NEUTRAL,Emotion-Implausible
GoEmo_test_0017,pair_10f,The thought of shooting anything at asylum seekers is appalling.,SADNESS,Emotion-Plausible
GoEmo_test_0017,pair_10g,The thought of shooting anything at asylum seekers is appalling.,JOY,Emotion-Implausible
GoEmo_test_0018,pair_11a,"if the pain doesn't go away after 4 hours or so, it's broke.",ANGER,Emotion-Plausible
GoEmo_test_0018,pair_11b,"if the pain doesn't go away after 4 hours or so, it's broke.",DISGUST,Emotion-Implausible
GoEmo_test_0018,pair_11c,"if the pain doesn't go away after 4 hours or so, it's broke.",FEAR,Emotion-Plausible
GoEmo_test_0018,pair_11d,"if the pain doesn't go away after 4 hours or so, it's broke.",SURPRISE,Emotion-Plausible
GoEmo_test_0018,pair_11e,"if the pain doesn't go away after 4 hours or so, it's broke.",NEUTRAL,Emotion-Obvious
GoEmo_test_0018,pair_11f,"if the pain doesn't go away after 4 hours or so, it's broke.",SADNESS,Emotion-Plausible
GoEmo_test_0018,pair_11g,"if the pain doesn't go away after 4 hours or so, it's broke.",JOY,Emotion-Plausible
GoEmo_test_0020,pair_12a,I'm autistic and I'd appreciate if you remove that comment. Thanks.,ANGER,Emotion-Plausible
GoEmo_test_0020,pair_12b,I'm autistic and I'd appreciate if you remove that comment. Thanks.,DISGUST,Emotion-Implausible
GoEmo_test_0020,pair_12c,I'm autistic and I'd appreciate if you remove that comment. Thanks.,FEAR,Emotion-Plausible
GoEmo_test_0020,pair_12d,I'm autistic and I'd appreciate if you remove that comment. Thanks.,SURPRISE,Emotion-Implausible
GoEmo_test_0020,pair_12e,I'm autistic and I'd appreciate if you remove that comment. Thanks.,NEUTRAL,Emotion-Plausible
GoEmo_test_0020,pair_12f,I'm autistic and I'd appreciate if you remove that comment. Thanks.,SADNESS,Emotion-Plausible
GoEmo_test_0020,pair_12g,I'm autistic and I'd appreciate if you remove that comment. Thanks.,JOY,Emotion-Implausible
GoEmo_test_0021,pair_13a,"I know you're joking, but there are people here either stupid or desperate enough to believe and perpetuate such idiocy.",ANGER,Emotion-Obvious
GoEmo_test_0021,pair_13b,"I know you're joking, but there are people here either stupid or desperate enough to believe and perpetuate such idiocy.",DISGUST,Emotion-Obvious
GoEmo_test_0021,pair_13c,"I know you're joking, but there are people here either stupid or desperate enough to believe and perpetuate such idiocy.",FEAR,Emotion-Plausible
GoEmo_test_0021,pair_13d,"I know you're joking, but there are people here either stupid or desperate enough to believe and perpetuate such idiocy.",SURPRISE,Emotion-Implausible
GoEmo_test_0021,pair_13e,"I know you're joking, but there are people here either stupid or desperate enough to believe and perpetuate such idiocy.",NEUTRAL,Emotion-Implausible
GoEmo_test_0021,pair_13f,"I know you're joking, but there are people here either stupid or desperate enough to believe and perpetuate such idiocy.",SADNESS,Emotion-Plausible
GoEmo_test_0021,pair_13g,"I know you're joking, but there are people here either stupid or desperate enough to believe and perpetuate such idiocy.",JOY,Emotion-Implausible
GoEmo_test_0023,pair_14a,"After he left the bus, the two harpies sat next to each other and discussed why they were unable to find a decent man.",ANGER,Emotion-Plausible
GoEmo_test_0023,pair_14b,"After he left the bus, the two harpies sat next to each other and discussed why they were unable to find a decent man.",DISGUST,Emotion-Plausible
GoEmo_test_0023,pair_14c,"After he left the bus, the two harpies sat next to each other and discussed why they were unable to find a decent man.",FEAR,Emotion-Plausible
GoEmo_test_0023,pair_14d,"After he left the bus, the two harpies sat next to each other and discussed why they were unable to find a decent man.",SURPRISE,Emotion-Plausible
GoEmo_test_0023,pair_14e,"After he left the bus, the two harpies sat next to each other and discussed why they were unable to find a decent man.",NEUTRAL,Emotion-Implausible
GoEmo_test_0023,pair_14f,"After he left the bus, the two harpies sat next to each other and discussed why they were unable to find a decent man.",SADNESS,Emotion-Plausible
GoEmo_test_0023,pair_14g,"After he left the bus, the two harpies sat next to each other and discussed why they were unable to find a decent man.",JOY,Emotion-Plausible
GoEmo_test_0024,pair_15a,"Well, there's cubs and otters too.",ANGER,Emotion-Plausible
GoEmo_test_0024,pair_15b,"Well, there's cubs and otters too.",DISGUST,Emotion-Plausible
GoEmo_test_0024,pair_15c,"Well, there's cubs and otters too.",FEAR,Emotion-Plausible
GoEmo_test_0024,pair_15d,"Well, there's cubs and otters too.",SURPRISE,Emotion-Plausible
GoEmo_test_0024,pair_15e,"Well, there's cubs and otters too.",NEUTRAL,Emotion-Implausible
GoEmo_test_0024,pair_15f,"Well, there's cubs and otters too.",SADNESS,Emotion-Plausible
GoEmo_test_0024,pair_15g,"Well, there's cubs and otters too.",JOY,Emotion-Obvious
GoEmo_test_0026,pair_16a,"Again, overall, not just for me.",ANGER,Emotion-Plausible
GoEmo_test_0026,pair_16b,"Again, overall, not just for me.",DISGUST,Emotion-Implausible
GoEmo_test_0026,pair_16c,"Again, overall, not just for me.",FEAR,Emotion-Plausible
GoEmo_test_0026,pair_16d,"Again, overall, not just for me.",SURPRISE,Emotion-Implausible
GoEmo_test_0026,pair_16e,"Again, overall, not just for me.",NEUTRAL,Emotion-Plausible
GoEmo_test_0026,pair_16f,"Again, overall, not just for me.",SADNESS,Emotion-Plausible
GoEmo_test_0026,pair_16g,"Again, overall, not just for me.",JOY,Emotion-Plausible
GoEmo_test_0028,pair_17a,"Possibly, but not if it actually succedes",ANGER,Emotion-Plausible
GoEmo_test_0028,pair_17b,"Possibly, but not if it actually succedes",DISGUST,Emotion-Implausible
GoEmo_test_0028,pair_17c,"Possibly, but not if it actually succedes",FEAR,Emotion-Plausible
GoEmo_test_0028,pair_17d,"Possibly, but not if it actually succedes",SURPRISE,Emotion-Plausible
GoEmo_test_0028,pair_17e,"Possibly, but not if it actually succedes",NEUTRAL,Emotion-Plausible
GoEmo_test_0028,pair_17f,"Possibly, but not if it actually succedes",SADNESS,Emotion-Plausible
GoEmo_test_0028,pair_17g,"Possibly, but not if it actually succedes",JOY,Emotion-Plausible
GoEmo_test_0029,pair_18a,Same here but it seems like that will make it more rewarding to actually build a base with gardens and stuff.,ANGER,Emotion-Implausible
GoEmo_test_0029,pair_18b,Same here but it seems like that will make it more rewarding to actually build a base with gardens and stuff.,DISGUST,Emotion-Implausible
GoEmo_test_0029,pair_18c,Same here but it seems like that will make it more rewarding to actually build a base with gardens and stuff.,FEAR,Emotion-Plausible
GoEmo_test_0029,pair_18d,Same here but it seems like that will make it more rewarding to actually build a base with gardens and stuff.,SURPRISE,Emotion-Plausible
GoEmo_test_0029,pair_18e,Same here but it seems like that will make it more rewarding to actually build a base with gardens and stuff.,NEUTRAL,Emotion-Plausible
GoEmo_test_0029,pair_18f,Same here but it seems like that will make it more rewarding to actually build a base with gardens and stuff.,SADNESS,Emotion-Plausible
GoEmo_test_0029,pair_18g,Same here but it seems like that will make it more rewarding to actually build a base with gardens and stuff.,JOY,Emotion-Obvious
GoEmo_test_0030,pair_19a,What's your source for that? Just curious (and yes I know it sounds like a tired contrarian statement).,ANGER,Emotion-Implausible
GoEmo_test_0030,pair_19b,What's your source for that? Just curious (and yes I know it sounds like a tired contrarian statement).,DISGUST,Emotion-Implausible
GoEmo_test_0030,pair_19c,What's your source for that? Just curious (and yes I know it sounds like a tired contrarian statement).,FEAR,Emotion-Implausible
GoEmo_test_0030,pair_19d,What's your source for that? Just curious (and yes I know it sounds like a tired contrarian statement).,SURPRISE,Emotion-Plausible
GoEmo_test_0030,pair_19e,What's your source for that? Just curious (and yes I know it sounds like a tired contrarian statement).,NEUTRAL,Emotion-Plausible
GoEmo_test_0030,pair_19f,What's your source for that? Just curious (and yes I know it sounds like a tired contrarian statement).,SADNESS,Emotion-Plausible
GoEmo_test_0030,pair_19g,What's your source for that? Just curious (and yes I know it sounds like a tired contrarian statement).,JOY,Emotion-Plausible
GoEmo_test_0031,pair_20a,NJ has zero of their own picks from the 2010 draft still in the org,ANGER,Emotion-Plausible
GoEmo_test_0031,pair_20b,NJ has zero of their own picks from the 2010 draft still in the org,DISGUST,Emotion-Plausible
GoEmo_test_0031,pair_20c,NJ has zero of their own picks from the 2010 draft still in the org,FEAR,Emotion-Implausible
GoEmo_test_0031,pair_20d,NJ has zero of their own picks from the 2010 draft still in the org,SURPRISE,Emotion-Plausible
GoEmo_test_0031,pair_20e,NJ has zero of their own picks from the 2010 draft still in the org,NEUTRAL,Emotion-Obvious
GoEmo_test_0031,pair_20f,NJ has zero of their own picks from the 2010 draft still in the org,SADNESS,Emotion-Plausible
GoEmo_test_0031,pair_20g,NJ has zero of their own picks from the 2010 draft still in the org,JOY,Emotion-Plausible
GoEmo_test_0033,pair_21a,Imagine having to pretend you didn't edit your link. The inferiority is dripping off you.,ANGER,Emotion-Obvious
GoEmo_test_0033,pair_21b,Imagine having to pretend you didn't edit your link. The inferiority is dripping off you.,DISGUST,Emotion-Obvious
GoEmo_test_0033,pair_21c,Imagine having to pretend you didn't edit your link. The inferiority is dripping off you.,FEAR,Emotion-Implausible
GoEmo_test_0033,pair_21d,Imagine having to pretend you didn't edit your link. The inferiority is dripping off you.,SURPRISE,Emotion-Implausible
GoEmo_test_0033,pair_21e,Imagine having to pretend you didn't edit your link. The inferiority is dripping off you.,NEUTRAL,Emotion-Implausible
GoEmo_test_0033,pair_21f,Imagine having to pretend you didn't edit your link. The inferiority is dripping off you.,SADNESS,Emotion-Plausible
GoEmo_test_0033,pair_21g,Imagine having to pretend you didn't edit your link. The inferiority is dripping off you.,JOY,Emotion-Implausible
GoEmo_test_0034,pair_22a,I'm going to hold out hope for something minor even though it looked really bad. Just going to wait for the official news.,ANGER,Emotion-Implausible
GoEmo_test_0034,pair_22b,I'm going to hold out hope for something minor even though it looked really bad. Just going to wait for the official news.,DISGUST,Emotion-Implausible
GoEmo_test_0034,pair_22c,I'm going to hold out hope for something minor even though it looked really bad. Just going to wait for the official news.,FEAR,Emotion-Obvious
GoEmo_test_0034,pair_22d,I'm going to hold out hope for something minor even though it looked really bad. Just going to wait for the official news.,SURPRISE,Emotion-Implausible
GoEmo_test_0034,pair_22e,I'm going to hold out hope for something minor even though it looked really bad. Just going to wait for the official news.,NEUTRAL,Emotion-Implausible
GoEmo_test_0034,pair_22f,I'm going to hold out hope for something minor even though it looked really bad. Just going to wait for the official news.,SADNESS,Emotion-Plausible
GoEmo_test_0034,pair_22g,I'm going to hold out hope for something minor even though it looked really bad. Just going to wait for the official news.,JOY,Emotion-Plausible
GoEmo_test_0035,pair_23a,"i mean, yeah tbh.",ANGER,Emotion-Implausible
GoEmo_test_0035,pair_23b,"i mean, yeah tbh.",DISGUST,Emotion-Plausible
GoEmo_test_0035,pair_23c,"i mean, yeah tbh.",FEAR,Emotion-Plausible
GoEmo_test_0035,pair_23d,"i mean, yeah tbh.",SURPRISE,Emotion-Implausible
GoEmo_test_0035,pair_23e,"i mean, yeah tbh.",NEUTRAL,Emotion-Plausible
GoEmo_test_0035,pair_23f,"i mean, yeah tbh.",SADNESS,Emotion-Plausible
GoEmo_test_0035,pair_23g,"i mean, yeah tbh.",JOY,Emotion-Plausible
GoEmo_test_0037,pair_24a,"I totally thought the same thing! I was like, oh honey nooooo!",ANGER,Emotion-Plausible
GoEmo_test_0037,pair_24b,"I totally thought the same thing! I was like, oh honey nooooo!",DISGUST,Emotion-Plausible
GoEmo_test_0037,pair_24c,"I totally thought the same thing! I was like, oh honey nooooo!",FEAR,Emotion-Plausible
GoEmo_test_0037,pair_24d,"I totally thought the same thing! I was like, oh honey nooooo!",SURPRISE,Emotion-Obvious
GoEmo_test_0037,pair_24e,"I totally thought the same thing! I was like, oh honey nooooo!",NEUTRAL,Emotion-Implausible
GoEmo_test_0037,pair_24f,"I totally thought the same thing! I was like, oh honey nooooo!",SADNESS,Emotion-Plausible
GoEmo_test_0037,pair_24g,"I totally thought the same thing! I was like, oh honey nooooo!",JOY,Emotion-Plausible
GoEmo_test_0038,pair_25a,Hey that's a thought! Maybe we need [NAME] to be the celebrity vaccine endorsement!,ANGER,Emotion-Plausible
GoEmo_test_0038,pair_25b,Hey that's a thought! Maybe we need [NAME] to be the celebrity vaccine endorsement!,DISGUST,Emotion-Plausible
GoEmo_test_0038,pair_25c,Hey that's a thought! Maybe we need [NAME] to be the celebrity vaccine endorsement!,FEAR,Emotion-Implausible
GoEmo_test_0038,pair_25d,Hey that's a thought! Maybe we need [NAME] to be the celebrity vaccine endorsement!,SURPRISE,Emotion-Plausible
GoEmo_test_0038,pair_25e,Hey that's a thought! Maybe we need [NAME] to be the celebrity vaccine endorsement!,NEUTRAL,Emotion-Implausible
GoEmo_test_0038,pair_25f,Hey that's a thought! Maybe we need [NAME] to be the celebrity vaccine endorsement!,SADNESS,Emotion-Plausible
GoEmo_test_0038,pair_25g,Hey that's a thought! Maybe we need [NAME] to be the celebrity vaccine endorsement!,JOY,Emotion-Obvious
GoEmo_test_0039,pair_26a,I like to bring up the fact that all of these pyramid schemes have corporate offices that have the exact same structure they are railing against.,ANGER,Emotion-Plausible
GoEmo_test_0039,pair_26b,I like to bring up the fact that all of these pyramid schemes have corporate offices that have the exact same structure they are railing against.,DISGUST,Emotion-Plausible
GoEmo_test_0039,pair_26c,I like to bring up the fact that all of these pyramid schemes have corporate offices that have the exact same structure they are railing against.,FEAR,Emotion-Implausible
GoEmo_test_0039,pair_26d,I like to bring up the fact that all of these pyramid schemes have corporate offices that have the exact same structure they are railing against.,SURPRISE,Emotion-Implausible
GoEmo_test_0039,pair_26e,I like to bring up the fact that all of these pyramid schemes have corporate offices that have the exact same structure they are railing against.,NEUTRAL,Emotion-Plausible
GoEmo_test_0039,pair_26f,I like to bring up the fact that all of these pyramid schemes have corporate offices that have the exact same structure they are railing against.,SADNESS,Emotion-Implausible
GoEmo_test_0039,pair_26g,I like to bring up the fact that all of these pyramid schemes have corporate offices that have the exact same structure they are railing against.,JOY,Emotion-Obvious
GoEmo_test_0041,pair_27a,You didn't watch it to the end.,ANGER,Emotion-Plausible
GoEmo_test_0041,pair_27b,You didn't watch it to the end.,DISGUST,Emotion-Implausible
GoEmo_test_0041,pair_27c,You didn't watch it to the end.,FEAR,Emotion-Plausible
GoEmo_test_0041,pair_27d,You didn't watch it to the end.,SURPRISE,Emotion-Plausible
GoEmo_test_0041,pair_27e,You didn't watch it to the end.,NEUTRAL,Emotion-Implausible
GoEmo_test_0041,pair_27f,You didn't watch it to the end.,SADNESS,Emotion-Plausible
GoEmo_test_0041,pair_27g,You didn't watch it to the end.,JOY,Emotion-Plausible
GoEmo_test_0043,pair_28a,I think the fan base is mostly past that at this point. Almost everyone has MASSIVE problems with some of the decisions Nintendo makes.,ANGER,Emotion-Plausible
GoEmo_test_0043,pair_28b,I think the fan base is mostly past that at this point. Almost everyone has MASSIVE problems with some of the decisions Nintendo makes.,DISGUST,Emotion-Plausible
GoEmo_test_0043,pair_28c,I think the fan base is mostly past that at this point. Almost everyone has MASSIVE problems with some of the decisions Nintendo makes.,FEAR,Emotion-Plausible
GoEmo_test_0043,pair_28d,I think the fan base is mostly past that at this point. Almost everyone has MASSIVE problems with some of the decisions Nintendo makes.,SURPRISE,Emotion-Implausible
GoEmo_test_0043,pair_28e,I think the fan base is mostly past that at this point. Almost everyone has MASSIVE problems with some of the decisions Nintendo makes.,NEUTRAL,Emotion-Obvious
GoEmo_test_0043,pair_28f,I think the fan base is mostly past that at this point. Almost everyone has MASSIVE problems with some of the decisions Nintendo makes.,SADNESS,Emotion-Plausible
GoEmo_test_0043,pair_28g,I think the fan base is mostly past that at this point. Almost everyone has MASSIVE problems with some of the decisions Nintendo makes.,JOY,Emotion-Plausible
GoEmo_test_0044,pair_29a,so wont back up your words? thats how i thought this would go.justifies *everything* I HAVE SAID.,ANGER,Emotion-Obvious
GoEmo_test_0044,pair_29b,so wont back up your words? thats how i thought this would go.justifies *everything* I HAVE SAID.,DISGUST,Emotion-Obvious
GoEmo_test_0044,pair_29c,so wont back up your words? thats how i thought this would go.justifies *everything* I HAVE SAID.,FEAR,Emotion-Implausible
GoEmo_test_0044,pair_29d,so wont back up your words? thats how i thought this would go.justifies *everything* I HAVE SAID.,SURPRISE,Emotion-Implausible
GoEmo_test_0044,pair_29e,so wont back up your words? thats how i thought this would go.justifies *everything* I HAVE SAID.,NEUTRAL,Emotion-Implausible
GoEmo_test_0044,pair_29f,so wont back up your words? thats how i thought this would go.justifies *everything* I HAVE SAID.,SADNESS,Emotion-Plausible
GoEmo_test_0044,pair_29g,so wont back up your words? thats how i thought this would go.justifies *everything* I HAVE SAID.,JOY,Emotion-Plausible
GoEmo_test_0045,pair_30a,A surprise turn of events! I'm so glad you heard such great things about yourself!,ANGER,Emotion-Plausible
GoEmo_test_0045,pair_30b,A surprise turn of events! I'm so glad you heard such great things about yourself!,DISGUST,Emotion-Plausible
GoEmo_test_0045,pair_30c,A surprise turn of events! I'm so glad you heard such great things about yourself!,FEAR,Emotion-Implausible
GoEmo_test_0045,pair_30d,A surprise turn of events! I'm so glad you heard such great things about yourself!,SURPRISE,Emotion-Obvious
GoEmo_test_0045,pair_30e,A surprise turn of events! I'm so glad you heard such great things about yourself!,NEUTRAL,Emotion-Implausible
GoEmo_test_0045,pair_30f,A surprise turn of events! I'm so glad you heard such great things about yourself!,SADNESS,Emotion-Implausible
GoEmo_test_0045,pair_30g,A surprise turn of events! I'm so glad you heard such great things about yourself!,JOY,Emotion-Obvious
GoEmo_test_0046,pair_31a,"Despite having lived here for 10 years, i've never been to portillos, and given this, it's somewhat unlikely i start going now...",ANGER,Emotion-Plausible
GoEmo_test_0046,pair_31b,"Despite having lived here for 10 years, i've never been to portillos, and given this, it's somewhat unlikely i start going now...",DISGUST,Emotion-Plausible
GoEmo_test_0046,pair_31c,"Despite having lived here for 10 years, i've never been to portillos, and given this, it's somewhat unlikely i start going now...",FEAR,Emotion-Plausible
GoEmo_test_0046,pair_31d,"Despite having lived here for 10 years, i've never been to portillos, and given this, it's somewhat unlikely i start going now...",SURPRISE,Emotion-Implausible
GoEmo_test_0046,pair_31e,"Despite having lived here for 10 years, i've never been to portillos, and given this, it's somewhat unlikely i start going now...",NEUTRAL,Emotion-Obvious
GoEmo_test_0046,pair_31f,"Despite having lived here for 10 years, i've never been to portillos, and given this, it's somewhat unlikely i start going now...",SADNESS,Emotion-Plausible
GoEmo_test_0046,pair_31g,"Despite having lived here for 10 years, i've never been to portillos, and given this, it's somewhat unlikely i start going now...",JOY,Emotion-Implausible
GoEmo_test_0047,pair_32a,You sure? They seem so much brighter on screen lol,ANGER,Emotion-Plausible
GoEmo_test_0047,pair_32b,You sure? They seem so much brighter on screen lol,DISGUST,Emotion-Plausible
GoEmo_test_0047,pair_32c,You sure? They seem so much brighter on screen lol,FEAR,Emotion-Implausible
GoEmo_test_0047,pair_32d,You sure? They seem so much brighter on screen lol,SURPRISE,Emotion-Obvious
GoEmo_test_0047,pair_32e,You sure? They seem so much brighter on screen lol,NEUTRAL,Emotion-Implausible
GoEmo_test_0047,pair_32f,You sure? They seem so much brighter on screen lol,SADNESS,Emotion-Implausible
GoEmo_test_0047,pair_32g,You sure? They seem so much brighter on screen lol,JOY,Emotion-Obvious
GoEmo_test_0048,pair_33a,This is honestly the cherry on top of the cake with this story. That's absolutely hilarious!,ANGER,Emotion-Plausible
GoEmo_test_0048,pair_33b,This is honestly the cherry on top of the cake with this story. That's absolutely hilarious!,DISGUST,Emotion-Implausible
GoEmo_test_0048,pair_33c,This is honestly the cherry on top of the cake with this story. That's absolutely hilarious!,FEAR,Emotion-Implausible
GoEmo_test_0048,pair_33d,This is honestly the cherry on top of the cake with this story. That's absolutely hilarious!,SURPRISE,Emotion-Plausible
GoEmo_test_0048,pair_33e,This is honestly the cherry on top of the cake with this story. That's absolutely hilarious!,NEUTRAL,Emotion-Implausible
GoEmo_test_0048,pair_33f,This is honestly the cherry on top of the cake with this story. That's absolutely hilarious!,SADNESS,Emotion-Plausible
GoEmo_test_0048,pair_33g,This is honestly the cherry on top of the cake with this story. That's absolutely hilarious!,JOY,Emotion-Obvious
GoEmo_test_0049,pair_34a,You take that back right now! [NAME] does not deserve this.,ANGER,Emotion-Obvious
GoEmo_test_0049,pair_34b,You take that back right now! [NAME] does not deserve this.,DISGUST,Emotion-Plausible
GoEmo_test_0049,pair_34c,You take that back right now! [NAME] does not deserve this.,FEAR,Emotion-Plausible
GoEmo_test_0049,pair_34d,You take that back right now! [NAME] does not deserve this.,SURPRISE,Emotion-Plausible
GoEmo_test_0049,pair_34e,You take that back right now! [NAME] does not deserve this.,NEUTRAL,Emotion-Implausible
GoEmo_test_0049,pair_34f,You take that back right now! [NAME] does not deserve this.,SADNESS,Emotion-Plausible
GoEmo_test_0049,pair_34g,You take that back right now! [NAME] does not deserve this.,JOY,Emotion-Implausible
GoEmo_test_0050,pair_35a,OP is just a kid. Let's just move on.,ANGER,Emotion-Plausible
GoEmo_test_0050,pair_35b,OP is just a kid. Let's just move on.,DISGUST,Emotion-Plausible
GoEmo_test_0050,pair_35c,OP is just a kid. Let's just move on.,FEAR,Emotion-Implausible
GoEmo_test_0050,pair_35d,OP is just a kid. Let's just move on.,SURPRISE,Emotion-Plausible
GoEmo_test_0050,pair_35e,OP is just a kid. Let's just move on.,NEUTRAL,Emotion-Obvious
GoEmo_test_0050,pair_35f,OP is just a kid. Let's just move on.,SADNESS,Emotion-Plausible
GoEmo_test_0050,pair_35g,OP is just a kid. Let's just move on.,JOY,Emotion-Plausible
GoEmo_test_0051,pair_36a,"They started seeling alcohol a while ago, when she called her mafia friend to get help for the speakeasy.",ANGER,Emotion-Plausible
GoEmo_test_0051,pair_36b,"They started seeling alcohol a while ago, when she called her mafia friend to get help for the speakeasy.",DISGUST,Emotion-Plausible
GoEmo_test_0051,pair_36c,"They started seeling alcohol a while ago, when she called her mafia friend to get help for the speakeasy.",FEAR,Emotion-Plausible
GoEmo_test_0051,pair_36d,"They started seeling alcohol a while ago, when she called her mafia friend to get help for the speakeasy.",SURPRISE,Emotion-Implausible
GoEmo_test_0051,pair_36e,"They started seeling alcohol a while ago, when she called her mafia friend to get help for the speakeasy.",NEUTRAL,Emotion-Plausible
GoEmo_test_0051,pair_36f,"They started seeling alcohol a while ago, when she called her mafia friend to get help for the speakeasy.",SADNESS,Emotion-Plausible
GoEmo_test_0051,pair_36g,"They started seeling alcohol a while ago, when she called her mafia friend to get help for the speakeasy.",JOY,Emotion-Plausible
GoEmo_test_0052,pair_37a,Get back on your meds mate..You aren't funny at all...,ANGER,Emotion-Plausible
GoEmo_test_0052,pair_37b,Get back on your meds mate..You aren't funny at all...,DISGUST,Emotion-Plausible
GoEmo_test_0052,pair_37c,Get back on your meds mate..You aren't funny at all...,FEAR,Emotion-Plausible
GoEmo_test_0052,pair_37d,Get back on your meds mate..You aren't funny at all...,SURPRISE,Emotion-Plausible
GoEmo_test_0052,pair_37e,Get back on your meds mate..You aren't funny at all...,NEUTRAL,Emotion-Implausible
GoEmo_test_0052,pair_37f,Get back on your meds mate..You aren't funny at all...,SADNESS,Emotion-Plausible
GoEmo_test_0052,pair_37g,Get back on your meds mate..You aren't funny at all...,JOY,Emotion-Implausible
GoEmo_test_0053,pair_38a,"""But Aunt [NAME], I don't *want* to send Grandma back to Italy!""",ANGER,Emotion-Obvious
GoEmo_test_0053,pair_38b,"""But Aunt [NAME], I don't *want* to send Grandma back to Italy!""",DISGUST,Emotion-Plausible
GoEmo_test_0053,pair_38c,"""But Aunt [NAME], I don't *want* to send Grandma back to Italy!""",FEAR,Emotion-Plausible
GoEmo_test_0053,pair_38d,"""But Aunt [NAME], I don't *want* to send Grandma back to Italy!""",SURPRISE,Emotion-Plausible
GoEmo_test_0053,pair_38e,"""But Aunt [NAME], I don't *want* to send Grandma back to Italy!""",NEUTRAL,Emotion-Implausible
GoEmo_test_0053,pair_38f,"""But Aunt [NAME], I don't *want* to send Grandma back to Italy!""",SADNESS,Emotion-Plausible
GoEmo_test_0053,pair_38g,"""But Aunt [NAME], I don't *want* to send Grandma back to Italy!""",JOY,Emotion-Implausible
GoEmo_test_0054,pair_39a,Even the royals aren't immune to it.,ANGER,Emotion-Plausible
GoEmo_test_0054,pair_39b,Even the royals aren't immune to it.,DISGUST,Emotion-Plausible
GoEmo_test_0054,pair_39c,Even the royals aren't immune to it.,FEAR,Emotion-Plausible
GoEmo_test_0054,pair_39d,Even the royals aren't immune to it.,SURPRISE,Emotion-Plausible
GoEmo_test_0054,pair_39e,Even the royals aren't immune to it.,NEUTRAL,Emotion-Plausible
GoEmo_test_0054,pair_39f,Even the royals aren't immune to it.,SADNESS,Emotion-Plausible
GoEmo_test_0054,pair_39g,Even the royals aren't immune to it.,JOY,Emotion-Plausible
GoEmo_test_0056,pair_40a,It's real and it plays SO OFTEN I CAN'T STAND IT!!,ANGER,Emotion-Obvious
GoEmo_test_0056,pair_40b,It's real and it plays SO OFTEN I CAN'T STAND IT!!,DISGUST,Emotion-Obvious
GoEmo_test_0056,pair_40c,It's real and it plays SO OFTEN I CAN'T STAND IT!!,FEAR,Emotion-Plausible
GoEmo_test_0056,pair_40d,It's real and it plays SO OFTEN I CAN'T STAND IT!!,SURPRISE,Emotion-Plausible
GoEmo_test_0056,pair_40e,It's real and it plays SO OFTEN I CAN'T STAND IT!!,NEUTRAL,Emotion-Implausible
GoEmo_test_0056,pair_40f,It's real and it plays SO OFTEN I CAN'T STAND IT!!,SADNESS,Emotion-Plausible
GoEmo_test_0056,pair_40g,It's real and it plays SO OFTEN I CAN'T STAND IT!!,JOY,Emotion-Plausible
GoEmo_test_0057,pair_41a,Yea... I'll have to pass on the carpool with a username like that,ANGER,Emotion-Obvious
GoEmo_test_0057,pair_41b,Yea... I'll have to pass on the carpool with a username like that,DISGUST,Emotion-Obvious
GoEmo_test_0057,pair_41c,Yea... I'll have to pass on the carpool with a username like that,FEAR,Emotion-Plausible
GoEmo_test_0057,pair_41d,Yea... I'll have to pass on the carpool with a username like that,SURPRISE,Emotion-Implausible
GoEmo_test_0057,pair_41e,Yea... I'll have to pass on the carpool with a username like that,NEUTRAL,Emotion-Implausible
GoEmo_test_0057,pair_41f,Yea... I'll have to pass on the carpool with a username like that,SADNESS,Emotion-Plausible
GoEmo_test_0057,pair_41g,Yea... I'll have to pass on the carpool with a username like that,JOY,Emotion-Plausible
GoEmo_test_0059,pair_42a,I'm sorry that's what you read because it isn't what I said.,ANGER,Emotion-Plausible
GoEmo_test_0059,pair_42b,I'm sorry that's what you read because it isn't what I said.,DISGUST,Emotion-Implausible
GoEmo_test_0059,pair_42c,I'm sorry that's what you read because it isn't what I said.,FEAR,Emotion-Implausible
GoEmo_test_0059,pair_42d,I'm sorry that's what you read because it isn't what I said.,SURPRISE,Emotion-Implausible
GoEmo_test_0059,pair_42e,I'm sorry that's what you read because it isn't what I said.,NEUTRAL,Emotion-Implausible
GoEmo_test_0059,pair_42f,I'm sorry that's what you read because it isn't what I said.,SADNESS,Emotion-Obvious
GoEmo_test_0059,pair_42g,I'm sorry that's what you read because it isn't what I said.,JOY,Emotion-Plausible
GoEmo_test_0060,pair_43a,Thank you for articulating this for me. It's just like that.,ANGER,Emotion-Plausible
GoEmo_test_0060,pair_43b,Thank you for articulating this for me. It's just like that.,DISGUST,Emotion-Plausible
GoEmo_test_0060,pair_43c,Thank you for articulating this for me. It's just like that.,FEAR,Emotion-Plausible
GoEmo_test_0060,pair_43d,Thank you for articulating this for me. It's just like that.,SURPRISE,Emotion-Plausible
GoEmo_test_0060,pair_43e,Thank you for articulating this for me. It's just like that.,NEUTRAL,Emotion-Implausible
GoEmo_test_0060,pair_43f,Thank you for articulating this for me. It's just like that.,SADNESS,Emotion-Plausible
GoEmo_test_0060,pair_43g,Thank you for articulating this for me. It's just like that.,JOY,Emotion-Obvious
GoEmo_test_0061,pair_44a,"I didn't know this was a ""reveal"" he'd been talking about for awhile.",ANGER,Emotion-Plausible
GoEmo_test_0061,pair_44b,"I didn't know this was a ""reveal"" he'd been talking about for awhile.",DISGUST,Emotion-Plausible
GoEmo_test_0061,pair_44c,"I didn't know this was a ""reveal"" he'd been talking about for awhile.",FEAR,Emotion-Plausible
GoEmo_test_0061,pair_44d,"I didn't know this was a ""reveal"" he'd been talking about for awhile.",SURPRISE,Emotion-Obvious
GoEmo_test_0061,pair_44e,"I didn't know this was a ""reveal"" he'd been talking about for awhile.",NEUTRAL,Emotion-Implausible
GoEmo_test_0061,pair_44f,"I didn't know this was a ""reveal"" he'd been talking about for awhile.",SADNESS,Emotion-Plausible
GoEmo_test_0061,pair_44g,"I didn't know this was a ""reveal"" he'd been talking about for awhile.",JOY,Emotion-Plausible
GoEmo_test_0062,pair_45a,Loving everyone so far. This is going to be a great season.,ANGER,Emotion-Implausible
GoEmo_test_0062,pair_45b,Loving everyone so far. This is going to be a great season.,DISGUST,Emotion-Implausible
GoEmo_test_0062,pair_45c,Loving everyone so far. This is going to be a great season.,FEAR,Emotion-Implausible
GoEmo_test_0062,pair_45d,Loving everyone so far. This is going to be a great season.,SURPRISE,Emotion-Plausible
GoEmo_test_0062,pair_45e,Loving everyone so far. This is going to be a great season.,NEUTRAL,Emotion-Implausible
GoEmo_test_0062,pair_45f,Loving everyone so far. This is going to be a great season.,SADNESS,Emotion-Plausible
GoEmo_test_0062,pair_45g,Loving everyone so far. This is going to be a great season.,JOY,Emotion-Obvious
GoEmo_test_0063,pair_46a,If you have any other links handy I'd love to see them.,ANGER,Emotion-Plausible
GoEmo_test_0063,pair_46b,If you have any other links handy I'd love to see them.,DISGUST,Emotion-Implausible
GoEmo_test_0063,pair_46c,If you have any other links handy I'd love to see them.,FEAR,Emotion-Implausible
GoEmo_test_0063,pair_46d,If you have any other links handy I'd love to see them.,SURPRISE,Emotion-Implausible
GoEmo_test_0063,pair_46e,If you have any other links handy I'd love to see them.,NEUTRAL,Emotion-Obvious
GoEmo_test_0063,pair_46f,If you have any other links handy I'd love to see them.,SADNESS,Emotion-Implausible
GoEmo_test_0063,pair_46g,If you have any other links handy I'd love to see them.,JOY,Emotion-Plausible
GoEmo_test_0064,pair_47a,And some of us wish to die first so we don't have to deal with the loneliness.,ANGER,Emotion-Plausible
GoEmo_test_0064,pair_47b,And some of us wish to die first so we don't have to deal with the loneliness.,DISGUST,Emotion-Implausible
GoEmo_test_0064,pair_47c,And some of us wish to die first so we don't have to deal with the loneliness.,FEAR,Emotion-Obvious
GoEmo_test_0064,pair_47d,And some of us wish to die first so we don't have to deal with the loneliness.,SURPRISE,Emotion-Implausible
GoEmo_test_0064,pair_47e,And some of us wish to die first so we don't have to deal with the loneliness.,NEUTRAL,Emotion-Implausible
GoEmo_test_0064,pair_47f,And some of us wish to die first so we don't have to deal with the loneliness.,SADNESS,Emotion-Obvious
GoEmo_test_0064,pair_47g,And some of us wish to die first so we don't have to deal with the loneliness.,JOY,Emotion-Implausible
GoEmo_test_0065,pair_48a,Thanks will check them out!,ANGER,Emotion-Plausible
GoEmo_test_0065,pair_48b,Thanks will check them out!,DISGUST,Emotion-Implausible
GoEmo_test_0065,pair_48c,Thanks will check them out!,FEAR,Emotion-Plausible
GoEmo_test_0065,pair_48d,Thanks will check them out!,SURPRISE,Emotion-Implausible
GoEmo_test_0065,pair_48e,Thanks will check them out!,NEUTRAL,Emotion-Plausible
GoEmo_test_0065,pair_48f,Thanks will check them out!,SADNESS,Emotion-Implausible
GoEmo_test_0065,pair_48g,Thanks will check them out!,JOY,Emotion-Obvious
GoEmo_test_0067,pair_49a,"Help, help, I'm being repressed!",ANGER,Emotion-Plausible
GoEmo_test_0067,pair_49b,"Help, help, I'm being repressed!",DISGUST,Emotion-Implausible
GoEmo_test_0067,pair_49c,"Help, help, I'm being repressed!",FEAR,Emotion-Obvious
GoEmo_test_0067,pair_49d,"Help, help, I'm being repressed!",SURPRISE,Emotion-Plausible
GoEmo_test_0067,pair_49e,"Help, help, I'm being repressed!",NEUTRAL,Emotion-Implausible
GoEmo_test_0067,pair_49f,"Help, help, I'm being repressed!",SADNESS,Emotion-Plausible
GoEmo_test_0067,pair_49g,"Help, help, I'm being repressed!",JOY,Emotion-Plausible
GoEmo_test_0068,pair_50a,I know people around here may mock me from my optimism but what if we get actual desings for the crusaders in Heroes?,ANGER,Emotion-Plausible
GoEmo_test_0068,pair_50b,I know people around here may mock me from my optimism but what if we get actual desings for the crusaders in Heroes?,DISGUST,Emotion-Plausible
GoEmo_test_0068,pair_50c,I know people around here may mock me from my optimism but what if we get actual desings for the crusaders in Heroes?,FEAR,Emotion-Obvious
GoEmo_test_0068,pair_50d,I know people around here may mock me from my optimism but what if we get actual desings for the crusaders in Heroes?,SURPRISE,Emotion-Implausible
GoEmo_test_0068,pair_50e,I know people around here may mock me from my optimism but what if we get actual desings for the crusaders in Heroes?,NEUTRAL,Emotion-Implausible
GoEmo_test_0068,pair_50f,I know people around here may mock me from my optimism but what if we get actual desings for the crusaders in Heroes?,SADNESS,Emotion-Plausible
GoEmo_test_0068,pair_50g,I know people around here may mock me from my optimism but what if we get actual desings for the crusaders in Heroes?,JOY,Emotion-Plausible
GoEmo_test_0071,pair_51a,My only issue with private schooling is it discourages those with children in private schools from wanting money to go towards public education.,ANGER,Emotion-Obvious
GoEmo_test_0071,pair_51b,My only issue with private schooling is it discourages those with children in private schools from wanting money to go towards public education.,DISGUST,Emotion-Plausible
GoEmo_test_0071,pair_51c,My only issue with private schooling is it discourages those with children in private schools from wanting money to go towards public education.,FEAR,Emotion-Plausible
GoEmo_test_0071,pair_51d,My only issue with private schooling is it discourages those with children in private schools from wanting money to go towards public education.,SURPRISE,Emotion-Implausible
GoEmo_test_0071,pair_51e,My only issue with private schooling is it discourages those with children in private schools from wanting money to go towards public education.,NEUTRAL,Emotion-Implausible
GoEmo_test_0071,pair_51f,My only issue with private schooling is it discourages those with children in private schools from wanting money to go towards public education.,SADNESS,Emotion-Plausible
GoEmo_test_0071,pair_51g,My only issue with private schooling is it discourages those with children in private schools from wanting money to go towards public education.,JOY,Emotion-Implausible
GoEmo_test_0072,pair_52a,Boomers ruined the world,ANGER,Emotion-Obvious
GoEmo_test_0072,pair_52b,Boomers ruined the world,DISGUST,Emotion-Obvious
GoEmo_test_0072,pair_52c,Boomers ruined the world,FEAR,Emotion-Plausible
GoEmo_test_0072,pair_52d,Boomers ruined the world,SURPRISE,Emotion-Plausible
GoEmo_test_0072,pair_52e,Boomers ruined the world,NEUTRAL,Emotion-Implausible
GoEmo_test_0072,pair_52f,Boomers ruined the world,SADNESS,Emotion-Plausible
GoEmo_test_0072,pair_52g,Boomers ruined the world,JOY,Emotion-Plausible
GoEmo_test_0074,pair_53a,Lol looks delicious,ANGER,Emotion-Plausible
GoEmo_test_0074,pair_53b,Lol looks delicious,DISGUST,Emotion-Plausible
GoEmo_test_0074,pair_53c,Lol looks delicious,FEAR,Emotion-Implausible
GoEmo_test_0074,pair_53d,Lol looks delicious,SURPRISE,Emotion-Plausible
GoEmo_test_0074,pair_53e,Lol looks delicious,NEUTRAL,Emotion-Implausible
GoEmo_test_0074,pair_53f,Lol looks delicious,SADNESS,Emotion-Implausible
GoEmo_test_0074,pair_53g,Lol looks delicious,JOY,Emotion-Obvious
GoEmo_test_0075,pair_54a,"You gotta work on you dude!! If you're not confident you're not ready, get yourself straight And all will fall into place.",ANGER,Emotion-Plausible
GoEmo_test_0075,pair_54b,"You gotta work on you dude!! If you're not confident you're not ready, get yourself straight And all will fall into place.",DISGUST,Emotion-Implausible
GoEmo_test_0075,pair_54c,"You gotta work on you dude!! If you're not confident you're not ready, get yourself straight And all will fall into place.",FEAR,Emotion-Plausible
GoEmo_test_0075,pair_54d,"You gotta work on you dude!! If you're not confident you're not ready, get yourself straight And all will fall into place.",SURPRISE,Emotion-Implausible
GoEmo_test_0075,pair_54e,"You gotta work on you dude!! If you're not confident you're not ready, get yourself straight And all will fall into place.",NEUTRAL,Emotion-Obvious
GoEmo_test_0075,pair_54f,"You gotta work on you dude!! If you're not confident you're not ready, get yourself straight And all will fall into place.",SADNESS,Emotion-Plausible
GoEmo_test_0075,pair_54g,"You gotta work on you dude!! If you're not confident you're not ready, get yourself straight And all will fall into place.",JOY,Emotion-Plausible
GoEmo_test_0076,pair_55a,Man I hate double standards. I love the show but change the word ‘white’ to ‘black’ and it’s suddenly not funny anymore,ANGER,Emotion-Obvious
GoEmo_test_0076,pair_55b,Man I hate double standards. I love the show but change the word ‘white’ to ‘black’ and it’s suddenly not funny anymore,DISGUST,Emotion-Obvious
GoEmo_test_0076,pair_55c,Man I hate double standards. I love the show but change the word ‘white’ to ‘black’ and it’s suddenly not funny anymore,FEAR,Emotion-Plausible
GoEmo_test_0076,pair_55d,Man I hate double standards. I love the show but change the word ‘white’ to ‘black’ and it’s suddenly not funny anymore,SURPRISE,Emotion-Implausible
GoEmo_test_0076,pair_55e,Man I hate double standards. I love the show but change the word ‘white’ to ‘black’ and it’s suddenly not funny anymore,NEUTRAL,Emotion-Implausible
GoEmo_test_0076,pair_55f,Man I hate double standards. I love the show but change the word ‘white’ to ‘black’ and it’s suddenly not funny anymore,SADNESS,Emotion-Plausible
GoEmo_test_0076,pair_55g,Man I hate double standards. I love the show but change the word ‘white’ to ‘black’ and it’s suddenly not funny anymore,JOY,Emotion-Plausible
GoEmo_test_0077,pair_56a,Some great advice right here!!!!!! I forgot about this,ANGER,Emotion-Plausible
GoEmo_test_0077,pair_56b,Some great advice right here!!!!!! I forgot about this,DISGUST,Emotion-Plausible
GoEmo_test_0077,pair_56c,Some great advice right here!!!!!! I forgot about this,FEAR,Emotion-Implausible
GoEmo_test_0077,pair_56d,Some great advice right here!!!!!! I forgot about this,SURPRISE,Emotion-Obvious
GoEmo_test_0077,pair_56e,Some great advice right here!!!!!! I forgot about this,NEUTRAL,Emotion-Implausible
GoEmo_test_0077,pair_56f,Some great advice right here!!!!!! I forgot about this,SADNESS,Emotion-Plausible
GoEmo_test_0077,pair_56g,Some great advice right here!!!!!! I forgot about this,JOY,Emotion-Obvious
GoEmo_test_0078,pair_57a,death of fear is certain.,ANGER,Emotion-Plausible
GoEmo_test_0078,pair_57b,death of fear is certain.,DISGUST,Emotion-Plausible
GoEmo_test_0078,pair_57c,death of fear is certain.,FEAR,Emotion-Plausible
GoEmo_test_0078,pair_57d,death of fear is certain.,SURPRISE,Emotion-Implausible
GoEmo_test_0078,pair_57e,death of fear is certain.,NEUTRAL,Emotion-Plausible
GoEmo_test_0078,pair_57f,death of fear is certain.,SADNESS,Emotion-Plausible
GoEmo_test_0078,pair_57g,death of fear is certain.,JOY,Emotion-Plausible
GoEmo_test_0079,pair_58a,"I agree. His parents were very supportive then. When they did a cast change, they decided to make his parents jerks!",ANGER,Emotion-Obvious
GoEmo_test_0079,pair_58b,"I agree. His parents were very supportive then. When they did a cast change, they decided to make his parents jerks!",DISGUST,Emotion-Plausible
GoEmo_test_0079,pair_58c,"I agree. His parents were very supportive then. When they did a cast change, they decided to make his parents jerks!",FEAR,Emotion-Implausible
GoEmo_test_0079,pair_58d,"I agree. His parents were very supportive then. When they did a cast change, they decided to make his parents jerks!",SURPRISE,Emotion-Plausible
GoEmo_test_0079,pair_58e,"I agree. His parents were very supportive then. When they did a cast change, they decided to make his parents jerks!",NEUTRAL,Emotion-Implausible
GoEmo_test_0079,pair_58f,"I agree. His parents were very supportive then. When they did a cast change, they decided to make his parents jerks!",SADNESS,Emotion-Plausible
GoEmo_test_0079,pair_58g,"I agree. His parents were very supportive then. When they did a cast change, they decided to make his parents jerks!",JOY,Emotion-Implausible
GoEmo_test_0081,pair_59a,New Haven has tons of locations that have strong cyber punk-y vibes at night!,ANGER,Emotion-Plausible
GoEmo_test_0081,pair_59b,New Haven has tons of locations that have strong cyber punk-y vibes at night!,DISGUST,Emotion-Plausible
GoEmo_test_0081,pair_59c,New Haven has tons of locations that have strong cyber punk-y vibes at night!,FEAR,Emotion-Plausible
GoEmo_test_0081,pair_59d,New Haven has tons of locations that have strong cyber punk-y vibes at night!,SURPRISE,Emotion-Plausible
GoEmo_test_0081,pair_59e,New Haven has tons of locations that have strong cyber punk-y vibes at night!,NEUTRAL,Emotion-Plausible
GoEmo_test_0081,pair_59f,New Haven has tons of locations that have strong cyber punk-y vibes at night!,SADNESS,Emotion-Plausible
GoEmo_test_0081,pair_59g,New Haven has tons of locations that have strong cyber punk-y vibes at night!,JOY,Emotion-Obvious
GoEmo_test_0083,pair_60a,Thanks for the good news!,ANGER,Emotion-Plausible
GoEmo_test_0083,pair_60b,Thanks for the good news!,DISGUST,Emotion-Plausible
GoEmo_test_0083,pair_60c,Thanks for the good news!,FEAR,Emotion-Plausible
GoEmo_test_0083,pair_60d,Thanks for the good news!,SURPRISE,Emotion-Plausible
GoEmo_test_0083,pair_60e,Thanks for the good news!,NEUTRAL,Emotion-Plausible
GoEmo_test_0083,pair_60f,Thanks for the good news!,SADNESS,Emotion-Plausible
GoEmo_test_0083,pair_60g,Thanks for the good news!,JOY,Emotion-Obvious
GoEmo_test_0085,pair_61a,If there is no goal on this powerplay it will be difficult not to be hopeless,ANGER,Emotion-Plausible
GoEmo_test_0085,pair_61b,If there is no goal on this powerplay it will be difficult not to be hopeless,DISGUST,Emotion-Implausible
GoEmo_test_0085,pair_61c,If there is no goal on this powerplay it will be difficult not to be hopeless,FEAR,Emotion-Obvious
GoEmo_test_0085,pair_61d,If there is no goal on this powerplay it will be difficult not to be hopeless,SURPRISE,Emotion-Implausible
GoEmo_test_0085,pair_61e,If there is no goal on this powerplay it will be difficult not to be hopeless,NEUTRAL,Emotion-Implausible
GoEmo_test_0085,pair_61f,If there is no goal on this powerplay it will be difficult not to be hopeless,SADNESS,Emotion-Obvious
GoEmo_test_0085,pair_61g,If there is no goal on this powerplay it will be difficult not to be hopeless,JOY,Emotion-Plausible
GoEmo_test_0086,pair_62a,I'm not sure I have heard of this. Really interesting.,ANGER,Emotion-Plausible
GoEmo_test_0086,pair_62b,I'm not sure I have heard of this. Really interesting.,DISGUST,Emotion-Plausible
GoEmo_test_0086,pair_62c,I'm not sure I have heard of this. Really interesting.,FEAR,Emotion-Implausible
GoEmo_test_0086,pair_62d,I'm not sure I have heard of this. Really interesting.,SURPRISE,Emotion-Obvious
GoEmo_test_0086,pair_62e,I'm not sure I have heard of this. Really interesting.,NEUTRAL,Emotion-Implausible
GoEmo_test_0086,pair_62f,I'm not sure I have heard of this. Really interesting.,SADNESS,Emotion-Plausible
GoEmo_test_0086,pair_62g,I'm not sure I have heard of this. Really interesting.,JOY,Emotion-Obvious
GoEmo_test_0087,pair_63a,Not at all. I'm not going to argue with someone who doesn't understand what a strawman is.,ANGER,Emotion-Obvious
GoEmo_test_0087,pair_63b,Not at all. I'm not going to argue with someone who doesn't understand what a strawman is.,DISGUST,Emotion-Plausible
GoEmo_test_0087,pair_63c,Not at all. I'm not going to argue with someone who doesn't understand what a strawman is.,FEAR,Emotion-Implausible
GoEmo_test_0087,pair_63d,Not at all. I'm not going to argue with someone who doesn't understand what a strawman is.,SURPRISE,Emotion-Implausible
GoEmo_test_0087,pair_63e,Not at all. I'm not going to argue with someone who doesn't understand what a strawman is.,NEUTRAL,Emotion-Implausible
GoEmo_test_0087,pair_63f,Not at all. I'm not going to argue with someone who doesn't understand what a strawman is.,SADNESS,Emotion-Plausible
GoEmo_test_0087,pair_63g,Not at all. I'm not going to argue with someone who doesn't understand what a strawman is.,JOY,Emotion-Plausible
GoEmo_test_0088,pair_64a,I feel you mate,ANGER,Emotion-Plausible
GoEmo_test_0088,pair_64b,I feel you mate,DISGUST,Emotion-Plausible
GoEmo_test_0088,pair_64c,I feel you mate,FEAR,Emotion-Plausible
GoEmo_test_0088,pair_64d,I feel you mate,SURPRISE,Emotion-Plausible
GoEmo_test_0088,pair_64e,I feel you mate,NEUTRAL,Emotion-Implausible
GoEmo_test_0088,pair_64f,I feel you mate,SADNESS,Emotion-Plausible
GoEmo_test_0088,pair_64g,I feel you mate,JOY,Emotion-Plausible
GoEmo_test_0090,pair_65a,Thank you! I call on Monday to find out when I have court,ANGER,Emotion-Plausible
GoEmo_test_0090,pair_65b,Thank you! I call on Monday to find out when I have court,DISGUST,Emotion-Implausible
GoEmo_test_0090,pair_65c,Thank you! I call on Monday to find out when I have court,FEAR,Emotion-Plausible
GoEmo_test_0090,pair_65d,Thank you! I call on Monday to find out when I have court,SURPRISE,Emotion-Implausible
GoEmo_test_0090,pair_65e,Thank you! I call on Monday to find out when I have court,NEUTRAL,Emotion-Plausible
GoEmo_test_0090,pair_65f,Thank you! I call on Monday to find out when I have court,SADNESS,Emotion-Plausible
GoEmo_test_0090,pair_65g,Thank you! I call on Monday to find out when I have court,JOY,Emotion-Plausible
GoEmo_test_0092,pair_66a,Not really cringey. Its not really embarrassing for you i think people might just feel bad upon reading it.,ANGER,Emotion-Plausible
GoEmo_test_0092,pair_66b,Not really cringey. Its not really embarrassing for you i think people might just feel bad upon reading it.,DISGUST,Emotion-Plausible
GoEmo_test_0092,pair_66c,Not really cringey. Its not really embarrassing for you i think people might just feel bad upon reading it.,FEAR,Emotion-Implausible
GoEmo_test_0092,pair_66d,Not really cringey. Its not really embarrassing for you i think people might just feel bad upon reading it.,SURPRISE,Emotion-Implausible
GoEmo_test_0092,pair_66e,Not really cringey. Its not really embarrassing for you i think people might just feel bad upon reading it.,NEUTRAL,Emotion-Implausible
GoEmo_test_0092,pair_66f,Not really cringey. Its not really embarrassing for you i think people might just feel bad upon reading it.,SADNESS,Emotion-Obvious
GoEmo_test_0092,pair_66g,Not really cringey. Its not really embarrassing for you i think people might just feel bad upon reading it.,JOY,Emotion-Plausible
GoEmo_test_0093,pair_67a,Papa Johns in my area basically gives away their pizza. I can smell the desperation in the store,ANGER,Emotion-Plausible
GoEmo_test_0093,pair_67b,Papa Johns in my area basically gives away their pizza. I can smell the desperation in the store,DISGUST,Emotion-Obvious
GoEmo_test_0093,pair_67c,Papa Johns in my area basically gives away their pizza. I can smell the desperation in the store,FEAR,Emotion-Plausible
GoEmo_test_0093,pair_67d,Papa Johns in my area basically gives away their pizza. I can smell the desperation in the store,SURPRISE,Emotion-Plausible
GoEmo_test_0093,pair_67e,Papa Johns in my area basically gives away their pizza. I can smell the desperation in the store,NEUTRAL,Emotion-Implausible
GoEmo_test_0093,pair_67f,Papa Johns in my area basically gives away their pizza. I can smell the desperation in the store,SADNESS,Emotion-Plausible
GoEmo_test_0093,pair_67g,Papa Johns in my area basically gives away their pizza. I can smell the desperation in the store,JOY,Emotion-Plausible
GoEmo_test_0095,pair_68a,I thought this allegation was squashed when it came out. I was surprised to see it still making headlines. Poor guy.,ANGER,Emotion-Plausible
GoEmo_test_0095,pair_68b,I thought this allegation was squashed when it came out. I was surprised to see it still making headlines. Poor guy.,DISGUST,Emotion-Plausible
GoEmo_test_0095,pair_68c,I thought this allegation was squashed when it came out. I was surprised to see it still making headlines. Poor guy.,FEAR,Emotion-Plausible
GoEmo_test_0095,pair_68d,I thought this allegation was squashed when it came out. I was surprised to see it still making headlines. Poor guy.,SURPRISE,Emotion-Obvious
GoEmo_test_0095,pair_68e,I thought this allegation was squashed when it came out. I was surprised to see it still making headlines. Poor guy.,NEUTRAL,Emotion-Implausible
GoEmo_test_0095,pair_68f,I thought this allegation was squashed when it came out. I was surprised to see it still making headlines. Poor guy.,SADNESS,Emotion-Obvious
GoEmo_test_0095,pair_68g,I thought this allegation was squashed when it came out. I was surprised to see it still making headlines. Poor guy.,JOY,Emotion-Implausible
GoEmo_test_0097,pair_69a,Because of this bad situation some people are afraid of becoming youtubers because of this,ANGER,Emotion-Plausible
GoEmo_test_0097,pair_69b,Because of this bad situation some people are afraid of becoming youtubers because of this,DISGUST,Emotion-Plausible
GoEmo_test_0097,pair_69c,Because of this bad situation some people are afraid of becoming youtubers because of this,FEAR,Emotion-Plausible
GoEmo_test_0097,pair_69d,Because of this bad situation some people are afraid of becoming youtubers because of this,SURPRISE,Emotion-Plausible
GoEmo_test_0097,pair_69e,Because of this bad situation some people are afraid of becoming youtubers because of this,NEUTRAL,Emotion-Implausible
GoEmo_test_0097,pair_69f,Because of this bad situation some people are afraid of becoming youtubers because of this,SADNESS,Emotion-Plausible
GoEmo_test_0097,pair_69g,Because of this bad situation some people are afraid of becoming youtubers because of this,JOY,Emotion-Implausible
GoEmo_test_0098,pair_70a,That’s how you know they’re happy.,ANGER,Emotion-Plausible
GoEmo_test_0098,pair_70b,That’s how you know they’re happy.,DISGUST,Emotion-Plausible
GoEmo_test_0098,pair_70c,That’s how you know they’re happy.,FEAR,Emotion-Plausible
GoEmo_test_0098,pair_70d,That’s how you know they’re happy.,SURPRISE,Emotion-Plausible
GoEmo_test_0098,pair_70e,That’s how you know they’re happy.,NEUTRAL,Emotion-Plausible
GoEmo_test_0098,pair_70f,That’s how you know they’re happy.,SADNESS,Emotion-Plausible
GoEmo_test_0098,pair_70g,That’s how you know they’re happy.,JOY,Emotion-Obvious
GoEmo_test_0100,pair_71a,"I’m so proud of you for taking care of you and your babies, mama! We love you and stay strong.",ANGER,Emotion-Implausible
GoEmo_test_0100,pair_71b,"I’m so proud of you for taking care of you and your babies, mama! We love you and stay strong.",DISGUST,Emotion-Implausible
GoEmo_test_0100,pair_71c,"I’m so proud of you for taking care of you and your babies, mama! We love you and stay strong.",FEAR,Emotion-Implausible
GoEmo_test_0100,pair_71d,"I’m so proud of you for taking care of you and your babies, mama! We love you and stay strong.",SURPRISE,Emotion-Implausible
GoEmo_test_0100,pair_71e,"I’m so proud of you for taking care of you and your babies, mama! We love you and stay strong.",NEUTRAL,Emotion-Implausible
GoEmo_test_0100,pair_71f,"I’m so proud of you for taking care of you and your babies, mama! We love you and stay strong.",SADNESS,Emotion-Implausible
GoEmo_test_0100,pair_71g,"I’m so proud of you for taking care of you and your babies, mama! We love you and stay strong.",JOY,Emotion-Obvious
GoEmo_test_0104,pair_72a,Lovely places to buy from but very hard to get a good price as a seller because of their high rents (and bargaining expertise!),ANGER,Emotion-Plausible
GoEmo_test_0104,pair_72b,Lovely places to buy from but very hard to get a good price as a seller because of their high rents (and bargaining expertise!),DISGUST,Emotion-Implausible
GoEmo_test_0104,pair_72c,Lovely places to buy from but very hard to get a good price as a seller because of their high rents (and bargaining expertise!),FEAR,Emotion-Plausible
GoEmo_test_0104,pair_72d,Lovely places to buy from but very hard to get a good price as a seller because of their high rents (and bargaining expertise!),SURPRISE,Emotion-Implausible
GoEmo_test_0104,pair_72e,Lovely places to buy from but very hard to get a good price as a seller because of their high rents (and bargaining expertise!),NEUTRAL,Emotion-Plausible
GoEmo_test_0104,pair_72f,Lovely places to buy from but very hard to get a good price as a seller because of their high rents (and bargaining expertise!),SADNESS,Emotion-Obvious
GoEmo_test_0104,pair_72g,Lovely places to buy from but very hard to get a good price as a seller because of their high rents (and bargaining expertise!),JOY,Emotion-Plausible
GoEmo_test_0105,pair_73a,That's too many pills,ANGER,Emotion-Plausible
GoEmo_test_0105,pair_73b,That's too many pills,DISGUST,Emotion-Plausible
GoEmo_test_0105,pair_73c,That's too many pills,FEAR,Emotion-Plausible
GoEmo_test_0105,pair_73d,That's too many pills,SURPRISE,Emotion-Plausible
GoEmo_test_0105,pair_73e,That's too many pills,NEUTRAL,Emotion-Plausible
GoEmo_test_0105,pair_73f,That's too many pills,SADNESS,Emotion-Plausible
GoEmo_test_0105,pair_73g,That's too many pills,JOY,Emotion-Plausible
GoEmo_test_0106,pair_74a,it is actually called a mechanical bull,ANGER,Emotion-Plausible
GoEmo_test_0106,pair_74b,it is actually called a mechanical bull,DISGUST,Emotion-Plausible
GoEmo_test_0106,pair_74c,it is actually called a mechanical bull,FEAR,Emotion-Plausible
GoEmo_test_0106,pair_74d,it is actually called a mechanical bull,SURPRISE,Emotion-Plausible
GoEmo_test_0106,pair_74e,it is actually called a mechanical bull,NEUTRAL,Emotion-Obvious
GoEmo_test_0106,pair_74f,it is actually called a mechanical bull,SADNESS,Emotion-Plausible
GoEmo_test_0106,pair_74g,it is actually called a mechanical bull,JOY,Emotion-Plausible
GoEmo_test_0108,pair_75a,"Based on what I've seen, all the INFJ girls seem to be blue-haired damaged moonquacks that got abandoned by daddy.",ANGER,Emotion-Obvious
GoEmo_test_0108,pair_75b,"Based on what I've seen, all the INFJ girls seem to be blue-haired damaged moonquacks that got abandoned by daddy.",DISGUST,Emotion-Obvious
GoEmo_test_0108,pair_75c,"Based on what I've seen, all the INFJ girls seem to be blue-haired damaged moonquacks that got abandoned by daddy.",FEAR,Emotion-Implausible
GoEmo_test_0108,pair_75d,"Based on what I've seen, all the INFJ girls seem to be blue-haired damaged moonquacks that got abandoned by daddy.",SURPRISE,Emotion-Implausible
GoEmo_test_0108,pair_75e,"Based on what I've seen, all the INFJ girls seem to be blue-haired damaged moonquacks that got abandoned by daddy.",NEUTRAL,Emotion-Implausible
GoEmo_test_0108,pair_75f,"Based on what I've seen, all the INFJ girls seem to be blue-haired damaged moonquacks that got abandoned by daddy.",SADNESS,Emotion-Plausible
GoEmo_test_0108,pair_75g,"Based on what I've seen, all the INFJ girls seem to be blue-haired damaged moonquacks that got abandoned by daddy.",JOY,Emotion-Plausible
GoEmo_test_0110,pair_76a,You could still pay them... Just saying.,ANGER,Emotion-Plausible
GoEmo_test_0110,pair_76b,You could still pay them... Just saying.,DISGUST,Emotion-Plausible
GoEmo_test_0110,pair_76c,You could still pay them... Just saying.,FEAR,Emotion-Plausible
GoEmo_test_0110,pair_76d,You could still pay them... Just saying.,SURPRISE,Emotion-Plausible
GoEmo_test_0110,pair_76e,You could still pay them... Just saying.,NEUTRAL,Emotion-Plausible
GoEmo_test_0110,pair_76f,You could still pay them... Just saying.,SADNESS,Emotion-Plausible
GoEmo_test_0110,pair_76g,You could still pay them... Just saying.,JOY,Emotion-Plausible
GoEmo_test_0113,pair_77a,All the ladies can stay at my place.,ANGER,Emotion-Plausible
GoEmo_test_0113,pair_77b,All the ladies can stay at my place.,DISGUST,Emotion-Plausible
GoEmo_test_0113,pair_77c,All the ladies can stay at my place.,FEAR,Emotion-Plausible
GoEmo_test_0113,pair_77d,All the ladies can stay at my place.,SURPRISE,Emotion-Plausible
GoEmo_test_0113,pair_77e,All the ladies can stay at my place.,NEUTRAL,Emotion-Obvious
GoEmo_test_0113,pair_77f,All the ladies can stay at my place.,SADNESS,Emotion-Plausible
GoEmo_test_0113,pair_77g,All the ladies can stay at my place.,JOY,Emotion-Plausible
GoEmo_test_0114,pair_78a,"My girl has slowly been getting more and more into different [NAME] music, but she will always make it a point to play this track. I love it",ANGER,Emotion-Implausible
GoEmo_test_0114,pair_78b,"My girl has slowly been getting more and more into different [NAME] music, but she will always make it a point to play this track. I love it",DISGUST,Emotion-Implausible
GoEmo_test_0114,pair_78c,"My girl has slowly been getting more and more into different [NAME] music, but she will always make it a point to play this track. I love it",FEAR,Emotion-Implausible
GoEmo_test_0114,pair_78d,"My girl has slowly been getting more and more into different [NAME] music, but she will always make it a point to play this track. I love it",SURPRISE,Emotion-Implausible
GoEmo_test_0114,pair_78e,"My girl has slowly been getting more and more into different [NAME] music, but she will always make it a point to play this track. I love it",NEUTRAL,Emotion-Implausible
GoEmo_test_0114,pair_78f,"My girl has slowly been getting more and more into different [NAME] music, but she will always make it a point to play this track. I love it",SADNESS,Emotion-Implausible
GoEmo_test_0114,pair_78g,"My girl has slowly been getting more and more into different [NAME] music, but she will always make it a point to play this track. I love it",JOY,Emotion-Obvious
GoEmo_test_0116,pair_79a,You have a nice bro.,ANGER,Emotion-Plausible
GoEmo_test_0116,pair_79b,You have a nice bro.,DISGUST,Emotion-Implausible
GoEmo_test_0116,pair_79c,You have a nice bro.,FEAR,Emotion-Plausible
GoEmo_test_0116,pair_79d,You have a nice bro.,SURPRISE,Emotion-Plausible
GoEmo_test_0116,pair_79e,You have a nice bro.,NEUTRAL,Emotion-Plausible
GoEmo_test_0116,pair_79f,You have a nice bro.,SADNESS,Emotion-Plausible
GoEmo_test_0116,pair_79g,You have a nice bro.,JOY,Emotion-Plausible
GoEmo_test_0117,pair_80a,[NAME] ruled out due to injury. [NAME] starts. [NAME] to bench. Doubtful of a win now.,ANGER,Emotion-Plausible
GoEmo_test_0117,pair_80b,[NAME] ruled out due to injury. [NAME] starts. [NAME] to bench. Doubtful of a win now.,DISGUST,Emotion-Plausible
GoEmo_test_0117,pair_80c,[NAME] ruled out due to injury. [NAME] starts. [NAME] to bench. Doubtful of a win now.,FEAR,Emotion-Obvious
GoEmo_test_0117,pair_80d,[NAME] ruled out due to injury. [NAME] starts. [NAME] to bench. Doubtful of a win now.,SURPRISE,Emotion-Plausible
GoEmo_test_0117,pair_80e,[NAME] ruled out due to injury. [NAME] starts. [NAME] to bench. Doubtful of a win now.,NEUTRAL,Emotion-Implausible
GoEmo_test_0117,pair_80f,[NAME] ruled out due to injury. [NAME] starts. [NAME] to bench. Doubtful of a win now.,SADNESS,Emotion-Obvious
GoEmo_test_0117,pair_80g,[NAME] ruled out due to injury. [NAME] starts. [NAME] to bench. Doubtful of a win now.,JOY,Emotion-Plausible
GoEmo_test_0118,pair_81a,"I would hope the guy is genuine and honest, but in my circumstances, there's not much closure.",ANGER,Emotion-Plausible
GoEmo_test_0118,pair_81b,"I would hope the guy is genuine and honest, but in my circumstances, there's not much closure.",DISGUST,Emotion-Plausible
GoEmo_test_0118,pair_81c,"I would hope the guy is genuine and honest, but in my circumstances, there's not much closure.",FEAR,Emotion-Plausible
GoEmo_test_0118,pair_81d,"I would hope the guy is genuine and honest, but in my circumstances, there's not much closure.",SURPRISE,Emotion-Plausible
GoEmo_test_0118,pair_81e,"I would hope the guy is genuine and honest, but in my circumstances, there's not much closure.",NEUTRAL,Emotion-Implausible
GoEmo_test_0118,pair_81f,"I would hope the guy is genuine and honest, but in my circumstances, there's not much closure.",SADNESS,Emotion-Obvious
GoEmo_test_0118,pair_81g,"I would hope the guy is genuine and honest, but in my circumstances, there's not much closure.",JOY,Emotion-Implausible
GoEmo_test_0119,pair_82a,"Hi, [NAME]! I thought I would stop by and wish you a wonderful and prosperous year! Have a good one! -HappyFriendlyBot",ANGER,Emotion-Implausible
GoEmo_test_0119,pair_82b,"Hi, [NAME]! I thought I would stop by and wish you a wonderful and prosperous year! Have a good one! -HappyFriendlyBot",DISGUST,Emotion-Implausible
GoEmo_test_0119,pair_82c,"Hi, [NAME]! I thought I would stop by and wish you a wonderful and prosperous year! Have a good one! -HappyFriendlyBot",FEAR,Emotion-Implausible
GoEmo_test_0119,pair_82d,"Hi, [NAME]! I thought I would stop by and wish you a wonderful and prosperous year! Have a good one! -HappyFriendlyBot",SURPRISE,Emotion-Implausible
GoEmo_test_0119,pair_82e,"Hi, [NAME]! I thought I would stop by and wish you a wonderful and prosperous year! Have a good one! -HappyFriendlyBot",NEUTRAL,Emotion-Implausible
GoEmo_test_0119,pair_82f,"Hi, [NAME]! I thought I would stop by and wish you a wonderful and prosperous year! Have a good one! -HappyFriendlyBot",SADNESS,Emotion-Implausible
GoEmo_test_0119,pair_82g,"Hi, [NAME]! I thought I would stop by and wish you a wonderful and prosperous year! Have a good one! -HappyFriendlyBot",JOY,Emotion-Obvious
GoEmo_test_0120,pair_83a,Ghost them. It’ll drive them crazy and give you the satisfaction,ANGER,Emotion-Obvious
GoEmo_test_0120,pair_83b,Ghost them. It’ll drive them crazy and give you the satisfaction,DISGUST,Emotion-Implausible
GoEmo_test_0120,pair_83c,Ghost them. It’ll drive them crazy and give you the satisfaction,FEAR,Emotion-Implausible
GoEmo_test_0120,pair_83d,Ghost them. It’ll drive them crazy and give you the satisfaction,SURPRISE,Emotion-Implausible
GoEmo_test_0120,pair_83e,Ghost them. It’ll drive them crazy and give you the satisfaction,NEUTRAL,Emotion-Implausible
GoEmo_test_0120,pair_83f,Ghost them. It’ll drive them crazy and give you the satisfaction,SADNESS,Emotion-Implausible
GoEmo_test_0120,pair_83g,Ghost them. It’ll drive them crazy and give you the satisfaction,JOY,Emotion-Obvious
GoEmo_test_0121,pair_84a,"Wow, an [NAME] sighting",ANGER,Emotion-Plausible
GoEmo_test_0121,pair_84b,"Wow, an [NAME] sighting",DISGUST,Emotion-Plausible
GoEmo_test_0121,pair_84c,"Wow, an [NAME] sighting",FEAR,Emotion-Plausible
GoEmo_test_0121,pair_84d,"Wow, an [NAME] sighting",SURPRISE,Emotion-Obvious
GoEmo_test_0121,pair_84e,"Wow, an [NAME] sighting",NEUTRAL,Emotion-Implausible
GoEmo_test_0121,pair_84f,"Wow, an [NAME] sighting",SADNESS,Emotion-Plausible
GoEmo_test_0121,pair_84g,"Wow, an [NAME] sighting",JOY,Emotion-Obvious
GoEmo_test_0123,pair_85a,i love how the caption implies that the only unrealistic thing/ the only thing that gives away the photoshop is the sleeve lol,ANGER,Emotion-Plausible
GoEmo_test_0123,pair_85b,i love how the caption implies that the only unrealistic thing/ the only thing that gives away the photoshop is the sleeve lol,DISGUST,Emotion-Plausible
GoEmo_test_0123,pair_85c,i love how the caption implies that the only unrealistic thing/ the only thing that gives away the photoshop is the sleeve lol,FEAR,Emotion-Implausible
GoEmo_test_0123,pair_85d,i love how the caption implies that the only unrealistic thing/ the only thing that gives away the photoshop is the sleeve lol,SURPRISE,Emotion-Implausible
GoEmo_test_0123,pair_85e,i love how the caption implies that the only unrealistic thing/ the only thing that gives away the photoshop is the sleeve lol,NEUTRAL,Emotion-Implausible
GoEmo_test_0123,pair_85f,i love how the caption implies that the only unrealistic thing/ the only thing that gives away the photoshop is the sleeve lol,SADNESS,Emotion-Implausible
GoEmo_test_0123,pair_85g,i love how the caption implies that the only unrealistic thing/ the only thing that gives away the photoshop is the sleeve lol,JOY,Emotion-Obvious
GoEmo_test_0124,pair_86a,I agree with the concealer part for the cut crease but that's it.,ANGER,Emotion-Plausible
GoEmo_test_0124,pair_86b,I agree with the concealer part for the cut crease but that's it.,DISGUST,Emotion-Plausible
GoEmo_test_0124,pair_86c,I agree with the concealer part for the cut crease but that's it.,FEAR,Emotion-Plausible
GoEmo_test_0124,pair_86d,I agree with the concealer part for the cut crease but that's it.,SURPRISE,Emotion-Plausible
GoEmo_test_0124,pair_86e,I agree with the concealer part for the cut crease but that's it.,NEUTRAL,Emotion-Plausible
GoEmo_test_0124,pair_86f,I agree with the concealer part for the cut crease but that's it.,SADNESS,Emotion-Plausible
GoEmo_test_0124,pair_86g,I agree with the concealer part for the cut crease but that's it.,JOY,Emotion-Plausible
GoEmo_test_0125,pair_87a,Ha. Do you have evidence of his cheating? Send it to his family and don’t say another word.,ANGER,Emotion-Obvious
GoEmo_test_0125,pair_87b,Ha. Do you have evidence of his cheating? Send it to his family and don’t say another word.,DISGUST,Emotion-Plausible
GoEmo_test_0125,pair_87c,Ha. Do you have evidence of his cheating? Send it to his family and don’t say another word.,FEAR,Emotion-Implausible
GoEmo_test_0125,pair_87d,Ha. Do you have evidence of his cheating? Send it to his family and don’t say another word.,SURPRISE,Emotion-Implausible
GoEmo_test_0125,pair_87e,Ha. Do you have evidence of his cheating? Send it to his family and don’t say another word.,NEUTRAL,Emotion-Implausible
GoEmo_test_0125,pair_87f,Ha. Do you have evidence of his cheating? Send it to his family and don’t say another word.,SADNESS,Emotion-Plausible
GoEmo_test_0125,pair_87g,Ha. Do you have evidence of his cheating? Send it to his family and don’t say another word.,JOY,Emotion-Obvious
GoEmo_test_0127,pair_88a,[NAME] stopped napping at 18 months. We’ve been implementing quiet time since. It’s wondrous.,ANGER,Emotion-Implausible
GoEmo_test_0127,pair_88b,[NAME] stopped napping at 18 months. We’ve been implementing quiet time since. It’s wondrous.,DISGUST,Emotion-Implausible
GoEmo_test_0127,pair_88c,[NAME] stopped napping at 18 months. We’ve been implementing quiet time since. It’s wondrous.,FEAR,Emotion-Implausible
GoEmo_test_0127,pair_88d,[NAME] stopped napping at 18 months. We’ve been implementing quiet time since. It’s wondrous.,SURPRISE,Emotion-Plausible
GoEmo_test_0127,pair_88e,[NAME] stopped napping at 18 months. We’ve been implementing quiet time since. It’s wondrous.,NEUTRAL,Emotion-Implausible
GoEmo_test_0127,pair_88f,[NAME] stopped napping at 18 months. We’ve been implementing quiet time since. It’s wondrous.,SADNESS,Emotion-Implausible
GoEmo_test_0127,pair_88g,[NAME] stopped napping at 18 months. We’ve been implementing quiet time since. It’s wondrous.,JOY,Emotion-Obvious
GoEmo_test_0128,pair_89a,I don’t think that would be an issue with [NAME]. He doesn’t seem like work ethic is his problem,ANGER,Emotion-Plausible
GoEmo_test_0128,pair_89b,I don’t think that would be an issue with [NAME]. He doesn’t seem like work ethic is his problem,DISGUST,Emotion-Implausible
GoEmo_test_0128,pair_89c,I don’t think that would be an issue with [NAME]. He doesn’t seem like work ethic is his problem,FEAR,Emotion-Implausible
GoEmo_test_0128,pair_89d,I don’t think that would be an issue with [NAME]. He doesn’t seem like work ethic is his problem,SURPRISE,Emotion-Implausible
GoEmo_test_0128,pair_89e,I don’t think that would be an issue with [NAME]. He doesn’t seem like work ethic is his problem,NEUTRAL,Emotion-Obvious
GoEmo_test_0128,pair_89f,I don’t think that would be an issue with [NAME]. He doesn’t seem like work ethic is his problem,SADNESS,Emotion-Plausible
GoEmo_test_0128,pair_89g,I don’t think that would be an issue with [NAME]. He doesn’t seem like work ethic is his problem,JOY,Emotion-Plausible
GoEmo_test_0132,pair_90a,What happened to one of your star players?? i saw the headline 'freak injury' or someting like that.. but i was too scared to see someting gruesome..,ANGER,Emotion-Plausible
GoEmo_test_0132,pair_90b,What happened to one of your star players?? i saw the headline 'freak injury' or someting like that.. but i was too scared to see someting gruesome..,DISGUST,Emotion-Plausible
GoEmo_test_0132,pair_90c,What happened to one of your star players?? i saw the headline 'freak injury' or someting like that.. but i was too scared to see someting gruesome..,FEAR,Emotion-Obvious
GoEmo_test_0132,pair_90d,What happened to one of your star players?? i saw the headline 'freak injury' or someting like that.. but i was too scared to see someting gruesome..,SURPRISE,Emotion-Obvious
GoEmo_test_0132,pair_90e,What happened to one of your star players?? i saw the headline 'freak injury' or someting like that.. but i was too scared to see someting gruesome..,NEUTRAL,Emotion-Implausible
GoEmo_test_0132,pair_90f,What happened to one of your star players?? i saw the headline 'freak injury' or someting like that.. but i was too scared to see someting gruesome..,SADNESS,Emotion-Plausible
GoEmo_test_0132,pair_90g,What happened to one of your star players?? i saw the headline 'freak injury' or someting like that.. but i was too scared to see someting gruesome..,JOY,Emotion-Plausible
GoEmo_test_0134,pair_91a,I've found that carrying 21 chromosome's is the sweet spot,ANGER,Emotion-Plausible
GoEmo_test_0134,pair_91b,I've found that carrying 21 chromosome's is the sweet spot,DISGUST,Emotion-Plausible
GoEmo_test_0134,pair_91c,I've found that carrying 21 chromosome's is the sweet spot,FEAR,Emotion-Implausible
GoEmo_test_0134,pair_91d,I've found that carrying 21 chromosome's is the sweet spot,SURPRISE,Emotion-Implausible
GoEmo_test_0134,pair_91e,I've found that carrying 21 chromosome's is the sweet spot,NEUTRAL,Emotion-Implausible
GoEmo_test_0134,pair_91f,I've found that carrying 21 chromosome's is the sweet spot,SADNESS,Emotion-Implausible
GoEmo_test_0134,pair_91g,I've found that carrying 21 chromosome's is the sweet spot,JOY,Emotion-Obvious
GoEmo_test_0137,pair_92a,"Wow that’s scary, she’s so young and healthy. I hate that.",ANGER,Emotion-Plausible
GoEmo_test_0137,pair_92b,"Wow that’s scary, she’s so young and healthy. I hate that.",DISGUST,Emotion-Plausible
GoEmo_test_0137,pair_92c,"Wow that’s scary, she’s so young and healthy. I hate that.",FEAR,Emotion-Obvious
GoEmo_test_0137,pair_92d,"Wow that’s scary, she’s so young and healthy. I hate that.",SURPRISE,Emotion-Plausible
GoEmo_test_0137,pair_92e,"Wow that’s scary, she’s so young and healthy. I hate that.",NEUTRAL,Emotion-Implausible
GoEmo_test_0137,pair_92f,"Wow that’s scary, she’s so young and healthy. I hate that.",SADNESS,Emotion-Obvious
GoEmo_test_0137,pair_92g,"Wow that’s scary, she’s so young and healthy. I hate that.",JOY,Emotion-Implausible
GoEmo_test_0139,pair_93a,How dare you! Don’t you know seatbelts cause autism!,ANGER,Emotion-Obvious
GoEmo_test_0139,pair_93b,How dare you! Don’t you know seatbelts cause autism!,DISGUST,Emotion-Plausible
GoEmo_test_0139,pair_93c,How dare you! Don’t you know seatbelts cause autism!,FEAR,Emotion-Plausible
GoEmo_test_0139,pair_93d,How dare you! Don’t you know seatbelts cause autism!,SURPRISE,Emotion-Plausible
GoEmo_test_0139,pair_93e,How dare you! Don’t you know seatbelts cause autism!,NEUTRAL,Emotion-Implausible
GoEmo_test_0139,pair_93f,How dare you! Don’t you know seatbelts cause autism!,SADNESS,Emotion-Plausible
GoEmo_test_0139,pair_93g,How dare you! Don’t you know seatbelts cause autism!,JOY,Emotion-Plausible
GoEmo_test_0140,pair_94a,I just need a quiet place to hide.,ANGER,Emotion-Plausible
GoEmo_test_0140,pair_94b,I just need a quiet place to hide.,DISGUST,Emotion-Plausible
GoEmo_test_0140,pair_94c,I just need a quiet place to hide.,FEAR,Emotion-Obvious
GoEmo_test_0140,pair_94d,I just need a quiet place to hide.,SURPRISE,Emotion-Implausible
GoEmo_test_0140,pair_94e,I just need a quiet place to hide.,NEUTRAL,Emotion-Implausible
GoEmo_test_0140,pair_94f,I just need a quiet place to hide.,SADNESS,Emotion-Plausible
GoEmo_test_0140,pair_94g,I just need a quiet place to hide.,JOY,Emotion-Implausible
GoEmo_test_0141,pair_95a,i think people are just getting more and more fed up with playing against him,ANGER,Emotion-Plausible
GoEmo_test_0141,pair_95b,i think people are just getting more and more fed up with playing against him,DISGUST,Emotion-Plausible
GoEmo_test_0141,pair_95c,i think people are just getting more and more fed up with playing against him,FEAR,Emotion-Plausible
GoEmo_test_0141,pair_95d,i think people are just getting more and more fed up with playing against him,SURPRISE,Emotion-Implausible
GoEmo_test_0141,pair_95e,i think people are just getting more and more fed up with playing against him,NEUTRAL,Emotion-Implausible
GoEmo_test_0141,pair_95f,i think people are just getting more and more fed up with playing against him,SADNESS,Emotion-Plausible
GoEmo_test_0141,pair_95g,i think people are just getting more and more fed up with playing against him,JOY,Emotion-Plausible
GoEmo_test_0142,pair_96a,Only bet on games you like. Sometimes go a couple days without action. Betting just for the sake of staking something is never smart.,ANGER,Emotion-Plausible
GoEmo_test_0142,pair_96b,Only bet on games you like. Sometimes go a couple days without action. Betting just for the sake of staking something is never smart.,DISGUST,Emotion-Plausible
GoEmo_test_0142,pair_96c,Only bet on games you like. Sometimes go a couple days without action. Betting just for the sake of staking something is never smart.,FEAR,Emotion-Plausible
GoEmo_test_0142,pair_96d,Only bet on games you like. Sometimes go a couple days without action. Betting just for the sake of staking something is never smart.,SURPRISE,Emotion-Implausible
GoEmo_test_0142,pair_96e,Only bet on games you like. Sometimes go a couple days without action. Betting just for the sake of staking something is never smart.,NEUTRAL,Emotion-Obvious
GoEmo_test_0142,pair_96f,Only bet on games you like. Sometimes go a couple days without action. Betting just for the sake of staking something is never smart.,SADNESS,Emotion-Implausible
GoEmo_test_0142,pair_96g,Only bet on games you like. Sometimes go a couple days without action. Betting just for the sake of staking something is never smart.,JOY,Emotion-Implausible
GoEmo_test_0144,pair_97a,"Ok, fair enough. From your original post, it wasn't really clear that you looked at sources other than YouTube.",ANGER,Emotion-Plausible
GoEmo_test_0144,pair_97b,"Ok, fair enough. From your original post, it wasn't really clear that you looked at sources other than YouTube.",DISGUST,Emotion-Implausible
GoEmo_test_0144,pair_97c,"Ok, fair enough. From your original post, it wasn't really clear that you looked at sources other than YouTube.",FEAR,Emotion-Implausible
GoEmo_test_0144,pair_97d,"Ok, fair enough. From your original post, it wasn't really clear that you looked at sources other than YouTube.",SURPRISE,Emotion-Implausible
GoEmo_test_0144,pair_97e,"Ok, fair enough. From your original post, it wasn't really clear that you looked at sources other than YouTube.",NEUTRAL,Emotion-Obvious
GoEmo_test_0144,pair_97f,"Ok, fair enough. From your original post, it wasn't really clear that you looked at sources other than YouTube.",SADNESS,Emotion-Implausible
GoEmo_test_0144,pair_97g,"Ok, fair enough. From your original post, it wasn't really clear that you looked at sources other than YouTube.",JOY,Emotion-Implausible
GoEmo_test_0145,pair_98a,"Exactly, but I guess I've gotten used to people forgetting the club exists haha",ANGER,Emotion-Plausible
GoEmo_test_0145,pair_98b,"Exactly, but I guess I've gotten used to people forgetting the club exists haha",DISGUST,Emotion-Implausible
GoEmo_test_0145,pair_98c,"Exactly, but I guess I've gotten used to people forgetting the club exists haha",FEAR,Emotion-Implausible
GoEmo_test_0145,pair_98d,"Exactly, but I guess I've gotten used to people forgetting the club exists haha",SURPRISE,Emotion-Implausible
GoEmo_test_0145,pair_98e,"Exactly, but I guess I've gotten used to people forgetting the club exists haha",NEUTRAL,Emotion-Implausible
GoEmo_test_0145,pair_98f,"Exactly, but I guess I've gotten used to people forgetting the club exists haha",SADNESS,Emotion-Plausible
GoEmo_test_0145,pair_98g,"Exactly, but I guess I've gotten used to people forgetting the club exists haha",JOY,Emotion-Plausible
GoEmo_test_0147,pair_99a,I’m glad you had a great time here! Wishing you safe travels!,ANGER,Emotion-Plausible
GoEmo_test_0147,pair_99b,I’m glad you had a great time here! Wishing you safe travels!,DISGUST,Emotion-Plausible
GoEmo_test_0147,pair_99c,I’m glad you had a great time here! Wishing you safe travels!,FEAR,Emotion-Implausible
GoEmo_test_0147,pair_99d,I’m glad you had a great time here! Wishing you safe travels!,SURPRISE,Emotion-Plausible
GoEmo_test_0147,pair_99e,I’m glad you had a great time here! Wishing you safe travels!,NEUTRAL,Emotion-Implausible
GoEmo_test_0147,pair_99f,I’m glad you had a great time here! Wishing you safe travels!,SADNESS,Emotion-Plausible
GoEmo_test_0147,pair_99g,I’m glad you had a great time here! Wishing you safe travels!,JOY,Emotion-Obvious
GoEmo_test_0148,pair_100a,"Did they really have overhead projectors in the late 00s/early 10s? If so, how underfunded was your school?",ANGER,Emotion-Obvious
GoEmo_test_0148,pair_100b,"Did they really have overhead projectors in the late 00s/early 10s? If so, how underfunded was your school?",DISGUST,Emotion-Plausible
GoEmo_test_0148,pair_100c,"Did they really have overhead projectors in the late 00s/early 10s? If so, how underfunded was your school?",FEAR,Emotion-Implausible
GoEmo_test_0148,pair_100d,"Did they really have overhead projectors in the late 00s/early 10s? If so, how underfunded was your school?",SURPRISE,Emotion-Obvious
GoEmo_test_0148,pair_100e,"Did they really have overhead projectors in the late 00s/early 10s? If so, how underfunded was your school?",NEUTRAL,Emotion-Implausible
GoEmo_test_0148,pair_100f,"Did they really have overhead projectors in the late 00s/early 10s? If so, how underfunded was your school?",SADNESS,Emotion-Plausible
GoEmo_test_0148,pair_100g,"Did they really have overhead projectors in the late 00s/early 10s? If so, how underfunded was your school?",JOY,Emotion-Plausible
GoEmo_test_0149,pair_101a,"Just rumors online, it most likely won't happen",ANGER,Emotion-Plausible
GoEmo_test_0149,pair_101b,"Just rumors online, it most likely won't happen",DISGUST,Emotion-Implausible
GoEmo_test_0149,pair_101c,"Just rumors online, it most likely won't happen",FEAR,Emotion-Plausible
GoEmo_test_0149,pair_101d,"Just rumors online, it most likely won't happen",SURPRISE,Emotion-Implausible
GoEmo_test_0149,pair_101e,"Just rumors online, it most likely won't happen",NEUTRAL,Emotion-Plausible
GoEmo_test_0149,pair_101f,"Just rumors online, it most likely won't happen",SADNESS,Emotion-Plausible
GoEmo_test_0149,pair_101g,"Just rumors online, it most likely won't happen",JOY,Emotion-Plausible
GoEmo_test_0150,pair_102a,"Don't say ""no comment"". Say ""I would like to talk with an attorney before talking with you.""",ANGER,Emotion-Plausible
GoEmo_test_0150,pair_102b,"Don't say ""no comment"". Say ""I would like to talk with an attorney before talking with you.""",DISGUST,Emotion-Implausible
GoEmo_test_0150,pair_102c,"Don't say ""no comment"". Say ""I would like to talk with an attorney before talking with you.""",FEAR,Emotion-Plausible
GoEmo_test_0150,pair_102d,"Don't say ""no comment"". Say ""I would like to talk with an attorney before talking with you.""",SURPRISE,Emotion-Implausible
GoEmo_test_0150,pair_102e,"Don't say ""no comment"". Say ""I would like to talk with an attorney before talking with you.""",NEUTRAL,Emotion-Obvious
GoEmo_test_0150,pair_102f,"Don't say ""no comment"". Say ""I would like to talk with an attorney before talking with you.""",SADNESS,Emotion-Implausible
GoEmo_test_0150,pair_102g,"Don't say ""no comment"". Say ""I would like to talk with an attorney before talking with you.""",JOY,Emotion-Implausible
GoEmo_test_0151,pair_103a,What? A [NAME] supporter purposefully misrepresenting the facts? You don't say.,ANGER,Emotion-Obvious
GoEmo_test_0151,pair_103b,What? A [NAME] supporter purposefully misrepresenting the facts? You don't say.,DISGUST,Emotion-Plausible
GoEmo_test_0151,pair_103c,What? A [NAME] supporter purposefully misrepresenting the facts? You don't say.,FEAR,Emotion-Implausible
GoEmo_test_0151,pair_103d,What? A [NAME] supporter purposefully misrepresenting the facts? You don't say.,SURPRISE,Emotion-Obvious
GoEmo_test_0151,pair_103e,What? A [NAME] supporter purposefully misrepresenting the facts? You don't say.,NEUTRAL,Emotion-Implausible
GoEmo_test_0151,pair_103f,What? A [NAME] supporter purposefully misrepresenting the facts? You don't say.,SADNESS,Emotion-Plausible
GoEmo_test_0151,pair_103g,What? A [NAME] supporter purposefully misrepresenting the facts? You don't say.,JOY,Emotion-Implausible
GoEmo_test_0152,pair_104a,My dog is less uglier than this.,ANGER,Emotion-Plausible
GoEmo_test_0152,pair_104b,My dog is less uglier than this.,DISGUST,Emotion-Obvious
GoEmo_test_0152,pair_104c,My dog is less uglier than this.,FEAR,Emotion-Plausible
GoEmo_test_0152,pair_104d,My dog is less uglier than this.,SURPRISE,Emotion-Plausible
GoEmo_test_0152,pair_104e,My dog is less uglier than this.,NEUTRAL,Emotion-Implausible
GoEmo_test_0152,pair_104f,My dog is less uglier than this.,SADNESS,Emotion-Implausible
GoEmo_test_0152,pair_104g,My dog is less uglier than this.,JOY,Emotion-Plausible
GoEmo_test_0153,pair_105a,Must be why I'm alive. That sucks.,ANGER,Emotion-Plausible
GoEmo_test_0153,pair_105b,Must be why I'm alive. That sucks.,DISGUST,Emotion-Plausible
GoEmo_test_0153,pair_105c,Must be why I'm alive. That sucks.,FEAR,Emotion-Implausible
GoEmo_test_0153,pair_105d,Must be why I'm alive. That sucks.,SURPRISE,Emotion-Implausible
GoEmo_test_0153,pair_105e,Must be why I'm alive. That sucks.,NEUTRAL,Emotion-Implausible
GoEmo_test_0153,pair_105f,Must be why I'm alive. That sucks.,SADNESS,Emotion-Obvious
GoEmo_test_0153,pair_105g,Must be why I'm alive. That sucks.,JOY,Emotion-Implausible
GoEmo_test_0154,pair_106a,I was teased for being a virgin when I was a 6th grader- in 2005,ANGER,Emotion-Obvious
GoEmo_test_0154,pair_106b,I was teased for being a virgin when I was a 6th grader- in 2005,DISGUST,Emotion-Plausible
GoEmo_test_0154,pair_106c,I was teased for being a virgin when I was a 6th grader- in 2005,FEAR,Emotion-Implausible
GoEmo_test_0154,pair_106d,I was teased for being a virgin when I was a 6th grader- in 2005,SURPRISE,Emotion-Implausible
GoEmo_test_0154,pair_106e,I was teased for being a virgin when I was a 6th grader- in 2005,NEUTRAL,Emotion-Implausible
GoEmo_test_0154,pair_106f,I was teased for being a virgin when I was a 6th grader- in 2005,SADNESS,Emotion-Obvious
GoEmo_test_0154,pair_106g,I was teased for being a virgin when I was a 6th grader- in 2005,JOY,Emotion-Implausible
GoEmo_test_0155,pair_107a,"I love that quote, thank you",ANGER,Emotion-Implausible
GoEmo_test_0155,pair_107b,"I love that quote, thank you",DISGUST,Emotion-Plausible
GoEmo_test_0155,pair_107c,"I love that quote, thank you",FEAR,Emotion-Implausible
GoEmo_test_0155,pair_107d,"I love that quote, thank you",SURPRISE,Emotion-Implausible
GoEmo_test_0155,pair_107e,"I love that quote, thank you",NEUTRAL,Emotion-Implausible
GoEmo_test_0155,pair_107f,"I love that quote, thank you",SADNESS,Emotion-Implausible
GoEmo_test_0155,pair_107g,"I love that quote, thank you",JOY,Emotion-Obvious
GoEmo_test_0160,pair_108a,helpful quad helped him to his feet!,ANGER,Emotion-Implausible
GoEmo_test_0160,pair_108b,helpful quad helped him to his feet!,DISGUST,Emotion-Implausible
GoEmo_test_0160,pair_108c,helpful quad helped him to his feet!,FEAR,Emotion-Implausible
GoEmo_test_0160,pair_108d,helpful quad helped him to his feet!,SURPRISE,Emotion-Plausible
GoEmo_test_0160,pair_108e,helpful quad helped him to his feet!,NEUTRAL,Emotion-Implausible
GoEmo_test_0160,pair_108f,helpful quad helped him to his feet!,SADNESS,Emotion-Plausible
GoEmo_test_0160,pair_108g,helpful quad helped him to his feet!,JOY,Emotion-Obvious
GoEmo_test_0161,pair_109a,Me too buddy,ANGER,Emotion-Plausible
GoEmo_test_0161,pair_109b,Me too buddy,DISGUST,Emotion-Plausible
GoEmo_test_0161,pair_109c,Me too buddy,FEAR,Emotion-Plausible
GoEmo_test_0161,pair_109d,Me too buddy,SURPRISE,Emotion-Plausible
GoEmo_test_0161,pair_109e,Me too buddy,NEUTRAL,Emotion-Plausible
GoEmo_test_0161,pair_109f,Me too buddy,SADNESS,Emotion-Plausible
GoEmo_test_0161,pair_109g,Me too buddy,JOY,Emotion-Plausible
GoEmo_test_0164,pair_110a,I have a bad feeling I’m gonna regret not tuning into this,ANGER,Emotion-Plausible
GoEmo_test_0164,pair_110b,I have a bad feeling I’m gonna regret not tuning into this,DISGUST,Emotion-Implausible
GoEmo_test_0164,pair_110c,I have a bad feeling I’m gonna regret not tuning into this,FEAR,Emotion-Obvious
GoEmo_test_0164,pair_110d,I have a bad feeling I’m gonna regret not tuning into this,SURPRISE,Emotion-Implausible
GoEmo_test_0164,pair_110e,I have a bad feeling I’m gonna regret not tuning into this,NEUTRAL,Emotion-Implausible
GoEmo_test_0164,pair_110f,I have a bad feeling I’m gonna regret not tuning into this,SADNESS,Emotion-Plausible
GoEmo_test_0164,pair_110g,I have a bad feeling I’m gonna regret not tuning into this,JOY,Emotion-Implausible
GoEmo_test_0165,pair_111a,How was the problem resolved??? Having the same issue????,ANGER,Emotion-Plausible
GoEmo_test_0165,pair_111b,How was the problem resolved??? Having the same issue????,DISGUST,Emotion-Implausible
GoEmo_test_0165,pair_111c,How was the problem resolved??? Having the same issue????,FEAR,Emotion-Plausible
GoEmo_test_0165,pair_111d,How was the problem resolved??? Having the same issue????,SURPRISE,Emotion-Plausible
GoEmo_test_0165,pair_111e,How was the problem resolved??? Having the same issue????,NEUTRAL,Emotion-Implausible
GoEmo_test_0165,pair_111f,How was the problem resolved??? Having the same issue????,SADNESS,Emotion-Plausible
GoEmo_test_0165,pair_111g,How was the problem resolved??? Having the same issue????,JOY,Emotion-Implausible
GoEmo_test_0167,pair_112a,Does that work for the WSJ? I haven’t read an article from there in a year.,ANGER,Emotion-Plausible
GoEmo_test_0167,pair_112b,Does that work for the WSJ? I haven’t read an article from there in a year.,DISGUST,Emotion-Implausible
GoEmo_test_0167,pair_112c,Does that work for the WSJ? I haven’t read an article from there in a year.,FEAR,Emotion-Plausible
GoEmo_test_0167,pair_112d,Does that work for the WSJ? I haven’t read an article from there in a year.,SURPRISE,Emotion-Plausible
GoEmo_test_0167,pair_112e,Does that work for the WSJ? I haven’t read an article from there in a year.,NEUTRAL,Emotion-Plausible
GoEmo_test_0167,pair_112f,Does that work for the WSJ? I haven’t read an article from there in a year.,SADNESS,Emotion-Plausible
GoEmo_test_0167,pair_112g,Does that work for the WSJ? I haven’t read an article from there in a year.,JOY,Emotion-Plausible
GoEmo_test_0168,pair_113a,I can't watch Isco rotting on the bench and LV playing instead.,ANGER,Emotion-Obvious
GoEmo_test_0168,pair_113b,I can't watch Isco rotting on the bench and LV playing instead.,DISGUST,Emotion-Plausible
GoEmo_test_0168,pair_113c,I can't watch Isco rotting on the bench and LV playing instead.,FEAR,Emotion-Plausible
GoEmo_test_0168,pair_113d,I can't watch Isco rotting on the bench and LV playing instead.,SURPRISE,Emotion-Implausible
GoEmo_test_0168,pair_113e,I can't watch Isco rotting on the bench and LV playing instead.,NEUTRAL,Emotion-Implausible
GoEmo_test_0168,pair_113f,I can't watch Isco rotting on the bench and LV playing instead.,SADNESS,Emotion-Obvious
GoEmo_test_0168,pair_113g,I can't watch Isco rotting on the bench and LV playing instead.,JOY,Emotion-Implausible
GoEmo_test_0170,pair_114a,"$15 a month for a music service is more than Netflix. Thank u, next!",ANGER,Emotion-Obvious
GoEmo_test_0170,pair_114b,"$15 a month for a music service is more than Netflix. Thank u, next!",DISGUST,Emotion-Plausible
GoEmo_test_0170,pair_114c,"$15 a month for a music service is more than Netflix. Thank u, next!",FEAR,Emotion-Plausible
GoEmo_test_0170,pair_114d,"$15 a month for a music service is more than Netflix. Thank u, next!",SURPRISE,Emotion-Obvious
GoEmo_test_0170,pair_114e,"$15 a month for a music service is more than Netflix. Thank u, next!",NEUTRAL,Emotion-Plausible
GoEmo_test_0170,pair_114f,"$15 a month for a music service is more than Netflix. Thank u, next!",SADNESS,Emotion-Plausible
GoEmo_test_0170,pair_114g,"$15 a month for a music service is more than Netflix. Thank u, next!",JOY,Emotion-Plausible
GoEmo_test_0171,pair_115a,The goodnight sir cracks me up every time,ANGER,Emotion-Implausible
GoEmo_test_0171,pair_115b,The goodnight sir cracks me up every time,DISGUST,Emotion-Implausible
GoEmo_test_0171,pair_115c,The goodnight sir cracks me up every time,FEAR,Emotion-Implausible
GoEmo_test_0171,pair_115d,The goodnight sir cracks me up every time,SURPRISE,Emotion-Implausible
GoEmo_test_0171,pair_115e,The goodnight sir cracks me up every time,NEUTRAL,Emotion-Implausible
GoEmo_test_0171,pair_115f,The goodnight sir cracks me up every time,SADNESS,Emotion-Implausible
GoEmo_test_0171,pair_115g,The goodnight sir cracks me up every time,JOY,Emotion-Obvious
GoEmo_test_0172,pair_116a,Well what would make us special? He's vouching for his friend.,ANGER,Emotion-Obvious
GoEmo_test_0172,pair_116b,Well what would make us special? He's vouching for his friend.,DISGUST,Emotion-Plausible
GoEmo_test_0172,pair_116c,Well what would make us special? He's vouching for his friend.,FEAR,Emotion-Implausible
GoEmo_test_0172,pair_116d,Well what would make us special? He's vouching for his friend.,SURPRISE,Emotion-Plausible
GoEmo_test_0172,pair_116e,Well what would make us special? He's vouching for his friend.,NEUTRAL,Emotion-Implausible
GoEmo_test_0172,pair_116f,Well what would make us special? He's vouching for his friend.,SADNESS,Emotion-Plausible
GoEmo_test_0172,pair_116g,Well what would make us special? He's vouching for his friend.,JOY,Emotion-Implausible
GoEmo_test_0173,pair_117a,"The original is funnier... or at least it's funny, to begin with.",ANGER,Emotion-Plausible
GoEmo_test_0173,pair_117b,"The original is funnier... or at least it's funny, to begin with.",DISGUST,Emotion-Implausible
GoEmo_test_0173,pair_117c,"The original is funnier... or at least it's funny, to begin with.",FEAR,Emotion-Implausible
GoEmo_test_0173,pair_117d,"The original is funnier... or at least it's funny, to begin with.",SURPRISE,Emotion-Implausible
GoEmo_test_0173,pair_117e,"The original is funnier... or at least it's funny, to begin with.",NEUTRAL,Emotion-Implausible
GoEmo_test_0173,pair_117f,"The original is funnier... or at least it's funny, to begin with.",SADNESS,Emotion-Plausible
GoEmo_test_0173,pair_117g,"The original is funnier... or at least it's funny, to begin with.",JOY,Emotion-Obvious
GoEmo_test_0174,pair_118a,Wow what a disappointing game. Wish we would have showed up,ANGER,Emotion-Obvious
GoEmo_test_0174,pair_118b,Wow what a disappointing game. Wish we would have showed up,DISGUST,Emotion-Plausible
GoEmo_test_0174,pair_118c,Wow what a disappointing game. Wish we would have showed up,FEAR,Emotion-Implausible
GoEmo_test_0174,pair_118d,Wow what a disappointing game. Wish we would have showed up,SURPRISE,Emotion-Plausible
GoEmo_test_0174,pair_118e,Wow what a disappointing game. Wish we would have showed up,NEUTRAL,Emotion-Implausible
GoEmo_test_0174,pair_118f,Wow what a disappointing game. Wish we would have showed up,SADNESS,Emotion-Obvious
GoEmo_test_0174,pair_118g,Wow what a disappointing game. Wish we would have showed up,JOY,Emotion-Implausible
GoEmo_test_0175,pair_119a,Point proven. Thanks,ANGER,Emotion-Plausible
GoEmo_test_0175,pair_119b,Point proven. Thanks,DISGUST,Emotion-Plausible
GoEmo_test_0175,pair_119c,Point proven. Thanks,FEAR,Emotion-Plausible
GoEmo_test_0175,pair_119d,Point proven. Thanks,SURPRISE,Emotion-Implausible
GoEmo_test_0175,pair_119e,Point proven. Thanks,NEUTRAL,Emotion-Obvious
GoEmo_test_0175,pair_119f,Point proven. Thanks,SADNESS,Emotion-Plausible
GoEmo_test_0175,pair_119g,Point proven. Thanks,JOY,Emotion-Plausible
GoEmo_test_0176,pair_120a,"That’s normal for girls, lol.",ANGER,Emotion-Plausible
GoEmo_test_0176,pair_120b,"That’s normal for girls, lol.",DISGUST,Emotion-Plausible
GoEmo_test_0176,pair_120c,"That’s normal for girls, lol.",FEAR,Emotion-Implausible
GoEmo_test_0176,pair_120d,"That’s normal for girls, lol.",SURPRISE,Emotion-Plausible
GoEmo_test_0176,pair_120e,"That’s normal for girls, lol.",NEUTRAL,Emotion-Implausible
GoEmo_test_0176,pair_120f,"That’s normal for girls, lol.",SADNESS,Emotion-Plausible
GoEmo_test_0176,pair_120g,"That’s normal for girls, lol.",JOY,Emotion-Plausible
GoEmo_test_0177,pair_121a,"Wife just had our baby, and this story freaked me out. I can't imagine going through something like that.",ANGER,Emotion-Implausible
GoEmo_test_0177,pair_121b,"Wife just had our baby, and this story freaked me out. I can't imagine going through something like that.",DISGUST,Emotion-Plausible
GoEmo_test_0177,pair_121c,"Wife just had our baby, and this story freaked me out. I can't imagine going through something like that.",FEAR,Emotion-Obvious
GoEmo_test_0177,pair_121d,"Wife just had our baby, and this story freaked me out. I can't imagine going through something like that.",SURPRISE,Emotion-Obvious
GoEmo_test_0177,pair_121e,"Wife just had our baby, and this story freaked me out. I can't imagine going through something like that.",NEUTRAL,Emotion-Implausible
GoEmo_test_0177,pair_121f,"Wife just had our baby, and this story freaked me out. I can't imagine going through something like that.",SADNESS,Emotion-Plausible
GoEmo_test_0177,pair_121g,"Wife just had our baby, and this story freaked me out. I can't imagine going through something like that.",JOY,Emotion-Implausible
GoEmo_test_0179,pair_122a,Proud of you.,ANGER,Emotion-Plausible
GoEmo_test_0179,pair_122b,Proud of you.,DISGUST,Emotion-Plausible
GoEmo_test_0179,pair_122c,Proud of you.,FEAR,Emotion-Implausible
GoEmo_test_0179,pair_122d,Proud of you.,SURPRISE,Emotion-Plausible
GoEmo_test_0179,pair_122e,Proud of you.,NEUTRAL,Emotion-Implausible
GoEmo_test_0179,pair_122f,Proud of you.,SADNESS,Emotion-Plausible
GoEmo_test_0179,pair_122g,Proud of you.,JOY,Emotion-Obvious
GoEmo_test_0181,pair_123a,"No, what’s sad is saying the same message like it’s news. He’s a copy paste machine. No original thought.",ANGER,Emotion-Obvious
GoEmo_test_0181,pair_123b,"No, what’s sad is saying the same message like it’s news. He’s a copy paste machine. No original thought.",DISGUST,Emotion-Obvious
GoEmo_test_0181,pair_123c,"No, what’s sad is saying the same message like it’s news. He’s a copy paste machine. No original thought.",FEAR,Emotion-Implausible
GoEmo_test_0181,pair_123d,"No, what’s sad is saying the same message like it’s news. He’s a copy paste machine. No original thought.",SURPRISE,Emotion-Implausible
GoEmo_test_0181,pair_123e,"No, what’s sad is saying the same message like it’s news. He’s a copy paste machine. No original thought.",NEUTRAL,Emotion-Implausible
GoEmo_test_0181,pair_123f,"No, what’s sad is saying the same message like it’s news. He’s a copy paste machine. No original thought.",SADNESS,Emotion-Obvious
GoEmo_test_0181,pair_123g,"No, what’s sad is saying the same message like it’s news. He’s a copy paste machine. No original thought.",JOY,Emotion-Implausible
GoEmo_test_0183,pair_124a,"And [NAME], would again like to apologize for any misunderstanding.",ANGER,Emotion-Plausible
GoEmo_test_0183,pair_124b,"And [NAME], would again like to apologize for any misunderstanding.",DISGUST,Emotion-Plausible
GoEmo_test_0183,pair_124c,"And [NAME], would again like to apologize for any misunderstanding.",FEAR,Emotion-Plausible
GoEmo_test_0183,pair_124d,"And [NAME], would again like to apologize for any misunderstanding.",SURPRISE,Emotion-Plausible
GoEmo_test_0183,pair_124e,"And [NAME], would again like to apologize for any misunderstanding.",NEUTRAL,Emotion-Obvious
GoEmo_test_0183,pair_124f,"And [NAME], would again like to apologize for any misunderstanding.",SADNESS,Emotion-Plausible
GoEmo_test_0183,pair_124g,"And [NAME], would again like to apologize for any misunderstanding.",JOY,Emotion-Plausible
GoEmo_test_0185,pair_125a,My dad also told me the car went underwater the first time we went to the Eastern Shore and I completely forgot about it until I read this comment.,ANGER,Emotion-Implausible
GoEmo_test_0185,pair_125b,My dad also told me the car went underwater the first time we went to the Eastern Shore and I completely forgot about it until I read this comment.,DISGUST,Emotion-Implausible
GoEmo_test_0185,pair_125c,My dad also told me the car went underwater the first time we went to the Eastern Shore and I completely forgot about it until I read this comment.,FEAR,Emotion-Plausible
GoEmo_test_0185,pair_125d,My dad also told me the car went underwater the first time we went to the Eastern Shore and I completely forgot about it until I read this comment.,SURPRISE,Emotion-Plausible
GoEmo_test_0185,pair_125e,My dad also told me the car went underwater the first time we went to the Eastern Shore and I completely forgot about it until I read this comment.,NEUTRAL,Emotion-Obvious
GoEmo_test_0185,pair_125f,My dad also told me the car went underwater the first time we went to the Eastern Shore and I completely forgot about it until I read this comment.,SADNESS,Emotion-Plausible
GoEmo_test_0185,pair_125g,My dad also told me the car went underwater the first time we went to the Eastern Shore and I completely forgot about it until I read this comment.,JOY,Emotion-Plausible
GoEmo_test_0187,pair_126a,"I didn't know that, thanks for the clarification.",ANGER,Emotion-Plausible
GoEmo_test_0187,pair_126b,"I didn't know that, thanks for the clarification.",DISGUST,Emotion-Plausible
GoEmo_test_0187,pair_126c,"I didn't know that, thanks for the clarification.",FEAR,Emotion-Plausible
GoEmo_test_0187,pair_126d,"I didn't know that, thanks for the clarification.",SURPRISE,Emotion-Plausible
GoEmo_test_0187,pair_126e,"I didn't know that, thanks for the clarification.",NEUTRAL,Emotion-Obvious
GoEmo_test_0187,pair_126f,"I didn't know that, thanks for the clarification.",SADNESS,Emotion-Plausible
GoEmo_test_0187,pair_126g,"I didn't know that, thanks for the clarification.",JOY,Emotion-Plausible
GoEmo_test_0188,pair_127a,That's a weird way of spelling Disenchanted,ANGER,Emotion-Implausible
GoEmo_test_0188,pair_127b,That's a weird way of spelling Disenchanted,DISGUST,Emotion-Plausible
GoEmo_test_0188,pair_127c,That's a weird way of spelling Disenchanted,FEAR,Emotion-Implausible
GoEmo_test_0188,pair_127d,That's a weird way of spelling Disenchanted,SURPRISE,Emotion-Plausible
GoEmo_test_0188,pair_127e,That's a weird way of spelling Disenchanted,NEUTRAL,Emotion-Plausible
GoEmo_test_0188,pair_127f,That's a weird way of spelling Disenchanted,SADNESS,Emotion-Implausible
GoEmo_test_0188,pair_127g,That's a weird way of spelling Disenchanted,JOY,Emotion-Plausible
GoEmo_test_0190,pair_128a,Hey! Your mom sucks.,ANGER,Emotion-Obvious
GoEmo_test_0190,pair_128b,Hey! Your mom sucks.,DISGUST,Emotion-Obvious
GoEmo_test_0190,pair_128c,Hey! Your mom sucks.,FEAR,Emotion-Implausible
GoEmo_test_0190,pair_128d,Hey! Your mom sucks.,SURPRISE,Emotion-Plausible
GoEmo_test_0190,pair_128e,Hey! Your mom sucks.,NEUTRAL,Emotion-Implausible
GoEmo_test_0190,pair_128f,Hey! Your mom sucks.,SADNESS,Emotion-Plausible
GoEmo_test_0190,pair_128g,Hey! Your mom sucks.,JOY,Emotion-Implausible
GoEmo_test_0191,pair_129a,"Didn't know that sub, thanks!",ANGER,Emotion-Plausible
GoEmo_test_0191,pair_129b,"Didn't know that sub, thanks!",DISGUST,Emotion-Plausible
GoEmo_test_0191,pair_129c,"Didn't know that sub, thanks!",FEAR,Emotion-Implausible
GoEmo_test_0191,pair_129d,"Didn't know that sub, thanks!",SURPRISE,Emotion-Obvious
GoEmo_test_0191,pair_129e,"Didn't know that sub, thanks!",NEUTRAL,Emotion-Plausible
GoEmo_test_0191,pair_129f,"Didn't know that sub, thanks!",SADNESS,Emotion-Plausible
GoEmo_test_0191,pair_129g,"Didn't know that sub, thanks!",JOY,Emotion-Obvious
GoEmo_test_0192,pair_130a,"Yea, very rude. Avoid anything with a strong smell like fish and popcorn, curry is just as strong.",ANGER,Emotion-Plausible
GoEmo_test_0192,pair_130b,"Yea, very rude. Avoid anything with a strong smell like fish and popcorn, curry is just as strong.",DISGUST,Emotion-Plausible
GoEmo_test_0192,pair_130c,"Yea, very rude. Avoid anything with a strong smell like fish and popcorn, curry is just as strong.",FEAR,Emotion-Plausible
GoEmo_test_0192,pair_130d,"Yea, very rude. Avoid anything with a strong smell like fish and popcorn, curry is just as strong.",SURPRISE,Emotion-Implausible
GoEmo_test_0192,pair_130e,"Yea, very rude. Avoid anything with a strong smell like fish and popcorn, curry is just as strong.",NEUTRAL,Emotion-Plausible
GoEmo_test_0192,pair_130f,"Yea, very rude. Avoid anything with a strong smell like fish and popcorn, curry is just as strong.",SADNESS,Emotion-Plausible
GoEmo_test_0192,pair_130g,"Yea, very rude. Avoid anything with a strong smell like fish and popcorn, curry is just as strong.",JOY,Emotion-Implausible
GoEmo_test_0193,pair_131a,I got a lot of withholding to throw me into anxiety.,ANGER,Emotion-Plausible
GoEmo_test_0193,pair_131b,I got a lot of withholding to throw me into anxiety.,DISGUST,Emotion-Implausible
GoEmo_test_0193,pair_131c,I got a lot of withholding to throw me into anxiety.,FEAR,Emotion-Obvious
GoEmo_test_0193,pair_131d,I got a lot of withholding to throw me into anxiety.,SURPRISE,Emotion-Plausible
GoEmo_test_0193,pair_131e,I got a lot of withholding to throw me into anxiety.,NEUTRAL,Emotion-Implausible
GoEmo_test_0193,pair_131f,I got a lot of withholding to throw me into anxiety.,SADNESS,Emotion-Obvious
GoEmo_test_0193,pair_131g,I got a lot of withholding to throw me into anxiety.,JOY,Emotion-Implausible
GoEmo_test_0194,pair_132a,"Nah, he's much smarter than I am about soccer.",ANGER,Emotion-Plausible
GoEmo_test_0194,pair_132b,"Nah, he's much smarter than I am about soccer.",DISGUST,Emotion-Plausible
GoEmo_test_0194,pair_132c,"Nah, he's much smarter than I am about soccer.",FEAR,Emotion-Plausible
GoEmo_test_0194,pair_132d,"Nah, he's much smarter than I am about soccer.",SURPRISE,Emotion-Plausible
GoEmo_test_0194,pair_132e,"Nah, he's much smarter than I am about soccer.",NEUTRAL,Emotion-Obvious
GoEmo_test_0194,pair_132f,"Nah, he's much smarter than I am about soccer.",SADNESS,Emotion-Plausible
GoEmo_test_0194,pair_132g,"Nah, he's much smarter than I am about soccer.",JOY,Emotion-Plausible
GoEmo_test_0195,pair_133a,"My friend and I have been having good fun queuing Mei/Winston, trololo, and 2 bottles of whisky.",ANGER,Emotion-Plausible
GoEmo_test_0195,pair_133b,"My friend and I have been having good fun queuing Mei/Winston, trololo, and 2 bottles of whisky.",DISGUST,Emotion-Plausible
GoEmo_test_0195,pair_133c,"My friend and I have been having good fun queuing Mei/Winston, trololo, and 2 bottles of whisky.",FEAR,Emotion-Implausible
GoEmo_test_0195,pair_133d,"My friend and I have been having good fun queuing Mei/Winston, trololo, and 2 bottles of whisky.",SURPRISE,Emotion-Implausible
GoEmo_test_0195,pair_133e,"My friend and I have been having good fun queuing Mei/Winston, trololo, and 2 bottles of whisky.",NEUTRAL,Emotion-Implausible
GoEmo_test_0195,pair_133f,"My friend and I have been having good fun queuing Mei/Winston, trololo, and 2 bottles of whisky.",SADNESS,Emotion-Plausible
GoEmo_test_0195,pair_133g,"My friend and I have been having good fun queuing Mei/Winston, trololo, and 2 bottles of whisky.",JOY,Emotion-Obvious
GoEmo_test_0197,pair_134a,[NAME]. Gave up in October and haven’t looked back. I can’t believe how easy I’ve found it.,ANGER,Emotion-Plausible
GoEmo_test_0197,pair_134b,[NAME]. Gave up in October and haven’t looked back. I can’t believe how easy I’ve found it.,DISGUST,Emotion-Implausible
GoEmo_test_0197,pair_134c,[NAME]. Gave up in October and haven’t looked back. I can’t believe how easy I’ve found it.,FEAR,Emotion-Implausible
GoEmo_test_0197,pair_134d,[NAME]. Gave up in October and haven’t looked back. I can’t believe how easy I’ve found it.,SURPRISE,Emotion-Obvious
GoEmo_test_0197,pair_134e,[NAME]. Gave up in October and haven’t looked back. I can’t believe how easy I’ve found it.,NEUTRAL,Emotion-Implausible
GoEmo_test_0197,pair_134f,[NAME]. Gave up in October and haven’t looked back. I can’t believe how easy I’ve found it.,SADNESS,Emotion-Implausible
GoEmo_test_0197,pair_134g,[NAME]. Gave up in October and haven’t looked back. I can’t believe how easy I’ve found it.,JOY,Emotion-Obvious
GoEmo_test_0198,pair_135a,Call it whatever you want. I’m just clearing a meaning that many atheists aren’t aware of or don’t consider.,ANGER,Emotion-Plausible
GoEmo_test_0198,pair_135b,Call it whatever you want. I’m just clearing a meaning that many atheists aren’t aware of or don’t consider.,DISGUST,Emotion-Plausible
GoEmo_test_0198,pair_135c,Call it whatever you want. I’m just clearing a meaning that many atheists aren’t aware of or don’t consider.,FEAR,Emotion-Implausible
GoEmo_test_0198,pair_135d,Call it whatever you want. I’m just clearing a meaning that many atheists aren’t aware of or don’t consider.,SURPRISE,Emotion-Plausible
GoEmo_test_0198,pair_135e,Call it whatever you want. I’m just clearing a meaning that many atheists aren’t aware of or don’t consider.,NEUTRAL,Emotion-Plausible
GoEmo_test_0198,pair_135f,Call it whatever you want. I’m just clearing a meaning that many atheists aren’t aware of or don’t consider.,SADNESS,Emotion-Plausible
GoEmo_test_0198,pair_135g,Call it whatever you want. I’m just clearing a meaning that many atheists aren’t aware of or don’t consider.,JOY,Emotion-Implausible
GoEmo_test_0200,pair_136a,Gotta keep losing to make sure 5th is our worst case scenario,ANGER,Emotion-Implausible
GoEmo_test_0200,pair_136b,Gotta keep losing to make sure 5th is our worst case scenario,DISGUST,Emotion-Implausible
GoEmo_test_0200,pair_136c,Gotta keep losing to make sure 5th is our worst case scenario,FEAR,Emotion-Plausible
GoEmo_test_0200,pair_136d,Gotta keep losing to make sure 5th is our worst case scenario,SURPRISE,Emotion-Implausible
GoEmo_test_0200,pair_136e,Gotta keep losing to make sure 5th is our worst case scenario,NEUTRAL,Emotion-Plausible
GoEmo_test_0200,pair_136f,Gotta keep losing to make sure 5th is our worst case scenario,SADNESS,Emotion-Implausible
GoEmo_test_0200,pair_136g,Gotta keep losing to make sure 5th is our worst case scenario,JOY,Emotion-Implausible
GoEmo_test_0201,pair_137a,Not shocked by the subs [NAME] is active in...,ANGER,Emotion-Plausible
GoEmo_test_0201,pair_137b,Not shocked by the subs [NAME] is active in...,DISGUST,Emotion-Plausible
GoEmo_test_0201,pair_137c,Not shocked by the subs [NAME] is active in...,FEAR,Emotion-Implausible
GoEmo_test_0201,pair_137d,Not shocked by the subs [NAME] is active in...,SURPRISE,Emotion-Implausible
GoEmo_test_0201,pair_137e,Not shocked by the subs [NAME] is active in...,NEUTRAL,Emotion-Implausible
GoEmo_test_0201,pair_137f,Not shocked by the subs [NAME] is active in...,SADNESS,Emotion-Plausible
GoEmo_test_0201,pair_137g,Not shocked by the subs [NAME] is active in...,JOY,Emotion-Plausible
GoEmo_test_0202,pair_138a,Who needs sciences. It's most fake news they peddle in anyways...,ANGER,Emotion-Obvious
GoEmo_test_0202,pair_138b,Who needs sciences. It's most fake news they peddle in anyways...,DISGUST,Emotion-Plausible
GoEmo_test_0202,pair_138c,Who needs sciences. It's most fake news they peddle in anyways...,FEAR,Emotion-Implausible
GoEmo_test_0202,pair_138d,Who needs sciences. It's most fake news they peddle in anyways...,SURPRISE,Emotion-Implausible
GoEmo_test_0202,pair_138e,Who needs sciences. It's most fake news they peddle in anyways...,NEUTRAL,Emotion-Implausible
GoEmo_test_0202,pair_138f,Who needs sciences. It's most fake news they peddle in anyways...,SADNESS,Emotion-Plausible
GoEmo_test_0202,pair_138g,Who needs sciences. It's most fake news they peddle in anyways...,JOY,Emotion-Implausible
GoEmo_test_0208,pair_139a,That's the purpose of the experiment.,ANGER,Emotion-Plausible
GoEmo_test_0208,pair_139b,That's the purpose of the experiment.,DISGUST,Emotion-Plausible
GoEmo_test_0208,pair_139c,That's the purpose of the experiment.,FEAR,Emotion-Plausible
GoEmo_test_0208,pair_139d,That's the purpose of the experiment.,SURPRISE,Emotion-Plausible
GoEmo_test_0208,pair_139e,That's the purpose of the experiment.,NEUTRAL,Emotion-Obvious
GoEmo_test_0208,pair_139f,That's the purpose of the experiment.,SADNESS,Emotion-Plausible
GoEmo_test_0208,pair_139g,That's the purpose of the experiment.,JOY,Emotion-Plausible
GoEmo_test_0209,pair_140a,"I am generally a happy person. If you like to pay millions of dollars to semi-literates to represent your government, it's up to you!",ANGER,Emotion-Obvious
GoEmo_test_0209,pair_140b,"I am generally a happy person. If you like to pay millions of dollars to semi-literates to represent your government, it's up to you!",DISGUST,Emotion-Obvious
GoEmo_test_0209,pair_140c,"I am generally a happy person. If you like to pay millions of dollars to semi-literates to represent your government, it's up to you!",FEAR,Emotion-Implausible
GoEmo_test_0209,pair_140d,"I am generally a happy person. If you like to pay millions of dollars to semi-literates to represent your government, it's up to you!",SURPRISE,Emotion-Plausible
GoEmo_test_0209,pair_140e,"I am generally a happy person. If you like to pay millions of dollars to semi-literates to represent your government, it's up to you!",NEUTRAL,Emotion-Implausible
GoEmo_test_0209,pair_140f,"I am generally a happy person. If you like to pay millions of dollars to semi-literates to represent your government, it's up to you!",SADNESS,Emotion-Plausible
GoEmo_test_0209,pair_140g,"I am generally a happy person. If you like to pay millions of dollars to semi-literates to represent your government, it's up to you!",JOY,Emotion-Plausible
GoEmo_test_0213,pair_141a,You're probably joking but [NAME] has been pretty insightful regarding the yellow vests in France. I was impressed.,ANGER,Emotion-Implausible
GoEmo_test_0213,pair_141b,You're probably joking but [NAME] has been pretty insightful regarding the yellow vests in France. I was impressed.,DISGUST,Emotion-Implausible
GoEmo_test_0213,pair_141c,You're probably joking but [NAME] has been pretty insightful regarding the yellow vests in France. I was impressed.,FEAR,Emotion-Implausible
GoEmo_test_0213,pair_141d,You're probably joking but [NAME] has been pretty insightful regarding the yellow vests in France. I was impressed.,SURPRISE,Emotion-Plausible
GoEmo_test_0213,pair_141e,You're probably joking but [NAME] has been pretty insightful regarding the yellow vests in France. I was impressed.,NEUTRAL,Emotion-Implausible
GoEmo_test_0213,pair_141f,You're probably joking but [NAME] has been pretty insightful regarding the yellow vests in France. I was impressed.,SADNESS,Emotion-Implausible
GoEmo_test_0213,pair_141g,You're probably joking but [NAME] has been pretty insightful regarding the yellow vests in France. I was impressed.,JOY,Emotion-Obvious
GoEmo_test_0214,pair_142a,Thanks! Do you think I should talk to her or drop it for now?,ANGER,Emotion-Implausible
GoEmo_test_0214,pair_142b,Thanks! Do you think I should talk to her or drop it for now?,DISGUST,Emotion-Implausible
GoEmo_test_0214,pair_142c,Thanks! Do you think I should talk to her or drop it for now?,FEAR,Emotion-Plausible
GoEmo_test_0214,pair_142d,Thanks! Do you think I should talk to her or drop it for now?,SURPRISE,Emotion-Implausible
GoEmo_test_0214,pair_142e,Thanks! Do you think I should talk to her or drop it for now?,NEUTRAL,Emotion-Obvious
GoEmo_test_0214,pair_142f,Thanks! Do you think I should talk to her or drop it for now?,SADNESS,Emotion-Implausible
GoEmo_test_0214,pair_142g,Thanks! Do you think I should talk to her or drop it for now?,JOY,Emotion-Plausible
GoEmo_test_0215,pair_143a,FLY EAGLES FLY!!!,ANGER,Emotion-Plausible
GoEmo_test_0215,pair_143b,FLY EAGLES FLY!!!,DISGUST,Emotion-Implausible
GoEmo_test_0215,pair_143c,FLY EAGLES FLY!!!,FEAR,Emotion-Plausible
GoEmo_test_0215,pair_143d,FLY EAGLES FLY!!!,SURPRISE,Emotion-Implausible
GoEmo_test_0215,pair_143e,FLY EAGLES FLY!!!,NEUTRAL,Emotion-Implausible
GoEmo_test_0215,pair_143f,FLY EAGLES FLY!!!,SADNESS,Emotion-Implausible
GoEmo_test_0215,pair_143g,FLY EAGLES FLY!!!,JOY,Emotion-Obvious
GoEmo_test_0217,pair_144a,I love koln,ANGER,Emotion-Plausible
GoEmo_test_0217,pair_144b,I love koln,DISGUST,Emotion-Plausible
GoEmo_test_0217,pair_144c,I love koln,FEAR,Emotion-Implausible
GoEmo_test_0217,pair_144d,I love koln,SURPRISE,Emotion-Plausible
GoEmo_test_0217,pair_144e,I love koln,NEUTRAL,Emotion-Plausible
GoEmo_test_0217,pair_144f,I love koln,SADNESS,Emotion-Plausible
GoEmo_test_0217,pair_144g,I love koln,JOY,Emotion-Obvious
GoEmo_test_0218,pair_145a,That’s cool. I had a few baby teeth dipped in gold and made into charms for a bracelet. Gorgeous work.,ANGER,Emotion-Plausible
GoEmo_test_0218,pair_145b,That’s cool. I had a few baby teeth dipped in gold and made into charms for a bracelet. Gorgeous work.,DISGUST,Emotion-Plausible
GoEmo_test_0218,pair_145c,That’s cool. I had a few baby teeth dipped in gold and made into charms for a bracelet. Gorgeous work.,FEAR,Emotion-Implausible
GoEmo_test_0218,pair_145d,That’s cool. I had a few baby teeth dipped in gold and made into charms for a bracelet. Gorgeous work.,SURPRISE,Emotion-Implausible
GoEmo_test_0218,pair_145e,That’s cool. I had a few baby teeth dipped in gold and made into charms for a bracelet. Gorgeous work.,NEUTRAL,Emotion-Implausible
GoEmo_test_0218,pair_145f,That’s cool. I had a few baby teeth dipped in gold and made into charms for a bracelet. Gorgeous work.,SADNESS,Emotion-Implausible
GoEmo_test_0218,pair_145g,That’s cool. I had a few baby teeth dipped in gold and made into charms for a bracelet. Gorgeous work.,JOY,Emotion-Obvious
GoEmo_test_0219,pair_146a,"Thank you, that is interesting!",ANGER,Emotion-Plausible
GoEmo_test_0219,pair_146b,"Thank you, that is interesting!",DISGUST,Emotion-Implausible
GoEmo_test_0219,pair_146c,"Thank you, that is interesting!",FEAR,Emotion-Implausible
GoEmo_test_0219,pair_146d,"Thank you, that is interesting!",SURPRISE,Emotion-Plausible
GoEmo_test_0219,pair_146e,"Thank you, that is interesting!",NEUTRAL,Emotion-Plausible
GoEmo_test_0219,pair_146f,"Thank you, that is interesting!",SADNESS,Emotion-Implausible
GoEmo_test_0219,pair_146g,"Thank you, that is interesting!",JOY,Emotion-Obvious
GoEmo_test_0220,pair_147a,I only eat cronuts cuz I'm sophisticated!,ANGER,Emotion-Plausible
GoEmo_test_0220,pair_147b,I only eat cronuts cuz I'm sophisticated!,DISGUST,Emotion-Plausible
GoEmo_test_0220,pair_147c,I only eat cronuts cuz I'm sophisticated!,FEAR,Emotion-Implausible
GoEmo_test_0220,pair_147d,I only eat cronuts cuz I'm sophisticated!,SURPRISE,Emotion-Plausible
GoEmo_test_0220,pair_147e,I only eat cronuts cuz I'm sophisticated!,NEUTRAL,Emotion-Implausible
GoEmo_test_0220,pair_147f,I only eat cronuts cuz I'm sophisticated!,SADNESS,Emotion-Plausible
GoEmo_test_0220,pair_147g,I only eat cronuts cuz I'm sophisticated!,JOY,Emotion-Obvious
GoEmo_test_0221,pair_148a,That was an incredibly dumb thing to do. [NAME] is an idiot for trusting her.,ANGER,Emotion-Obvious
GoEmo_test_0221,pair_148b,That was an incredibly dumb thing to do. [NAME] is an idiot for trusting her.,DISGUST,Emotion-Plausible
GoEmo_test_0221,pair_148c,That was an incredibly dumb thing to do. [NAME] is an idiot for trusting her.,FEAR,Emotion-Plausible
GoEmo_test_0221,pair_148d,That was an incredibly dumb thing to do. [NAME] is an idiot for trusting her.,SURPRISE,Emotion-Implausible
GoEmo_test_0221,pair_148e,That was an incredibly dumb thing to do. [NAME] is an idiot for trusting her.,NEUTRAL,Emotion-Implausible
GoEmo_test_0221,pair_148f,That was an incredibly dumb thing to do. [NAME] is an idiot for trusting her.,SADNESS,Emotion-Plausible
GoEmo_test_0221,pair_148g,That was an incredibly dumb thing to do. [NAME] is an idiot for trusting her.,JOY,Emotion-Implausible
GoEmo_test_0222,pair_149a,"Fascism doesn't even exist in America. [NAME], these kids are so sheltered.",ANGER,Emotion-Obvious
GoEmo_test_0222,pair_149b,"Fascism doesn't even exist in America. [NAME], these kids are so sheltered.",DISGUST,Emotion-Plausible
GoEmo_test_0222,pair_149c,"Fascism doesn't even exist in America. [NAME], these kids are so sheltered.",FEAR,Emotion-Plausible
GoEmo_test_0222,pair_149d,"Fascism doesn't even exist in America. [NAME], these kids are so sheltered.",SURPRISE,Emotion-Obvious
GoEmo_test_0222,pair_149e,"Fascism doesn't even exist in America. [NAME], these kids are so sheltered.",NEUTRAL,Emotion-Implausible
GoEmo_test_0222,pair_149f,"Fascism doesn't even exist in America. [NAME], these kids are so sheltered.",SADNESS,Emotion-Plausible
GoEmo_test_0222,pair_149g,"Fascism doesn't even exist in America. [NAME], these kids are so sheltered.",JOY,Emotion-Plausible
GoEmo_test_0223,pair_150a,This viral video of her gets posted every once in a while too: Her legs are ridiculously strong.,ANGER,Emotion-Plausible
GoEmo_test_0223,pair_150b,This viral video of her gets posted every once in a while too: Her legs are ridiculously strong.,DISGUST,Emotion-Implausible
GoEmo_test_0223,pair_150c,This viral video of her gets posted every once in a while too: Her legs are ridiculously strong.,FEAR,Emotion-Plausible
GoEmo_test_0223,pair_150d,This viral video of her gets posted every once in a while too: Her legs are ridiculously strong.,SURPRISE,Emotion-Plausible
GoEmo_test_0223,pair_150e,This viral video of her gets posted every once in a while too: Her legs are ridiculously strong.,NEUTRAL,Emotion-Obvious
GoEmo_test_0223,pair_150f,This viral video of her gets posted every once in a while too: Her legs are ridiculously strong.,SADNESS,Emotion-Plausible
GoEmo_test_0223,pair_150g,This viral video of her gets posted every once in a while too: Her legs are ridiculously strong.,JOY,Emotion-Plausible
GoEmo_test_0224,pair_151a,"[NAME]... I'm sorry. This is just wrong. I, can't.",ANGER,Emotion-Plausible
GoEmo_test_0224,pair_151b,"[NAME]... I'm sorry. This is just wrong. I, can't.",DISGUST,Emotion-Plausible
GoEmo_test_0224,pair_151c,"[NAME]... I'm sorry. This is just wrong. I, can't.",FEAR,Emotion-Plausible
GoEmo_test_0224,pair_151d,"[NAME]... I'm sorry. This is just wrong. I, can't.",SURPRISE,Emotion-Plausible
GoEmo_test_0224,pair_151e,"[NAME]... I'm sorry. This is just wrong. I, can't.",NEUTRAL,Emotion-Implausible
GoEmo_test_0224,pair_151f,"[NAME]... I'm sorry. This is just wrong. I, can't.",SADNESS,Emotion-Obvious
GoEmo_test_0224,pair_151g,"[NAME]... I'm sorry. This is just wrong. I, can't.",JOY,Emotion-Implausible
GoEmo_test_0225,pair_152a,"Better ye, make some Pho and use lots of sriracha. Things will definitely get heated.",ANGER,Emotion-Plausible
GoEmo_test_0225,pair_152b,"Better ye, make some Pho and use lots of sriracha. Things will definitely get heated.",DISGUST,Emotion-Implausible
GoEmo_test_0225,pair_152c,"Better ye, make some Pho and use lots of sriracha. Things will definitely get heated.",FEAR,Emotion-Implausible
GoEmo_test_0225,pair_152d,"Better ye, make some Pho and use lots of sriracha. Things will definitely get heated.",SURPRISE,Emotion-Implausible
GoEmo_test_0225,pair_152e,"Better ye, make some Pho and use lots of sriracha. Things will definitely get heated.",NEUTRAL,Emotion-Plausible
GoEmo_test_0225,pair_152f,"Better ye, make some Pho and use lots of sriracha. Things will definitely get heated.",SADNESS,Emotion-Implausible
GoEmo_test_0225,pair_152g,"Better ye, make some Pho and use lots of sriracha. Things will definitely get heated.",JOY,Emotion-Obvious
GoEmo_test_0227,pair_153a,"Hate to be that guy, but that's not DDR, that's Pump It Up, the Korean DDR rip-off.",ANGER,Emotion-Plausible
GoEmo_test_0227,pair_153b,"Hate to be that guy, but that's not DDR, that's Pump It Up, the Korean DDR rip-off.",DISGUST,Emotion-Implausible
GoEmo_test_0227,pair_153c,"Hate to be that guy, but that's not DDR, that's Pump It Up, the Korean DDR rip-off.",FEAR,Emotion-Implausible
GoEmo_test_0227,pair_153d,"Hate to be that guy, but that's not DDR, that's Pump It Up, the Korean DDR rip-off.",SURPRISE,Emotion-Plausible
GoEmo_test_0227,pair_153e,"Hate to be that guy, but that's not DDR, that's Pump It Up, the Korean DDR rip-off.",NEUTRAL,Emotion-Implausible
GoEmo_test_0227,pair_153f,"Hate to be that guy, but that's not DDR, that's Pump It Up, the Korean DDR rip-off.",SADNESS,Emotion-Plausible
GoEmo_test_0227,pair_153g,"Hate to be that guy, but that's not DDR, that's Pump It Up, the Korean DDR rip-off.",JOY,Emotion-Plausible
GoEmo_test_0228,pair_154a,"It turns out he works for [NAME], so maybe your instinctive distrust might not have been the worst first reaction.",ANGER,Emotion-Plausible
GoEmo_test_0228,pair_154b,"It turns out he works for [NAME], so maybe your instinctive distrust might not have been the worst first reaction.",DISGUST,Emotion-Plausible
GoEmo_test_0228,pair_154c,"It turns out he works for [NAME], so maybe your instinctive distrust might not have been the worst first reaction.",FEAR,Emotion-Plausible
GoEmo_test_0228,pair_154d,"It turns out he works for [NAME], so maybe your instinctive distrust might not have been the worst first reaction.",SURPRISE,Emotion-Plausible
GoEmo_test_0228,pair_154e,"It turns out he works for [NAME], so maybe your instinctive distrust might not have been the worst first reaction.",NEUTRAL,Emotion-Implausible
GoEmo_test_0228,pair_154f,"It turns out he works for [NAME], so maybe your instinctive distrust might not have been the worst first reaction.",SADNESS,Emotion-Plausible
GoEmo_test_0228,pair_154g,"It turns out he works for [NAME], so maybe your instinctive distrust might not have been the worst first reaction.",JOY,Emotion-Plausible
GoEmo_test_0229,pair_155a,"""You aren't important, just impertinent."" That's a third degree burn",ANGER,Emotion-Plausible
GoEmo_test_0229,pair_155b,"""You aren't important, just impertinent."" That's a third degree burn",DISGUST,Emotion-Plausible
GoEmo_test_0229,pair_155c,"""You aren't important, just impertinent."" That's a third degree burn",FEAR,Emotion-Implausible
GoEmo_test_0229,pair_155d,"""You aren't important, just impertinent."" That's a third degree burn",SURPRISE,Emotion-Plausible
GoEmo_test_0229,pair_155e,"""You aren't important, just impertinent."" That's a third degree burn",NEUTRAL,Emotion-Implausible
GoEmo_test_0229,pair_155f,"""You aren't important, just impertinent."" That's a third degree burn",SADNESS,Emotion-Plausible
GoEmo_test_0229,pair_155g,"""You aren't important, just impertinent."" That's a third degree burn",JOY,Emotion-Plausible
GoEmo_test_0231,pair_156a,"Yes, he did.",ANGER,Emotion-Plausible
GoEmo_test_0231,pair_156b,"Yes, he did.",DISGUST,Emotion-Plausible
GoEmo_test_0231,pair_156c,"Yes, he did.",FEAR,Emotion-Plausible
GoEmo_test_0231,pair_156d,"Yes, he did.",SURPRISE,Emotion-Plausible
GoEmo_test_0231,pair_156e,"Yes, he did.",NEUTRAL,Emotion-Plausible
GoEmo_test_0231,pair_156f,"Yes, he did.",SADNESS,Emotion-Plausible
GoEmo_test_0231,pair_156g,"Yes, he did.",JOY,Emotion-Plausible
GoEmo_test_0232,pair_157a,>if your car is so great why do you have to fill it with petrol all the time This is how stupid you sound,ANGER,Emotion-Obvious
GoEmo_test_0232,pair_157b,>if your car is so great why do you have to fill it with petrol all the time This is how stupid you sound,DISGUST,Emotion-Implausible
GoEmo_test_0232,pair_157c,>if your car is so great why do you have to fill it with petrol all the time This is how stupid you sound,FEAR,Emotion-Implausible
GoEmo_test_0232,pair_157d,>if your car is so great why do you have to fill it with petrol all the time This is how stupid you sound,SURPRISE,Emotion-Implausible
GoEmo_test_0232,pair_157e,>if your car is so great why do you have to fill it with petrol all the time This is how stupid you sound,NEUTRAL,Emotion-Implausible
GoEmo_test_0232,pair_157f,>if your car is so great why do you have to fill it with petrol all the time This is how stupid you sound,SADNESS,Emotion-Plausible
GoEmo_test_0232,pair_157g,>if your car is so great why do you have to fill it with petrol all the time This is how stupid you sound,JOY,Emotion-Plausible
GoEmo_test_0233,pair_158a,I dunno. Backhanded compliments in girl world are like professional sports.,ANGER,Emotion-Plausible
GoEmo_test_0233,pair_158b,I dunno. Backhanded compliments in girl world are like professional sports.,DISGUST,Emotion-Obvious
GoEmo_test_0233,pair_158c,I dunno. Backhanded compliments in girl world are like professional sports.,FEAR,Emotion-Plausible
GoEmo_test_0233,pair_158d,I dunno. Backhanded compliments in girl world are like professional sports.,SURPRISE,Emotion-Implausible
GoEmo_test_0233,pair_158e,I dunno. Backhanded compliments in girl world are like professional sports.,NEUTRAL,Emotion-Plausible
GoEmo_test_0233,pair_158f,I dunno. Backhanded compliments in girl world are like professional sports.,SADNESS,Emotion-Plausible
GoEmo_test_0233,pair_158g,I dunno. Backhanded compliments in girl world are like professional sports.,JOY,Emotion-Plausible
GoEmo_test_0238,pair_159a,"Wait, you don't believe he's infallible? Give an important instance where he has been wrong to prove that please.",ANGER,Emotion-Obvious
GoEmo_test_0238,pair_159b,"Wait, you don't believe he's infallible? Give an important instance where he has been wrong to prove that please.",DISGUST,Emotion-Implausible
GoEmo_test_0238,pair_159c,"Wait, you don't believe he's infallible? Give an important instance where he has been wrong to prove that please.",FEAR,Emotion-Implausible
GoEmo_test_0238,pair_159d,"Wait, you don't believe he's infallible? Give an important instance where he has been wrong to prove that please.",SURPRISE,Emotion-Obvious
GoEmo_test_0238,pair_159e,"Wait, you don't believe he's infallible? Give an important instance where he has been wrong to prove that please.",NEUTRAL,Emotion-Implausible
GoEmo_test_0238,pair_159f,"Wait, you don't believe he's infallible? Give an important instance where he has been wrong to prove that please.",SADNESS,Emotion-Plausible
GoEmo_test_0238,pair_159g,"Wait, you don't believe he's infallible? Give an important instance where he has been wrong to prove that please.",JOY,Emotion-Implausible
GoEmo_test_0239,pair_160a,"Also, allow athletes to come and train during the year, but grant a blackout period before the Olympics or something,",ANGER,Emotion-Plausible
GoEmo_test_0239,pair_160b,"Also, allow athletes to come and train during the year, but grant a blackout period before the Olympics or something,",DISGUST,Emotion-Implausible
GoEmo_test_0239,pair_160c,"Also, allow athletes to come and train during the year, but grant a blackout period before the Olympics or something,",FEAR,Emotion-Implausible
GoEmo_test_0239,pair_160d,"Also, allow athletes to come and train during the year, but grant a blackout period before the Olympics or something,",SURPRISE,Emotion-Implausible
GoEmo_test_0239,pair_160e,"Also, allow athletes to come and train during the year, but grant a blackout period before the Olympics or something,",NEUTRAL,Emotion-Obvious
GoEmo_test_0239,pair_160f,"Also, allow athletes to come and train during the year, but grant a blackout period before the Olympics or something,",SADNESS,Emotion-Implausible
GoEmo_test_0239,pair_160g,"Also, allow athletes to come and train during the year, but grant a blackout period before the Olympics or something,",JOY,Emotion-Implausible
GoEmo_test_0240,pair_161a,One does not simply Steal kidneys on my watch,ANGER,Emotion-Obvious
GoEmo_test_0240,pair_161b,One does not simply Steal kidneys on my watch,DISGUST,Emotion-Implausible
GoEmo_test_0240,pair_161c,One does not simply Steal kidneys on my watch,FEAR,Emotion-Implausible
GoEmo_test_0240,pair_161d,One does not simply Steal kidneys on my watch,SURPRISE,Emotion-Plausible
GoEmo_test_0240,pair_161e,One does not simply Steal kidneys on my watch,NEUTRAL,Emotion-Implausible
GoEmo_test_0240,pair_161f,One does not simply Steal kidneys on my watch,SADNESS,Emotion-Plausible
GoEmo_test_0240,pair_161g,One does not simply Steal kidneys on my watch,JOY,Emotion-Plausible
GoEmo_test_0241,pair_162a,We need another goal to show for it. Come on boys.,ANGER,Emotion-Plausible
GoEmo_test_0241,pair_162b,We need another goal to show for it. Come on boys.,DISGUST,Emotion-Implausible
GoEmo_test_0241,pair_162c,We need another goal to show for it. Come on boys.,FEAR,Emotion-Plausible
GoEmo_test_0241,pair_162d,We need another goal to show for it. Come on boys.,SURPRISE,Emotion-Implausible
GoEmo_test_0241,pair_162e,We need another goal to show for it. Come on boys.,NEUTRAL,Emotion-Implausible
GoEmo_test_0241,pair_162f,We need another goal to show for it. Come on boys.,SADNESS,Emotion-Plausible
GoEmo_test_0241,pair_162g,We need another goal to show for it. Come on boys.,JOY,Emotion-Plausible
GoEmo_test_0243,pair_163a,"I love you, brother.",ANGER,Emotion-Plausible
GoEmo_test_0243,pair_163b,"I love you, brother.",DISGUST,Emotion-Implausible
GoEmo_test_0243,pair_163c,"I love you, brother.",FEAR,Emotion-Implausible
GoEmo_test_0243,pair_163d,"I love you, brother.",SURPRISE,Emotion-Plausible
GoEmo_test_0243,pair_163e,"I love you, brother.",NEUTRAL,Emotion-Plausible
GoEmo_test_0243,pair_163f,"I love you, brother.",SADNESS,Emotion-Plausible
GoEmo_test_0243,pair_163g,"I love you, brother.",JOY,Emotion-Obvious
GoEmo_test_0244,pair_164a,"Oh because all fruiting plants were bred by humans, ok TIL",ANGER,Emotion-Plausible
GoEmo_test_0244,pair_164b,"Oh because all fruiting plants were bred by humans, ok TIL",DISGUST,Emotion-Plausible
GoEmo_test_0244,pair_164c,"Oh because all fruiting plants were bred by humans, ok TIL",FEAR,Emotion-Implausible
GoEmo_test_0244,pair_164d,"Oh because all fruiting plants were bred by humans, ok TIL",SURPRISE,Emotion-Obvious
GoEmo_test_0244,pair_164e,"Oh because all fruiting plants were bred by humans, ok TIL",NEUTRAL,Emotion-Plausible
GoEmo_test_0244,pair_164f,"Oh because all fruiting plants were bred by humans, ok TIL",SADNESS,Emotion-Implausible
GoEmo_test_0244,pair_164g,"Oh because all fruiting plants were bred by humans, ok TIL",JOY,Emotion-Plausible
GoEmo_test_0246,pair_165a,It’s a problem because that box of apparent bone fragments could literally have been found anywhere.,ANGER,Emotion-Obvious
GoEmo_test_0246,pair_165b,It’s a problem because that box of apparent bone fragments could literally have been found anywhere.,DISGUST,Emotion-Plausible
GoEmo_test_0246,pair_165c,It’s a problem because that box of apparent bone fragments could literally have been found anywhere.,FEAR,Emotion-Plausible
GoEmo_test_0246,pair_165d,It’s a problem because that box of apparent bone fragments could literally have been found anywhere.,SURPRISE,Emotion-Plausible
GoEmo_test_0246,pair_165e,It’s a problem because that box of apparent bone fragments could literally have been found anywhere.,NEUTRAL,Emotion-Plausible
GoEmo_test_0246,pair_165f,It’s a problem because that box of apparent bone fragments could literally have been found anywhere.,SADNESS,Emotion-Plausible
GoEmo_test_0246,pair_165g,It’s a problem because that box of apparent bone fragments could literally have been found anywhere.,JOY,Emotion-Implausible
GoEmo_test_0248,pair_166a,thats amazing!! Congrats!,ANGER,Emotion-Plausible
GoEmo_test_0248,pair_166b,thats amazing!! Congrats!,DISGUST,Emotion-Plausible
GoEmo_test_0248,pair_166c,thats amazing!! Congrats!,FEAR,Emotion-Implausible
GoEmo_test_0248,pair_166d,thats amazing!! Congrats!,SURPRISE,Emotion-Obvious
GoEmo_test_0248,pair_166e,thats amazing!! Congrats!,NEUTRAL,Emotion-Implausible
GoEmo_test_0248,pair_166f,thats amazing!! Congrats!,SADNESS,Emotion-Implausible
GoEmo_test_0248,pair_166g,thats amazing!! Congrats!,JOY,Emotion-Obvious
GoEmo_test_0250,pair_167a,I did twist my ankle trying to play that on DDR.,ANGER,Emotion-Implausible
GoEmo_test_0250,pair_167b,I did twist my ankle trying to play that on DDR.,DISGUST,Emotion-Plausible
GoEmo_test_0250,pair_167c,I did twist my ankle trying to play that on DDR.,FEAR,Emotion-Plausible
GoEmo_test_0250,pair_167d,I did twist my ankle trying to play that on DDR.,SURPRISE,Emotion-Plausible
GoEmo_test_0250,pair_167e,I did twist my ankle trying to play that on DDR.,NEUTRAL,Emotion-Plausible
GoEmo_test_0250,pair_167f,I did twist my ankle trying to play that on DDR.,SADNESS,Emotion-Obvious
GoEmo_test_0250,pair_167g,I did twist my ankle trying to play that on DDR.,JOY,Emotion-Plausible
GoEmo_test_0251,pair_168a,I genuinely think that would be an iconic shot if it was in a famous horror film. The way the legs just keep on coming is terrifying.,ANGER,Emotion-Plausible
GoEmo_test_0251,pair_168b,I genuinely think that would be an iconic shot if it was in a famous horror film. The way the legs just keep on coming is terrifying.,DISGUST,Emotion-Plausible
GoEmo_test_0251,pair_168c,I genuinely think that would be an iconic shot if it was in a famous horror film. The way the legs just keep on coming is terrifying.,FEAR,Emotion-Obvious
GoEmo_test_0251,pair_168d,I genuinely think that would be an iconic shot if it was in a famous horror film. The way the legs just keep on coming is terrifying.,SURPRISE,Emotion-Plausible
GoEmo_test_0251,pair_168e,I genuinely think that would be an iconic shot if it was in a famous horror film. The way the legs just keep on coming is terrifying.,NEUTRAL,Emotion-Implausible
GoEmo_test_0251,pair_168f,I genuinely think that would be an iconic shot if it was in a famous horror film. The way the legs just keep on coming is terrifying.,SADNESS,Emotion-Implausible
GoEmo_test_0251,pair_168g,I genuinely think that would be an iconic shot if it was in a famous horror film. The way the legs just keep on coming is terrifying.,JOY,Emotion-Plausible
GoEmo_test_0252,pair_169a,Not journalists...media activists.,ANGER,Emotion-Plausible
GoEmo_test_0252,pair_169b,Not journalists...media activists.,DISGUST,Emotion-Plausible
GoEmo_test_0252,pair_169c,Not journalists...media activists.,FEAR,Emotion-Plausible
GoEmo_test_0252,pair_169d,Not journalists...media activists.,SURPRISE,Emotion-Plausible
GoEmo_test_0252,pair_169e,Not journalists...media activists.,NEUTRAL,Emotion-Implausible
GoEmo_test_0252,pair_169f,Not journalists...media activists.,SADNESS,Emotion-Plausible
GoEmo_test_0252,pair_169g,Not journalists...media activists.,JOY,Emotion-Plausible
GoEmo_test_0255,pair_170a,As a Kentucky fan I’ve watched [NAME] all year and he is legit. Just wish there were a scenario that GB could pick him up.,ANGER,Emotion-Implausible
GoEmo_test_0255,pair_170b,As a Kentucky fan I’ve watched [NAME] all year and he is legit. Just wish there were a scenario that GB could pick him up.,DISGUST,Emotion-Implausible
GoEmo_test_0255,pair_170c,As a Kentucky fan I’ve watched [NAME] all year and he is legit. Just wish there were a scenario that GB could pick him up.,FEAR,Emotion-Implausible
GoEmo_test_0255,pair_170d,As a Kentucky fan I’ve watched [NAME] all year and he is legit. Just wish there were a scenario that GB could pick him up.,SURPRISE,Emotion-Implausible
GoEmo_test_0255,pair_170e,As a Kentucky fan I’ve watched [NAME] all year and he is legit. Just wish there were a scenario that GB could pick him up.,NEUTRAL,Emotion-Implausible
GoEmo_test_0255,pair_170f,As a Kentucky fan I’ve watched [NAME] all year and he is legit. Just wish there were a scenario that GB could pick him up.,SADNESS,Emotion-Obvious
GoEmo_test_0255,pair_170g,As a Kentucky fan I’ve watched [NAME] all year and he is legit. Just wish there were a scenario that GB could pick him up.,JOY,Emotion-Plausible
GoEmo_test_0256,pair_171a,The sad part about this is that these memes are more Gen Z if anything...,ANGER,Emotion-Plausible
GoEmo_test_0256,pair_171b,The sad part about this is that these memes are more Gen Z if anything...,DISGUST,Emotion-Plausible
GoEmo_test_0256,pair_171c,The sad part about this is that these memes are more Gen Z if anything...,FEAR,Emotion-Plausible
GoEmo_test_0256,pair_171d,The sad part about this is that these memes are more Gen Z if anything...,SURPRISE,Emotion-Plausible
GoEmo_test_0256,pair_171e,The sad part about this is that these memes are more Gen Z if anything...,NEUTRAL,Emotion-Implausible
GoEmo_test_0256,pair_171f,The sad part about this is that these memes are more Gen Z if anything...,SADNESS,Emotion-Obvious
GoEmo_test_0256,pair_171g,The sad part about this is that these memes are more Gen Z if anything...,JOY,Emotion-Implausible
GoEmo_test_0257,pair_172a,> it will not make her look like an idiot It would be hard to make her look any more like an idiot than she already does.,ANGER,Emotion-Plausible
GoEmo_test_0257,pair_172b,> it will not make her look like an idiot It would be hard to make her look any more like an idiot than she already does.,DISGUST,Emotion-Obvious
GoEmo_test_0257,pair_172c,> it will not make her look like an idiot It would be hard to make her look any more like an idiot than she already does.,FEAR,Emotion-Implausible
GoEmo_test_0257,pair_172d,> it will not make her look like an idiot It would be hard to make her look any more like an idiot than she already does.,SURPRISE,Emotion-Implausible
GoEmo_test_0257,pair_172e,> it will not make her look like an idiot It would be hard to make her look any more like an idiot than she already does.,NEUTRAL,Emotion-Implausible
GoEmo_test_0257,pair_172f,> it will not make her look like an idiot It would be hard to make her look any more like an idiot than she already does.,SADNESS,Emotion-Implausible
GoEmo_test_0257,pair_172g,> it will not make her look like an idiot It would be hard to make her look any more like an idiot than she already does.,JOY,Emotion-Plausible
GoEmo_test_0258,pair_173a,This happens to me a lot. I'll also sing the same phrase over and over.,ANGER,Emotion-Plausible
GoEmo_test_0258,pair_173b,This happens to me a lot. I'll also sing the same phrase over and over.,DISGUST,Emotion-Plausible
GoEmo_test_0258,pair_173c,This happens to me a lot. I'll also sing the same phrase over and over.,FEAR,Emotion-Plausible
GoEmo_test_0258,pair_173d,This happens to me a lot. I'll also sing the same phrase over and over.,SURPRISE,Emotion-Plausible
GoEmo_test_0258,pair_173e,This happens to me a lot. I'll also sing the same phrase over and over.,NEUTRAL,Emotion-Obvious
GoEmo_test_0258,pair_173f,This happens to me a lot. I'll also sing the same phrase over and over.,SADNESS,Emotion-Plausible
GoEmo_test_0258,pair_173g,This happens to me a lot. I'll also sing the same phrase over and over.,JOY,Emotion-Plausible
GoEmo_test_0262,pair_174a,"If everybody put down their camera to help, what would you be doing right now?",ANGER,Emotion-Plausible
GoEmo_test_0262,pair_174b,"If everybody put down their camera to help, what would you be doing right now?",DISGUST,Emotion-Plausible
GoEmo_test_0262,pair_174c,"If everybody put down their camera to help, what would you be doing right now?",FEAR,Emotion-Plausible
GoEmo_test_0262,pair_174d,"If everybody put down their camera to help, what would you be doing right now?",SURPRISE,Emotion-Plausible
GoEmo_test_0262,pair_174e,"If everybody put down their camera to help, what would you be doing right now?",NEUTRAL,Emotion-Obvious
GoEmo_test_0262,pair_174f,"If everybody put down their camera to help, what would you be doing right now?",SADNESS,Emotion-Plausible
GoEmo_test_0262,pair_174g,"If everybody put down their camera to help, what would you be doing right now?",JOY,Emotion-Plausible
GoEmo_test_0264,pair_175a,Yikes that's cringe,ANGER,Emotion-Plausible
GoEmo_test_0264,pair_175b,Yikes that's cringe,DISGUST,Emotion-Obvious
GoEmo_test_0264,pair_175c,Yikes that's cringe,FEAR,Emotion-Plausible
GoEmo_test_0264,pair_175d,Yikes that's cringe,SURPRISE,Emotion-Obvious
GoEmo_test_0264,pair_175e,Yikes that's cringe,NEUTRAL,Emotion-Implausible
GoEmo_test_0264,pair_175f,Yikes that's cringe,SADNESS,Emotion-Plausible
GoEmo_test_0264,pair_175g,Yikes that's cringe,JOY,Emotion-Implausible
GoEmo_test_0265,pair_176a,No I wish. They don't come to Texas very often.,ANGER,Emotion-Plausible
GoEmo_test_0265,pair_176b,No I wish. They don't come to Texas very often.,DISGUST,Emotion-Implausible
GoEmo_test_0265,pair_176c,No I wish. They don't come to Texas very often.,FEAR,Emotion-Implausible
GoEmo_test_0265,pair_176d,No I wish. They don't come to Texas very often.,SURPRISE,Emotion-Implausible
GoEmo_test_0265,pair_176e,No I wish. They don't come to Texas very often.,NEUTRAL,Emotion-Implausible
GoEmo_test_0265,pair_176f,No I wish. They don't come to Texas very often.,SADNESS,Emotion-Obvious
GoEmo_test_0265,pair_176g,No I wish. They don't come to Texas very often.,JOY,Emotion-Implausible
GoEmo_test_0266,pair_177a,im aware. im trying to figure out how the heck you found it in what i said. even after given context to the situation.,ANGER,Emotion-Obvious
GoEmo_test_0266,pair_177b,im aware. im trying to figure out how the heck you found it in what i said. even after given context to the situation.,DISGUST,Emotion-Plausible
GoEmo_test_0266,pair_177c,im aware. im trying to figure out how the heck you found it in what i said. even after given context to the situation.,FEAR,Emotion-Plausible
GoEmo_test_0266,pair_177d,im aware. im trying to figure out how the heck you found it in what i said. even after given context to the situation.,SURPRISE,Emotion-Obvious
GoEmo_test_0266,pair_177e,im aware. im trying to figure out how the heck you found it in what i said. even after given context to the situation.,NEUTRAL,Emotion-Implausible
GoEmo_test_0266,pair_177f,im aware. im trying to figure out how the heck you found it in what i said. even after given context to the situation.,SADNESS,Emotion-Plausible
GoEmo_test_0266,pair_177g,im aware. im trying to figure out how the heck you found it in what i said. even after given context to the situation.,JOY,Emotion-Implausible
GoEmo_test_0267,pair_178a,Ouch. That hurt the ego. And that’s not easy to do.,ANGER,Emotion-Plausible
GoEmo_test_0267,pair_178b,Ouch. That hurt the ego. And that’s not easy to do.,DISGUST,Emotion-Plausible
GoEmo_test_0267,pair_178c,Ouch. That hurt the ego. And that’s not easy to do.,FEAR,Emotion-Implausible
GoEmo_test_0267,pair_178d,Ouch. That hurt the ego. And that’s not easy to do.,SURPRISE,Emotion-Obvious
GoEmo_test_0267,pair_178e,Ouch. That hurt the ego. And that’s not easy to do.,NEUTRAL,Emotion-Implausible
GoEmo_test_0267,pair_178f,Ouch. That hurt the ego. And that’s not easy to do.,SADNESS,Emotion-Obvious
GoEmo_test_0267,pair_178g,Ouch. That hurt the ego. And that’s not easy to do.,JOY,Emotion-Implausible
GoEmo_test_0268,pair_179a,"Yeah, without the music that scene would have been much worse.",ANGER,Emotion-Plausible
GoEmo_test_0268,pair_179b,"Yeah, without the music that scene would have been much worse.",DISGUST,Emotion-Obvious
GoEmo_test_0268,pair_179c,"Yeah, without the music that scene would have been much worse.",FEAR,Emotion-Plausible
GoEmo_test_0268,pair_179d,"Yeah, without the music that scene would have been much worse.",SURPRISE,Emotion-Plausible
GoEmo_test_0268,pair_179e,"Yeah, without the music that scene would have been much worse.",NEUTRAL,Emotion-Plausible
GoEmo_test_0268,pair_179f,"Yeah, without the music that scene would have been much worse.",SADNESS,Emotion-Plausible
GoEmo_test_0268,pair_179g,"Yeah, without the music that scene would have been much worse.",JOY,Emotion-Plausible
GoEmo_test_0270,pair_180a,Honestly I agree. We should shun vegetarians regardless of the [NAME] thing. /s,ANGER,Emotion-Plausible
GoEmo_test_0270,pair_180b,Honestly I agree. We should shun vegetarians regardless of the [NAME] thing. /s,DISGUST,Emotion-Obvious
GoEmo_test_0270,pair_180c,Honestly I agree. We should shun vegetarians regardless of the [NAME] thing. /s,FEAR,Emotion-Plausible
GoEmo_test_0270,pair_180d,Honestly I agree. We should shun vegetarians regardless of the [NAME] thing. /s,SURPRISE,Emotion-Implausible
GoEmo_test_0270,pair_180e,Honestly I agree. We should shun vegetarians regardless of the [NAME] thing. /s,NEUTRAL,Emotion-Implausible
GoEmo_test_0270,pair_180f,Honestly I agree. We should shun vegetarians regardless of the [NAME] thing. /s,SADNESS,Emotion-Implausible
GoEmo_test_0270,pair_180g,Honestly I agree. We should shun vegetarians regardless of the [NAME] thing. /s,JOY,Emotion-Plausible
GoEmo_test_0271,pair_181a,Thank you! I ended up assigning a dbq and paired students up,ANGER,Emotion-Implausible
GoEmo_test_0271,pair_181b,Thank you! I ended up assigning a dbq and paired students up,DISGUST,Emotion-Implausible
GoEmo_test_0271,pair_181c,Thank you! I ended up assigning a dbq and paired students up,FEAR,Emotion-Implausible
GoEmo_test_0271,pair_181d,Thank you! I ended up assigning a dbq and paired students up,SURPRISE,Emotion-Plausible
GoEmo_test_0271,pair_181e,Thank you! I ended up assigning a dbq and paired students up,NEUTRAL,Emotion-Plausible
GoEmo_test_0271,pair_181f,Thank you! I ended up assigning a dbq and paired students up,SADNESS,Emotion-Implausible
GoEmo_test_0271,pair_181g,Thank you! I ended up assigning a dbq and paired students up,JOY,Emotion-Obvious
GoEmo_test_0272,pair_182a,Combination of lapses in defense and the continuing saga of the Sabres' god awful PP.,ANGER,Emotion-Obvious
GoEmo_test_0272,pair_182b,Combination of lapses in defense and the continuing saga of the Sabres' god awful PP.,DISGUST,Emotion-Plausible
GoEmo_test_0272,pair_182c,Combination of lapses in defense and the continuing saga of the Sabres' god awful PP.,FEAR,Emotion-Plausible
GoEmo_test_0272,pair_182d,Combination of lapses in defense and the continuing saga of the Sabres' god awful PP.,SURPRISE,Emotion-Plausible
GoEmo_test_0272,pair_182e,Combination of lapses in defense and the continuing saga of the Sabres' god awful PP.,NEUTRAL,Emotion-Plausible
GoEmo_test_0272,pair_182f,Combination of lapses in defense and the continuing saga of the Sabres' god awful PP.,SADNESS,Emotion-Plausible
GoEmo_test_0272,pair_182g,Combination of lapses in defense and the continuing saga of the Sabres' god awful PP.,JOY,Emotion-Plausible
GoEmo_test_0273,pair_183a,"I'm sorry you fell for the carnie, bro.",ANGER,Emotion-Plausible
GoEmo_test_0273,pair_183b,"I'm sorry you fell for the carnie, bro.",DISGUST,Emotion-Implausible
GoEmo_test_0273,pair_183c,"I'm sorry you fell for the carnie, bro.",FEAR,Emotion-Implausible
GoEmo_test_0273,pair_183d,"I'm sorry you fell for the carnie, bro.",SURPRISE,Emotion-Plausible
GoEmo_test_0273,pair_183e,"I'm sorry you fell for the carnie, bro.",NEUTRAL,Emotion-Implausible
GoEmo_test_0273,pair_183f,"I'm sorry you fell for the carnie, bro.",SADNESS,Emotion-Obvious
GoEmo_test_0273,pair_183g,"I'm sorry you fell for the carnie, bro.",JOY,Emotion-Plausible
GoEmo_test_0274,pair_184a,Lol dont mess with [NAME]!,ANGER,Emotion-Plausible
GoEmo_test_0274,pair_184b,Lol dont mess with [NAME]!,DISGUST,Emotion-Implausible
GoEmo_test_0274,pair_184c,Lol dont mess with [NAME]!,FEAR,Emotion-Plausible
GoEmo_test_0274,pair_184d,Lol dont mess with [NAME]!,SURPRISE,Emotion-Implausible
GoEmo_test_0274,pair_184e,Lol dont mess with [NAME]!,NEUTRAL,Emotion-Implausible
GoEmo_test_0274,pair_184f,Lol dont mess with [NAME]!,SADNESS,Emotion-Implausible
GoEmo_test_0274,pair_184g,Lol dont mess with [NAME]!,JOY,Emotion-Obvious
GoEmo_test_0275,pair_185a,I've always wanted one of those but like worry it'll make a huge mess in my washer,ANGER,Emotion-Implausible
GoEmo_test_0275,pair_185b,I've always wanted one of those but like worry it'll make a huge mess in my washer,DISGUST,Emotion-Plausible
GoEmo_test_0275,pair_185c,I've always wanted one of those but like worry it'll make a huge mess in my washer,FEAR,Emotion-Obvious
GoEmo_test_0275,pair_185d,I've always wanted one of those but like worry it'll make a huge mess in my washer,SURPRISE,Emotion-Implausible
GoEmo_test_0275,pair_185e,I've always wanted one of those but like worry it'll make a huge mess in my washer,NEUTRAL,Emotion-Implausible
GoEmo_test_0275,pair_185f,I've always wanted one of those but like worry it'll make a huge mess in my washer,SADNESS,Emotion-Plausible
GoEmo_test_0275,pair_185g,I've always wanted one of those but like worry it'll make a huge mess in my washer,JOY,Emotion-Plausible
GoEmo_test_0277,pair_186a,You don't have to watch it if you don't want to. Nobody is holding a gun to your head.,ANGER,Emotion-Obvious
GoEmo_test_0277,pair_186b,You don't have to watch it if you don't want to. Nobody is holding a gun to your head.,DISGUST,Emotion-Plausible
GoEmo_test_0277,pair_186c,You don't have to watch it if you don't want to. Nobody is holding a gun to your head.,FEAR,Emotion-Implausible
GoEmo_test_0277,pair_186d,You don't have to watch it if you don't want to. Nobody is holding a gun to your head.,SURPRISE,Emotion-Plausible
GoEmo_test_0277,pair_186e,You don't have to watch it if you don't want to. Nobody is holding a gun to your head.,NEUTRAL,Emotion-Plausible
GoEmo_test_0277,pair_186f,You don't have to watch it if you don't want to. Nobody is holding a gun to your head.,SADNESS,Emotion-Implausible
GoEmo_test_0277,pair_186g,You don't have to watch it if you don't want to. Nobody is holding a gun to your head.,JOY,Emotion-Implausible
GoEmo_test_0279,pair_187a,"I’m a fan of them in the wild, weasels are interesting. Not as pets, nope.",ANGER,Emotion-Plausible
GoEmo_test_0279,pair_187b,"I’m a fan of them in the wild, weasels are interesting. Not as pets, nope.",DISGUST,Emotion-Plausible
GoEmo_test_0279,pair_187c,"I’m a fan of them in the wild, weasels are interesting. Not as pets, nope.",FEAR,Emotion-Plausible
GoEmo_test_0279,pair_187d,"I’m a fan of them in the wild, weasels are interesting. Not as pets, nope.",SURPRISE,Emotion-Plausible
GoEmo_test_0279,pair_187e,"I’m a fan of them in the wild, weasels are interesting. Not as pets, nope.",NEUTRAL,Emotion-Plausible
GoEmo_test_0279,pair_187f,"I’m a fan of them in the wild, weasels are interesting. Not as pets, nope.",SADNESS,Emotion-Implausible
GoEmo_test_0279,pair_187g,"I’m a fan of them in the wild, weasels are interesting. Not as pets, nope.",JOY,Emotion-Plausible
GoEmo_test_0284,pair_188a,"If [NAME] is being considered for all defense, [NAME] needs more love too",ANGER,Emotion-Plausible
GoEmo_test_0284,pair_188b,"If [NAME] is being considered for all defense, [NAME] needs more love too",DISGUST,Emotion-Implausible
GoEmo_test_0284,pair_188c,"If [NAME] is being considered for all defense, [NAME] needs more love too",FEAR,Emotion-Implausible
GoEmo_test_0284,pair_188d,"If [NAME] is being considered for all defense, [NAME] needs more love too",SURPRISE,Emotion-Plausible
GoEmo_test_0284,pair_188e,"If [NAME] is being considered for all defense, [NAME] needs more love too",NEUTRAL,Emotion-Implausible
GoEmo_test_0284,pair_188f,"If [NAME] is being considered for all defense, [NAME] needs more love too",SADNESS,Emotion-Obvious
GoEmo_test_0284,pair_188g,"If [NAME] is being considered for all defense, [NAME] needs more love too",JOY,Emotion-Plausible
GoEmo_test_0285,pair_189a,Yeah cuz it's not like eggs ever roll over or anything. /s,ANGER,Emotion-Obvious
GoEmo_test_0285,pair_189b,Yeah cuz it's not like eggs ever roll over or anything. /s,DISGUST,Emotion-Plausible
GoEmo_test_0285,pair_189c,Yeah cuz it's not like eggs ever roll over or anything. /s,FEAR,Emotion-Plausible
GoEmo_test_0285,pair_189d,Yeah cuz it's not like eggs ever roll over or anything. /s,SURPRISE,Emotion-Plausible
GoEmo_test_0285,pair_189e,Yeah cuz it's not like eggs ever roll over or anything. /s,NEUTRAL,Emotion-Implausible
GoEmo_test_0285,pair_189f,Yeah cuz it's not like eggs ever roll over or anything. /s,SADNESS,Emotion-Plausible
GoEmo_test_0285,pair_189g,Yeah cuz it's not like eggs ever roll over or anything. /s,JOY,Emotion-Plausible
GoEmo_test_0286,pair_190a,I have a really nice tempurpedic one and about 6 king sized fluffy ones that I use to just fall asleep hugging,ANGER,Emotion-Implausible
GoEmo_test_0286,pair_190b,I have a really nice tempurpedic one and about 6 king sized fluffy ones that I use to just fall asleep hugging,DISGUST,Emotion-Implausible
GoEmo_test_0286,pair_190c,I have a really nice tempurpedic one and about 6 king sized fluffy ones that I use to just fall asleep hugging,FEAR,Emotion-Implausible
GoEmo_test_0286,pair_190d,I have a really nice tempurpedic one and about 6 king sized fluffy ones that I use to just fall asleep hugging,SURPRISE,Emotion-Plausible
GoEmo_test_0286,pair_190e,I have a really nice tempurpedic one and about 6 king sized fluffy ones that I use to just fall asleep hugging,NEUTRAL,Emotion-Plausible
GoEmo_test_0286,pair_190f,I have a really nice tempurpedic one and about 6 king sized fluffy ones that I use to just fall asleep hugging,SADNESS,Emotion-Plausible
GoEmo_test_0286,pair_190g,I have a really nice tempurpedic one and about 6 king sized fluffy ones that I use to just fall asleep hugging,JOY,Emotion-Obvious
GoEmo_test_0287,pair_191a,It's actually remarkable how universally disliked [NAME] is as a commentator in the community but he still commentates at practically every big melee tournament,ANGER,Emotion-Plausible
GoEmo_test_0287,pair_191b,It's actually remarkable how universally disliked [NAME] is as a commentator in the community but he still commentates at practically every big melee tournament,DISGUST,Emotion-Obvious
GoEmo_test_0287,pair_191c,It's actually remarkable how universally disliked [NAME] is as a commentator in the community but he still commentates at practically every big melee tournament,FEAR,Emotion-Implausible
GoEmo_test_0287,pair_191d,It's actually remarkable how universally disliked [NAME] is as a commentator in the community but he still commentates at practically every big melee tournament,SURPRISE,Emotion-Obvious
GoEmo_test_0287,pair_191e,It's actually remarkable how universally disliked [NAME] is as a commentator in the community but he still commentates at practically every big melee tournament,NEUTRAL,Emotion-Plausible
GoEmo_test_0287,pair_191f,It's actually remarkable how universally disliked [NAME] is as a commentator in the community but he still commentates at practically every big melee tournament,SADNESS,Emotion-Plausible
GoEmo_test_0287,pair_191g,It's actually remarkable how universally disliked [NAME] is as a commentator in the community but he still commentates at practically every big melee tournament,JOY,Emotion-Plausible
GoEmo_test_0288,pair_192a,Today is the only day I really hate my job as a dog walker,ANGER,Emotion-Plausible
GoEmo_test_0288,pair_192b,Today is the only day I really hate my job as a dog walker,DISGUST,Emotion-Plausible
GoEmo_test_0288,pair_192c,Today is the only day I really hate my job as a dog walker,FEAR,Emotion-Plausible
GoEmo_test_0288,pair_192d,Today is the only day I really hate my job as a dog walker,SURPRISE,Emotion-Plausible
GoEmo_test_0288,pair_192e,Today is the only day I really hate my job as a dog walker,NEUTRAL,Emotion-Implausible
GoEmo_test_0288,pair_192f,Today is the only day I really hate my job as a dog walker,SADNESS,Emotion-Obvious
GoEmo_test_0288,pair_192g,Today is the only day I really hate my job as a dog walker,JOY,Emotion-Implausible
GoEmo_test_0289,pair_193a,That jawn looks lactose free. Get that cheese mixed in that jawn.,ANGER,Emotion-Plausible
GoEmo_test_0289,pair_193b,That jawn looks lactose free. Get that cheese mixed in that jawn.,DISGUST,Emotion-Plausible
GoEmo_test_0289,pair_193c,That jawn looks lactose free. Get that cheese mixed in that jawn.,FEAR,Emotion-Implausible
GoEmo_test_0289,pair_193d,That jawn looks lactose free. Get that cheese mixed in that jawn.,SURPRISE,Emotion-Implausible
GoEmo_test_0289,pair_193e,That jawn looks lactose free. Get that cheese mixed in that jawn.,NEUTRAL,Emotion-Obvious
GoEmo_test_0289,pair_193f,That jawn looks lactose free. Get that cheese mixed in that jawn.,SADNESS,Emotion-Implausible
GoEmo_test_0289,pair_193g,That jawn looks lactose free. Get that cheese mixed in that jawn.,JOY,Emotion-Plausible
GoEmo_test_0290,pair_194a,"For games starting at 7, the bus was leaving the hotel around 4:30, I think.",ANGER,Emotion-Plausible
GoEmo_test_0290,pair_194b,"For games starting at 7, the bus was leaving the hotel around 4:30, I think.",DISGUST,Emotion-Implausible
GoEmo_test_0290,pair_194c,"For games starting at 7, the bus was leaving the hotel around 4:30, I think.",FEAR,Emotion-Implausible
GoEmo_test_0290,pair_194d,"For games starting at 7, the bus was leaving the hotel around 4:30, I think.",SURPRISE,Emotion-Plausible
GoEmo_test_0290,pair_194e,"For games starting at 7, the bus was leaving the hotel around 4:30, I think.",NEUTRAL,Emotion-Obvious
GoEmo_test_0290,pair_194f,"For games starting at 7, the bus was leaving the hotel around 4:30, I think.",SADNESS,Emotion-Plausible
GoEmo_test_0290,pair_194g,"For games starting at 7, the bus was leaving the hotel around 4:30, I think.",JOY,Emotion-Plausible
GoEmo_test_0291,pair_195a,What was he “healing” you from?,ANGER,Emotion-Plausible
GoEmo_test_0291,pair_195b,What was he “healing” you from?,DISGUST,Emotion-Plausible
GoEmo_test_0291,pair_195c,What was he “healing” you from?,FEAR,Emotion-Plausible
GoEmo_test_0291,pair_195d,What was he “healing” you from?,SURPRISE,Emotion-Obvious
GoEmo_test_0291,pair_195e,What was he “healing” you from?,NEUTRAL,Emotion-Plausible
GoEmo_test_0291,pair_195f,What was he “healing” you from?,SADNESS,Emotion-Implausible
GoEmo_test_0291,pair_195g,What was he “healing” you from?,JOY,Emotion-Plausible
GoEmo_test_0292,pair_196a,"Now I'm wondering if [NAME] drinks, and if he's ever been inebriated during one of his deals.",ANGER,Emotion-Plausible
GoEmo_test_0292,pair_196b,"Now I'm wondering if [NAME] drinks, and if he's ever been inebriated during one of his deals.",DISGUST,Emotion-Plausible
GoEmo_test_0292,pair_196c,"Now I'm wondering if [NAME] drinks, and if he's ever been inebriated during one of his deals.",FEAR,Emotion-Plausible
GoEmo_test_0292,pair_196d,"Now I'm wondering if [NAME] drinks, and if he's ever been inebriated during one of his deals.",SURPRISE,Emotion-Obvious
GoEmo_test_0292,pair_196e,"Now I'm wondering if [NAME] drinks, and if he's ever been inebriated during one of his deals.",NEUTRAL,Emotion-Plausible
GoEmo_test_0292,pair_196f,"Now I'm wondering if [NAME] drinks, and if he's ever been inebriated during one of his deals.",SADNESS,Emotion-Plausible
GoEmo_test_0292,pair_196g,"Now I'm wondering if [NAME] drinks, and if he's ever been inebriated during one of his deals.",JOY,Emotion-Plausible
GoEmo_test_0295,pair_197a,This has already been posted on this subreddit but thanks.,ANGER,Emotion-Plausible
GoEmo_test_0295,pair_197b,This has already been posted on this subreddit but thanks.,DISGUST,Emotion-Implausible
GoEmo_test_0295,pair_197c,This has already been posted on this subreddit but thanks.,FEAR,Emotion-Implausible
GoEmo_test_0295,pair_197d,This has already been posted on this subreddit but thanks.,SURPRISE,Emotion-Implausible
GoEmo_test_0295,pair_197e,This has already been posted on this subreddit but thanks.,NEUTRAL,Emotion-Obvious
GoEmo_test_0295,pair_197f,This has already been posted on this subreddit but thanks.,SADNESS,Emotion-Plausible
GoEmo_test_0295,pair_197g,This has already been posted on this subreddit but thanks.,JOY,Emotion-Plausible
GoEmo_test_0296,pair_198a,I'm confused. Where did I propose anything? I'm just describing how things currently work and what to consider...,ANGER,Emotion-Plausible
GoEmo_test_0296,pair_198b,I'm confused. Where did I propose anything? I'm just describing how things currently work and what to consider...,DISGUST,Emotion-Implausible
GoEmo_test_0296,pair_198c,I'm confused. Where did I propose anything? I'm just describing how things currently work and what to consider...,FEAR,Emotion-Plausible
GoEmo_test_0296,pair_198d,I'm confused. Where did I propose anything? I'm just describing how things currently work and what to consider...,SURPRISE,Emotion-Obvious
GoEmo_test_0296,pair_198e,I'm confused. Where did I propose anything? I'm just describing how things currently work and what to consider...,NEUTRAL,Emotion-Plausible
GoEmo_test_0296,pair_198f,I'm confused. Where did I propose anything? I'm just describing how things currently work and what to consider...,SADNESS,Emotion-Plausible
GoEmo_test_0296,pair_198g,I'm confused. Where did I propose anything? I'm just describing how things currently work and what to consider...,JOY,Emotion-Implausible
GoEmo_test_0297,pair_199a,They NEVER guard against that!,ANGER,Emotion-Plausible
GoEmo_test_0297,pair_199b,They NEVER guard against that!,DISGUST,Emotion-Plausible
GoEmo_test_0297,pair_199c,They NEVER guard against that!,FEAR,Emotion-Plausible
GoEmo_test_0297,pair_199d,They NEVER guard against that!,SURPRISE,Emotion-Obvious
GoEmo_test_0297,pair_199e,They NEVER guard against that!,NEUTRAL,Emotion-Implausible
GoEmo_test_0297,pair_199f,They NEVER guard against that!,SADNESS,Emotion-Plausible
GoEmo_test_0297,pair_199g,They NEVER guard against that!,JOY,Emotion-Plausible
GoEmo_test_0298,pair_200a,"Let it go, look to the future, do not live in the past",ANGER,Emotion-Plausible
GoEmo_test_0298,pair_200b,"Let it go, look to the future, do not live in the past",DISGUST,Emotion-Implausible
GoEmo_test_0298,pair_200c,"Let it go, look to the future, do not live in the past",FEAR,Emotion-Plausible
GoEmo_test_0298,pair_200d,"Let it go, look to the future, do not live in the past",SURPRISE,Emotion-Plausible
GoEmo_test_0298,pair_200e,"Let it go, look to the future, do not live in the past",NEUTRAL,Emotion-Obvious
GoEmo_test_0298,pair_200f,"Let it go, look to the future, do not live in the past",SADNESS,Emotion-Plausible
GoEmo_test_0298,pair_200g,"Let it go, look to the future, do not live in the past",JOY,Emotion-Plausible
GoEmo_test_0300,pair_201a,"They're off thinking about ways they can avoid topics and deflect more, since they seem so good at that lately.",ANGER,Emotion-Obvious
GoEmo_test_0300,pair_201b,"They're off thinking about ways they can avoid topics and deflect more, since they seem so good at that lately.",DISGUST,Emotion-Obvious
GoEmo_test_0300,pair_201c,"They're off thinking about ways they can avoid topics and deflect more, since they seem so good at that lately.",FEAR,Emotion-Plausible
GoEmo_test_0300,pair_201d,"They're off thinking about ways they can avoid topics and deflect more, since they seem so good at that lately.",SURPRISE,Emotion-Plausible
GoEmo_test_0300,pair_201e,"They're off thinking about ways they can avoid topics and deflect more, since they seem so good at that lately.",NEUTRAL,Emotion-Implausible
GoEmo_test_0300,pair_201f,"They're off thinking about ways they can avoid topics and deflect more, since they seem so good at that lately.",SADNESS,Emotion-Plausible
GoEmo_test_0300,pair_201g,"They're off thinking about ways they can avoid topics and deflect more, since they seem so good at that lately.",JOY,Emotion-Plausible
GoEmo_test_0301,pair_202a,"So she knows of 3 languages, Wonder what they are?",ANGER,Emotion-Plausible
GoEmo_test_0301,pair_202b,"So she knows of 3 languages, Wonder what they are?",DISGUST,Emotion-Plausible
GoEmo_test_0301,pair_202c,"So she knows of 3 languages, Wonder what they are?",FEAR,Emotion-Plausible
GoEmo_test_0301,pair_202d,"So she knows of 3 languages, Wonder what they are?",SURPRISE,Emotion-Plausible
GoEmo_test_0301,pair_202e,"So she knows of 3 languages, Wonder what they are?",NEUTRAL,Emotion-Obvious
GoEmo_test_0301,pair_202f,"So she knows of 3 languages, Wonder what they are?",SADNESS,Emotion-Plausible
GoEmo_test_0301,pair_202g,"So she knows of 3 languages, Wonder what they are?",JOY,Emotion-Plausible
GoEmo_test_0303,pair_203a,just when you think it can't get worse...,ANGER,Emotion-Plausible
GoEmo_test_0303,pair_203b,just when you think it can't get worse...,DISGUST,Emotion-Plausible
GoEmo_test_0303,pair_203c,just when you think it can't get worse...,FEAR,Emotion-Plausible
GoEmo_test_0303,pair_203d,just when you think it can't get worse...,SURPRISE,Emotion-Obvious
GoEmo_test_0303,pair_203e,just when you think it can't get worse...,NEUTRAL,Emotion-Implausible
GoEmo_test_0303,pair_203f,just when you think it can't get worse...,SADNESS,Emotion-Obvious
GoEmo_test_0303,pair_203g,just when you think it can't get worse...,JOY,Emotion-Plausible
GoEmo_test_0304,pair_204a,[NAME] will never do anything to help you. You must stand up for yourself.,ANGER,Emotion-Obvious
GoEmo_test_0304,pair_204b,[NAME] will never do anything to help you. You must stand up for yourself.,DISGUST,Emotion-Plausible
GoEmo_test_0304,pair_204c,[NAME] will never do anything to help you. You must stand up for yourself.,FEAR,Emotion-Plausible
GoEmo_test_0304,pair_204d,[NAME] will never do anything to help you. You must stand up for yourself.,SURPRISE,Emotion-Implausible
GoEmo_test_0304,pair_204e,[NAME] will never do anything to help you. You must stand up for yourself.,NEUTRAL,Emotion-Implausible
GoEmo_test_0304,pair_204f,[NAME] will never do anything to help you. You must stand up for yourself.,SADNESS,Emotion-Plausible
GoEmo_test_0304,pair_204g,[NAME] will never do anything to help you. You must stand up for yourself.,JOY,Emotion-Implausible
GoEmo_test_0305,pair_205a,It’s endless the amount of white papers written in the last 3/4 years. Not one has been any good or any use,ANGER,Emotion-Plausible
GoEmo_test_0305,pair_205b,It’s endless the amount of white papers written in the last 3/4 years. Not one has been any good or any use,DISGUST,Emotion-Obvious
GoEmo_test_0305,pair_205c,It’s endless the amount of white papers written in the last 3/4 years. Not one has been any good or any use,FEAR,Emotion-Plausible
GoEmo_test_0305,pair_205d,It’s endless the amount of white papers written in the last 3/4 years. Not one has been any good or any use,SURPRISE,Emotion-Plausible
GoEmo_test_0305,pair_205e,It’s endless the amount of white papers written in the last 3/4 years. Not one has been any good or any use,NEUTRAL,Emotion-Implausible
GoEmo_test_0305,pair_205f,It’s endless the amount of white papers written in the last 3/4 years. Not one has been any good or any use,SADNESS,Emotion-Plausible
GoEmo_test_0305,pair_205g,It’s endless the amount of white papers written in the last 3/4 years. Not one has been any good or any use,JOY,Emotion-Implausible
GoEmo_test_0307,pair_206a,Oh [NAME] it's happening again!,ANGER,Emotion-Plausible
GoEmo_test_0307,pair_206b,Oh [NAME] it's happening again!,DISGUST,Emotion-Plausible
GoEmo_test_0307,pair_206c,Oh [NAME] it's happening again!,FEAR,Emotion-Plausible
GoEmo_test_0307,pair_206d,Oh [NAME] it's happening again!,SURPRISE,Emotion-Obvious
GoEmo_test_0307,pair_206e,Oh [NAME] it's happening again!,NEUTRAL,Emotion-Plausible
GoEmo_test_0307,pair_206f,Oh [NAME] it's happening again!,SADNESS,Emotion-Plausible
GoEmo_test_0307,pair_206g,Oh [NAME] it's happening again!,JOY,Emotion-Plausible
GoEmo_test_0308,pair_207a,209 comments and we don’t get to read any? All that good pasta advice going to waste. Shame.,ANGER,Emotion-Plausible
GoEmo_test_0308,pair_207b,209 comments and we don’t get to read any? All that good pasta advice going to waste. Shame.,DISGUST,Emotion-Plausible
GoEmo_test_0308,pair_207c,209 comments and we don’t get to read any? All that good pasta advice going to waste. Shame.,FEAR,Emotion-Implausible
GoEmo_test_0308,pair_207d,209 comments and we don’t get to read any? All that good pasta advice going to waste. Shame.,SURPRISE,Emotion-Obvious
GoEmo_test_0308,pair_207e,209 comments and we don’t get to read any? All that good pasta advice going to waste. Shame.,NEUTRAL,Emotion-Implausible
GoEmo_test_0308,pair_207f,209 comments and we don’t get to read any? All that good pasta advice going to waste. Shame.,SADNESS,Emotion-Obvious
GoEmo_test_0308,pair_207g,209 comments and we don’t get to read any? All that good pasta advice going to waste. Shame.,JOY,Emotion-Plausible
GoEmo_test_0310,pair_208a,So clearly you have vast knowledge of linear algebra and can fact check the entire paper Nd disprove it?,ANGER,Emotion-Plausible
GoEmo_test_0310,pair_208b,So clearly you have vast knowledge of linear algebra and can fact check the entire paper Nd disprove it?,DISGUST,Emotion-Plausible
GoEmo_test_0310,pair_208c,So clearly you have vast knowledge of linear algebra and can fact check the entire paper Nd disprove it?,FEAR,Emotion-Plausible
GoEmo_test_0310,pair_208d,So clearly you have vast knowledge of linear algebra and can fact check the entire paper Nd disprove it?,SURPRISE,Emotion-Obvious
GoEmo_test_0310,pair_208e,So clearly you have vast knowledge of linear algebra and can fact check the entire paper Nd disprove it?,NEUTRAL,Emotion-Implausible
GoEmo_test_0310,pair_208f,So clearly you have vast knowledge of linear algebra and can fact check the entire paper Nd disprove it?,SADNESS,Emotion-Plausible
GoEmo_test_0310,pair_208g,So clearly you have vast knowledge of linear algebra and can fact check the entire paper Nd disprove it?,JOY,Emotion-Plausible
GoEmo_test_0311,pair_209a,I **LOVE** that the players are finally getting into the game. People feel invested! I like that!,ANGER,Emotion-Implausible
GoEmo_test_0311,pair_209b,I **LOVE** that the players are finally getting into the game. People feel invested! I like that!,DISGUST,Emotion-Implausible
GoEmo_test_0311,pair_209c,I **LOVE** that the players are finally getting into the game. People feel invested! I like that!,FEAR,Emotion-Implausible
GoEmo_test_0311,pair_209d,I **LOVE** that the players are finally getting into the game. People feel invested! I like that!,SURPRISE,Emotion-Plausible
GoEmo_test_0311,pair_209e,I **LOVE** that the players are finally getting into the game. People feel invested! I like that!,NEUTRAL,Emotion-Implausible
GoEmo_test_0311,pair_209f,I **LOVE** that the players are finally getting into the game. People feel invested! I like that!,SADNESS,Emotion-Implausible
GoEmo_test_0311,pair_209g,I **LOVE** that the players are finally getting into the game. People feel invested! I like that!,JOY,Emotion-Obvious
GoEmo_test_0314,pair_210a,"When religious freedom is limited, then you don't have religious freedom. Secularism is a religion, and trumps other religions in secular lands.",ANGER,Emotion-Plausible
GoEmo_test_0314,pair_210b,"When religious freedom is limited, then you don't have religious freedom. Secularism is a religion, and trumps other religions in secular lands.",DISGUST,Emotion-Plausible
GoEmo_test_0314,pair_210c,"When religious freedom is limited, then you don't have religious freedom. Secularism is a religion, and trumps other religions in secular lands.",FEAR,Emotion-Plausible
GoEmo_test_0314,pair_210d,"When religious freedom is limited, then you don't have religious freedom. Secularism is a religion, and trumps other religions in secular lands.",SURPRISE,Emotion-Plausible
GoEmo_test_0314,pair_210e,"When religious freedom is limited, then you don't have religious freedom. Secularism is a religion, and trumps other religions in secular lands.",NEUTRAL,Emotion-Obvious
GoEmo_test_0314,pair_210f,"When religious freedom is limited, then you don't have religious freedom. Secularism is a religion, and trumps other religions in secular lands.",SADNESS,Emotion-Plausible
GoEmo_test_0314,pair_210g,"When religious freedom is limited, then you don't have religious freedom. Secularism is a religion, and trumps other religions in secular lands.",JOY,Emotion-Plausible
GoEmo_test_0316,pair_211a,"What is beautiful about this planet? Nature is cold, harsh and full of suffering and pain. There is nothing beautiful at all about it.",ANGER,Emotion-Plausible
GoEmo_test_0316,pair_211b,"What is beautiful about this planet? Nature is cold, harsh and full of suffering and pain. There is nothing beautiful at all about it.",DISGUST,Emotion-Obvious
GoEmo_test_0316,pair_211c,"What is beautiful about this planet? Nature is cold, harsh and full of suffering and pain. There is nothing beautiful at all about it.",FEAR,Emotion-Implausible
GoEmo_test_0316,pair_211d,"What is beautiful about this planet? Nature is cold, harsh and full of suffering and pain. There is nothing beautiful at all about it.",SURPRISE,Emotion-Implausible
GoEmo_test_0316,pair_211e,"What is beautiful about this planet? Nature is cold, harsh and full of suffering and pain. There is nothing beautiful at all about it.",NEUTRAL,Emotion-Implausible
GoEmo_test_0316,pair_211f,"What is beautiful about this planet? Nature is cold, harsh and full of suffering and pain. There is nothing beautiful at all about it.",SADNESS,Emotion-Obvious
GoEmo_test_0316,pair_211g,"What is beautiful about this planet? Nature is cold, harsh and full of suffering and pain. There is nothing beautiful at all about it.",JOY,Emotion-Implausible
GoEmo_test_0318,pair_212a,Everyone knows the good [NAME] are the dirty little devil's,ANGER,Emotion-Obvious
GoEmo_test_0318,pair_212b,Everyone knows the good [NAME] are the dirty little devil's,DISGUST,Emotion-Obvious
GoEmo_test_0318,pair_212c,Everyone knows the good [NAME] are the dirty little devil's,FEAR,Emotion-Plausible
GoEmo_test_0318,pair_212d,Everyone knows the good [NAME] are the dirty little devil's,SURPRISE,Emotion-Plausible
GoEmo_test_0318,pair_212e,Everyone knows the good [NAME] are the dirty little devil's,NEUTRAL,Emotion-Implausible
GoEmo_test_0318,pair_212f,Everyone knows the good [NAME] are the dirty little devil's,SADNESS,Emotion-Plausible
GoEmo_test_0318,pair_212g,Everyone knows the good [NAME] are the dirty little devil's,JOY,Emotion-Plausible
GoEmo_test_0320,pair_213a,Looks like he has a history of being an awful human:,ANGER,Emotion-Plausible
GoEmo_test_0320,pair_213b,Looks like he has a history of being an awful human:,DISGUST,Emotion-Obvious
GoEmo_test_0320,pair_213c,Looks like he has a history of being an awful human:,FEAR,Emotion-Plausible
GoEmo_test_0320,pair_213d,Looks like he has a history of being an awful human:,SURPRISE,Emotion-Plausible
GoEmo_test_0320,pair_213e,Looks like he has a history of being an awful human:,NEUTRAL,Emotion-Implausible
GoEmo_test_0320,pair_213f,Looks like he has a history of being an awful human:,SADNESS,Emotion-Plausible
GoEmo_test_0320,pair_213g,Looks like he has a history of being an awful human:,JOY,Emotion-Plausible
GoEmo_test_0322,pair_214a,I think teams will still cut the cross-seam that made [NAME] and [NAME] so deadly last year. This is awesome nonetheless.,ANGER,Emotion-Plausible
GoEmo_test_0322,pair_214b,I think teams will still cut the cross-seam that made [NAME] and [NAME] so deadly last year. This is awesome nonetheless.,DISGUST,Emotion-Implausible
GoEmo_test_0322,pair_214c,I think teams will still cut the cross-seam that made [NAME] and [NAME] so deadly last year. This is awesome nonetheless.,FEAR,Emotion-Implausible
GoEmo_test_0322,pair_214d,I think teams will still cut the cross-seam that made [NAME] and [NAME] so deadly last year. This is awesome nonetheless.,SURPRISE,Emotion-Implausible
GoEmo_test_0322,pair_214e,I think teams will still cut the cross-seam that made [NAME] and [NAME] so deadly last year. This is awesome nonetheless.,NEUTRAL,Emotion-Implausible
GoEmo_test_0322,pair_214f,I think teams will still cut the cross-seam that made [NAME] and [NAME] so deadly last year. This is awesome nonetheless.,SADNESS,Emotion-Plausible
GoEmo_test_0322,pair_214g,I think teams will still cut the cross-seam that made [NAME] and [NAME] so deadly last year. This is awesome nonetheless.,JOY,Emotion-Obvious
GoEmo_test_0324,pair_215a,Less than 75 years ago my grandparents had swastikas burned on their front lawn in South Carolina after fleeing from Germany.,ANGER,Emotion-Plausible
GoEmo_test_0324,pair_215b,Less than 75 years ago my grandparents had swastikas burned on their front lawn in South Carolina after fleeing from Germany.,DISGUST,Emotion-Plausible
GoEmo_test_0324,pair_215c,Less than 75 years ago my grandparents had swastikas burned on their front lawn in South Carolina after fleeing from Germany.,FEAR,Emotion-Plausible
GoEmo_test_0324,pair_215d,Less than 75 years ago my grandparents had swastikas burned on their front lawn in South Carolina after fleeing from Germany.,SURPRISE,Emotion-Plausible
GoEmo_test_0324,pair_215e,Less than 75 years ago my grandparents had swastikas burned on their front lawn in South Carolina after fleeing from Germany.,NEUTRAL,Emotion-Plausible
GoEmo_test_0324,pair_215f,Less than 75 years ago my grandparents had swastikas burned on their front lawn in South Carolina after fleeing from Germany.,SADNESS,Emotion-Obvious
GoEmo_test_0324,pair_215g,Less than 75 years ago my grandparents had swastikas burned on their front lawn in South Carolina after fleeing from Germany.,JOY,Emotion-Implausible
GoEmo_test_0325,pair_216a,"Seeing how I was as a teen and how most teens are, nope! Dont want to deal with that.",ANGER,Emotion-Plausible
GoEmo_test_0325,pair_216b,"Seeing how I was as a teen and how most teens are, nope! Dont want to deal with that.",DISGUST,Emotion-Plausible
GoEmo_test_0325,pair_216c,"Seeing how I was as a teen and how most teens are, nope! Dont want to deal with that.",FEAR,Emotion-Plausible
GoEmo_test_0325,pair_216d,"Seeing how I was as a teen and how most teens are, nope! Dont want to deal with that.",SURPRISE,Emotion-Implausible
GoEmo_test_0325,pair_216e,"Seeing how I was as a teen and how most teens are, nope! Dont want to deal with that.",NEUTRAL,Emotion-Implausible
GoEmo_test_0325,pair_216f,"Seeing how I was as a teen and how most teens are, nope! Dont want to deal with that.",SADNESS,Emotion-Plausible
GoEmo_test_0325,pair_216g,"Seeing how I was as a teen and how most teens are, nope! Dont want to deal with that.",JOY,Emotion-Plausible
GoEmo_test_0326,pair_217a,I think the real reason is good press and booze,ANGER,Emotion-Plausible
GoEmo_test_0326,pair_217b,I think the real reason is good press and booze,DISGUST,Emotion-Plausible
GoEmo_test_0326,pair_217c,I think the real reason is good press and booze,FEAR,Emotion-Implausible
GoEmo_test_0326,pair_217d,I think the real reason is good press and booze,SURPRISE,Emotion-Plausible
GoEmo_test_0326,pair_217e,I think the real reason is good press and booze,NEUTRAL,Emotion-Implausible
GoEmo_test_0326,pair_217f,I think the real reason is good press and booze,SADNESS,Emotion-Plausible
GoEmo_test_0326,pair_217g,I think the real reason is good press and booze,JOY,Emotion-Plausible
GoEmo_test_0327,pair_218a,It’s a joke.,ANGER,Emotion-Plausible
GoEmo_test_0327,pair_218b,It’s a joke.,DISGUST,Emotion-Plausible
GoEmo_test_0327,pair_218c,It’s a joke.,FEAR,Emotion-Plausible
GoEmo_test_0327,pair_218d,It’s a joke.,SURPRISE,Emotion-Plausible
GoEmo_test_0327,pair_218e,It’s a joke.,NEUTRAL,Emotion-Obvious
GoEmo_test_0327,pair_218f,It’s a joke.,SADNESS,Emotion-Plausible
GoEmo_test_0327,pair_218g,It’s a joke.,JOY,Emotion-Plausible
GoEmo_test_0328,pair_219a,No! They’re still on the sidewalk right there! With literally absolutely no way around them!,ANGER,Emotion-Obvious
GoEmo_test_0328,pair_219b,No! They’re still on the sidewalk right there! With literally absolutely no way around them!,DISGUST,Emotion-Obvious
GoEmo_test_0328,pair_219c,No! They’re still on the sidewalk right there! With literally absolutely no way around them!,FEAR,Emotion-Plausible
GoEmo_test_0328,pair_219d,No! They’re still on the sidewalk right there! With literally absolutely no way around them!,SURPRISE,Emotion-Plausible
GoEmo_test_0328,pair_219e,No! They’re still on the sidewalk right there! With literally absolutely no way around them!,NEUTRAL,Emotion-Implausible
GoEmo_test_0328,pair_219f,No! They’re still on the sidewalk right there! With literally absolutely no way around them!,SADNESS,Emotion-Plausible
GoEmo_test_0328,pair_219g,No! They’re still on the sidewalk right there! With literally absolutely no way around them!,JOY,Emotion-Implausible
GoEmo_test_0329,pair_220a,Time flies when you're a semiprofessional quotemaker. I wonder what he's up to these days.,ANGER,Emotion-Plausible
GoEmo_test_0329,pair_220b,Time flies when you're a semiprofessional quotemaker. I wonder what he's up to these days.,DISGUST,Emotion-Plausible
GoEmo_test_0329,pair_220c,Time flies when you're a semiprofessional quotemaker. I wonder what he's up to these days.,FEAR,Emotion-Implausible
GoEmo_test_0329,pair_220d,Time flies when you're a semiprofessional quotemaker. I wonder what he's up to these days.,SURPRISE,Emotion-Plausible
GoEmo_test_0329,pair_220e,Time flies when you're a semiprofessional quotemaker. I wonder what he's up to these days.,NEUTRAL,Emotion-Obvious
GoEmo_test_0329,pair_220f,Time flies when you're a semiprofessional quotemaker. I wonder what he's up to these days.,SADNESS,Emotion-Implausible
GoEmo_test_0329,pair_220g,Time flies when you're a semiprofessional quotemaker. I wonder what he's up to these days.,JOY,Emotion-Plausible
GoEmo_test_0330,pair_221a,thank you !,ANGER,Emotion-Plausible
GoEmo_test_0330,pair_221b,thank you !,DISGUST,Emotion-Plausible
GoEmo_test_0330,pair_221c,thank you !,FEAR,Emotion-Implausible
GoEmo_test_0330,pair_221d,thank you !,SURPRISE,Emotion-Plausible
GoEmo_test_0330,pair_221e,thank you !,NEUTRAL,Emotion-Plausible
GoEmo_test_0330,pair_221f,thank you !,SADNESS,Emotion-Plausible
GoEmo_test_0330,pair_221g,thank you !,JOY,Emotion-Obvious
GoEmo_test_0331,pair_222a,I live here! Apparently I need to be keeping my eyes open.,ANGER,Emotion-Obvious
GoEmo_test_0331,pair_222b,I live here! Apparently I need to be keeping my eyes open.,DISGUST,Emotion-Plausible
GoEmo_test_0331,pair_222c,I live here! Apparently I need to be keeping my eyes open.,FEAR,Emotion-Plausible
GoEmo_test_0331,pair_222d,I live here! Apparently I need to be keeping my eyes open.,SURPRISE,Emotion-Obvious
GoEmo_test_0331,pair_222e,I live here! Apparently I need to be keeping my eyes open.,NEUTRAL,Emotion-Implausible
GoEmo_test_0331,pair_222f,I live here! Apparently I need to be keeping my eyes open.,SADNESS,Emotion-Plausible
GoEmo_test_0331,pair_222g,I live here! Apparently I need to be keeping my eyes open.,JOY,Emotion-Plausible
GoEmo_test_0332,pair_223a,I much prefer when the CB is given a taste of their own medicine. Far more satisfying than being polite. This one is great!,ANGER,Emotion-Obvious
GoEmo_test_0332,pair_223b,I much prefer when the CB is given a taste of their own medicine. Far more satisfying than being polite. This one is great!,DISGUST,Emotion-Plausible
GoEmo_test_0332,pair_223c,I much prefer when the CB is given a taste of their own medicine. Far more satisfying than being polite. This one is great!,FEAR,Emotion-Implausible
GoEmo_test_0332,pair_223d,I much prefer when the CB is given a taste of their own medicine. Far more satisfying than being polite. This one is great!,SURPRISE,Emotion-Plausible
GoEmo_test_0332,pair_223e,I much prefer when the CB is given a taste of their own medicine. Far more satisfying than being polite. This one is great!,NEUTRAL,Emotion-Implausible
GoEmo_test_0332,pair_223f,I much prefer when the CB is given a taste of their own medicine. Far more satisfying than being polite. This one is great!,SADNESS,Emotion-Implausible
GoEmo_test_0332,pair_223g,I much prefer when the CB is given a taste of their own medicine. Far more satisfying than being polite. This one is great!,JOY,Emotion-Obvious
GoEmo_test_0333,pair_224a,Shes awful and its all about her. Try again. And when the show has awful ratings thatll be confirmed.,ANGER,Emotion-Obvious
GoEmo_test_0333,pair_224b,Shes awful and its all about her. Try again. And when the show has awful ratings thatll be confirmed.,DISGUST,Emotion-Obvious
GoEmo_test_0333,pair_224c,Shes awful and its all about her. Try again. And when the show has awful ratings thatll be confirmed.,FEAR,Emotion-Implausible
GoEmo_test_0333,pair_224d,Shes awful and its all about her. Try again. And when the show has awful ratings thatll be confirmed.,SURPRISE,Emotion-Implausible
GoEmo_test_0333,pair_224e,Shes awful and its all about her. Try again. And when the show has awful ratings thatll be confirmed.,NEUTRAL,Emotion-Implausible
GoEmo_test_0333,pair_224f,Shes awful and its all about her. Try again. And when the show has awful ratings thatll be confirmed.,SADNESS,Emotion-Implausible
GoEmo_test_0333,pair_224g,Shes awful and its all about her. Try again. And when the show has awful ratings thatll be confirmed.,JOY,Emotion-Plausible
GoEmo_test_0336,pair_225a,Not yet! But I waiting for a miracle any year now!!,ANGER,Emotion-Plausible
GoEmo_test_0336,pair_225b,Not yet! But I waiting for a miracle any year now!!,DISGUST,Emotion-Implausible
GoEmo_test_0336,pair_225c,Not yet! But I waiting for a miracle any year now!!,FEAR,Emotion-Implausible
GoEmo_test_0336,pair_225d,Not yet! But I waiting for a miracle any year now!!,SURPRISE,Emotion-Plausible
GoEmo_test_0336,pair_225e,Not yet! But I waiting for a miracle any year now!!,NEUTRAL,Emotion-Implausible
GoEmo_test_0336,pair_225f,Not yet! But I waiting for a miracle any year now!!,SADNESS,Emotion-Plausible
GoEmo_test_0336,pair_225g,Not yet! But I waiting for a miracle any year now!!,JOY,Emotion-Plausible
GoEmo_test_0337,pair_226a,"And then you're stuck on that medication for life, sounds like a scary trade-off.",ANGER,Emotion-Plausible
GoEmo_test_0337,pair_226b,"And then you're stuck on that medication for life, sounds like a scary trade-off.",DISGUST,Emotion-Obvious
GoEmo_test_0337,pair_226c,"And then you're stuck on that medication for life, sounds like a scary trade-off.",FEAR,Emotion-Plausible
GoEmo_test_0337,pair_226d,"And then you're stuck on that medication for life, sounds like a scary trade-off.",SURPRISE,Emotion-Plausible
GoEmo_test_0337,pair_226e,"And then you're stuck on that medication for life, sounds like a scary trade-off.",NEUTRAL,Emotion-Implausible
GoEmo_test_0337,pair_226f,"And then you're stuck on that medication for life, sounds like a scary trade-off.",SADNESS,Emotion-Obvious
GoEmo_test_0337,pair_226g,"And then you're stuck on that medication for life, sounds like a scary trade-off.",JOY,Emotion-Implausible
GoEmo_test_0338,pair_227a,"I'd love to collab with some reddit folks on NFL Draft prospect scouting, rankings and mock drafts if anyone is interested.",ANGER,Emotion-Implausible
GoEmo_test_0338,pair_227b,"I'd love to collab with some reddit folks on NFL Draft prospect scouting, rankings and mock drafts if anyone is interested.",DISGUST,Emotion-Implausible
GoEmo_test_0338,pair_227c,"I'd love to collab with some reddit folks on NFL Draft prospect scouting, rankings and mock drafts if anyone is interested.",FEAR,Emotion-Implausible
GoEmo_test_0338,pair_227d,"I'd love to collab with some reddit folks on NFL Draft prospect scouting, rankings and mock drafts if anyone is interested.",SURPRISE,Emotion-Implausible
GoEmo_test_0338,pair_227e,"I'd love to collab with some reddit folks on NFL Draft prospect scouting, rankings and mock drafts if anyone is interested.",NEUTRAL,Emotion-Plausible
GoEmo_test_0338,pair_227f,"I'd love to collab with some reddit folks on NFL Draft prospect scouting, rankings and mock drafts if anyone is interested.",SADNESS,Emotion-Implausible
GoEmo_test_0338,pair_227g,"I'd love to collab with some reddit folks on NFL Draft prospect scouting, rankings and mock drafts if anyone is interested.",JOY,Emotion-Plausible
GoEmo_test_0339,pair_228a,Well I heard advice everyone to listen to this episode it was extremely interesting.,ANGER,Emotion-Plausible
GoEmo_test_0339,pair_228b,Well I heard advice everyone to listen to this episode it was extremely interesting.,DISGUST,Emotion-Implausible
GoEmo_test_0339,pair_228c,Well I heard advice everyone to listen to this episode it was extremely interesting.,FEAR,Emotion-Implausible
GoEmo_test_0339,pair_228d,Well I heard advice everyone to listen to this episode it was extremely interesting.,SURPRISE,Emotion-Plausible
GoEmo_test_0339,pair_228e,Well I heard advice everyone to listen to this episode it was extremely interesting.,NEUTRAL,Emotion-Plausible
GoEmo_test_0339,pair_228f,Well I heard advice everyone to listen to this episode it was extremely interesting.,SADNESS,Emotion-Plausible
GoEmo_test_0339,pair_228g,Well I heard advice everyone to listen to this episode it was extremely interesting.,JOY,Emotion-Obvious
GoEmo_test_0340,pair_229a,"I downloaded this album yesterday, and love it!",ANGER,Emotion-Plausible
GoEmo_test_0340,pair_229b,"I downloaded this album yesterday, and love it!",DISGUST,Emotion-Implausible
GoEmo_test_0340,pair_229c,"I downloaded this album yesterday, and love it!",FEAR,Emotion-Implausible
GoEmo_test_0340,pair_229d,"I downloaded this album yesterday, and love it!",SURPRISE,Emotion-Plausible
GoEmo_test_0340,pair_229e,"I downloaded this album yesterday, and love it!",NEUTRAL,Emotion-Implausible
GoEmo_test_0340,pair_229f,"I downloaded this album yesterday, and love it!",SADNESS,Emotion-Implausible
GoEmo_test_0340,pair_229g,"I downloaded this album yesterday, and love it!",JOY,Emotion-Obvious
GoEmo_test_0341,pair_230a,Thank you; I tried.,ANGER,Emotion-Plausible
GoEmo_test_0341,pair_230b,Thank you; I tried.,DISGUST,Emotion-Implausible
GoEmo_test_0341,pair_230c,Thank you; I tried.,FEAR,Emotion-Implausible
GoEmo_test_0341,pair_230d,Thank you; I tried.,SURPRISE,Emotion-Implausible
GoEmo_test_0341,pair_230e,Thank you; I tried.,NEUTRAL,Emotion-Obvious
GoEmo_test_0341,pair_230f,Thank you; I tried.,SADNESS,Emotion-Plausible
GoEmo_test_0341,pair_230g,Thank you; I tried.,JOY,Emotion-Plausible
GoEmo_test_0342,pair_231a,Me either. But I sometimes fantasize about it.,ANGER,Emotion-Implausible
GoEmo_test_0342,pair_231b,Me either. But I sometimes fantasize about it.,DISGUST,Emotion-Implausible
GoEmo_test_0342,pair_231c,Me either. But I sometimes fantasize about it.,FEAR,Emotion-Plausible
GoEmo_test_0342,pair_231d,Me either. But I sometimes fantasize about it.,SURPRISE,Emotion-Plausible
GoEmo_test_0342,pair_231e,Me either. But I sometimes fantasize about it.,NEUTRAL,Emotion-Implausible
GoEmo_test_0342,pair_231f,Me either. But I sometimes fantasize about it.,SADNESS,Emotion-Plausible
GoEmo_test_0342,pair_231g,Me either. But I sometimes fantasize about it.,JOY,Emotion-Plausible
GoEmo_test_0343,pair_232a,"Ahh, so the exact same place he was last time. wonderful lol",ANGER,Emotion-Plausible
GoEmo_test_0343,pair_232b,"Ahh, so the exact same place he was last time. wonderful lol",DISGUST,Emotion-Plausible
GoEmo_test_0343,pair_232c,"Ahh, so the exact same place he was last time. wonderful lol",FEAR,Emotion-Implausible
GoEmo_test_0343,pair_232d,"Ahh, so the exact same place he was last time. wonderful lol",SURPRISE,Emotion-Plausible
GoEmo_test_0343,pair_232e,"Ahh, so the exact same place he was last time. wonderful lol",NEUTRAL,Emotion-Implausible
GoEmo_test_0343,pair_232f,"Ahh, so the exact same place he was last time. wonderful lol",SADNESS,Emotion-Plausible
GoEmo_test_0343,pair_232g,"Ahh, so the exact same place he was last time. wonderful lol",JOY,Emotion-Plausible
GoEmo_test_0345,pair_233a,"Probably, I knew this lawn chair was a bad idea.",ANGER,Emotion-Plausible
GoEmo_test_0345,pair_233b,"Probably, I knew this lawn chair was a bad idea.",DISGUST,Emotion-Plausible
GoEmo_test_0345,pair_233c,"Probably, I knew this lawn chair was a bad idea.",FEAR,Emotion-Implausible
GoEmo_test_0345,pair_233d,"Probably, I knew this lawn chair was a bad idea.",SURPRISE,Emotion-Implausible
GoEmo_test_0345,pair_233e,"Probably, I knew this lawn chair was a bad idea.",NEUTRAL,Emotion-Implausible
GoEmo_test_0345,pair_233f,"Probably, I knew this lawn chair was a bad idea.",SADNESS,Emotion-Obvious
GoEmo_test_0345,pair_233g,"Probably, I knew this lawn chair was a bad idea.",JOY,Emotion-Plausible
GoEmo_test_0347,pair_234a,He’s going to the Bengals at 11 and I hate it so much,ANGER,Emotion-Obvious
GoEmo_test_0347,pair_234b,He’s going to the Bengals at 11 and I hate it so much,DISGUST,Emotion-Obvious
GoEmo_test_0347,pair_234c,He’s going to the Bengals at 11 and I hate it so much,FEAR,Emotion-Plausible
GoEmo_test_0347,pair_234d,He’s going to the Bengals at 11 and I hate it so much,SURPRISE,Emotion-Implausible
GoEmo_test_0347,pair_234e,He’s going to the Bengals at 11 and I hate it so much,NEUTRAL,Emotion-Implausible
GoEmo_test_0347,pair_234f,He’s going to the Bengals at 11 and I hate it so much,SADNESS,Emotion-Plausible
GoEmo_test_0347,pair_234g,He’s going to the Bengals at 11 and I hate it so much,JOY,Emotion-Implausible
GoEmo_test_0349,pair_235a,Have you tried having wealthy parents?,ANGER,Emotion-Plausible
GoEmo_test_0349,pair_235b,Have you tried having wealthy parents?,DISGUST,Emotion-Plausible
GoEmo_test_0349,pair_235c,Have you tried having wealthy parents?,FEAR,Emotion-Implausible
GoEmo_test_0349,pair_235d,Have you tried having wealthy parents?,SURPRISE,Emotion-Implausible
GoEmo_test_0349,pair_235e,Have you tried having wealthy parents?,NEUTRAL,Emotion-Implausible
GoEmo_test_0349,pair_235f,Have you tried having wealthy parents?,SADNESS,Emotion-Plausible
GoEmo_test_0349,pair_235g,Have you tried having wealthy parents?,JOY,Emotion-Plausible
GoEmo_test_0351,pair_236a,Make fun of them all you want; fact is they won during the regular season when we couldn't.,ANGER,Emotion-Obvious
GoEmo_test_0351,pair_236b,Make fun of them all you want; fact is they won during the regular season when we couldn't.,DISGUST,Emotion-Plausible
GoEmo_test_0351,pair_236c,Make fun of them all you want; fact is they won during the regular season when we couldn't.,FEAR,Emotion-Implausible
GoEmo_test_0351,pair_236d,Make fun of them all you want; fact is they won during the regular season when we couldn't.,SURPRISE,Emotion-Plausible
GoEmo_test_0351,pair_236e,Make fun of them all you want; fact is they won during the regular season when we couldn't.,NEUTRAL,Emotion-Implausible
GoEmo_test_0351,pair_236f,Make fun of them all you want; fact is they won during the regular season when we couldn't.,SADNESS,Emotion-Plausible
GoEmo_test_0351,pair_236g,Make fun of them all you want; fact is they won during the regular season when we couldn't.,JOY,Emotion-Implausible
GoEmo_test_0353,pair_237a,I'm so doing this!,ANGER,Emotion-Plausible
GoEmo_test_0353,pair_237b,I'm so doing this!,DISGUST,Emotion-Implausible
GoEmo_test_0353,pair_237c,I'm so doing this!,FEAR,Emotion-Implausible
GoEmo_test_0353,pair_237d,I'm so doing this!,SURPRISE,Emotion-Plausible
GoEmo_test_0353,pair_237e,I'm so doing this!,NEUTRAL,Emotion-Implausible
GoEmo_test_0353,pair_237f,I'm so doing this!,SADNESS,Emotion-Plausible
GoEmo_test_0353,pair_237g,I'm so doing this!,JOY,Emotion-Obvious
GoEmo_test_0354,pair_238a,"Losing my identity, wondering have I gone insane...",ANGER,Emotion-Plausible
GoEmo_test_0354,pair_238b,"Losing my identity, wondering have I gone insane...",DISGUST,Emotion-Plausible
GoEmo_test_0354,pair_238c,"Losing my identity, wondering have I gone insane...",FEAR,Emotion-Obvious
GoEmo_test_0354,pair_238d,"Losing my identity, wondering have I gone insane...",SURPRISE,Emotion-Plausible
GoEmo_test_0354,pair_238e,"Losing my identity, wondering have I gone insane...",NEUTRAL,Emotion-Implausible
GoEmo_test_0354,pair_238f,"Losing my identity, wondering have I gone insane...",SADNESS,Emotion-Obvious
GoEmo_test_0354,pair_238g,"Losing my identity, wondering have I gone insane...",JOY,Emotion-Implausible
GoEmo_test_0357,pair_239a,Because in some cases parents are basically having their own children kidnapped and held against their will and forced into these programs. This is child abuse.,ANGER,Emotion-Obvious
GoEmo_test_0357,pair_239b,Because in some cases parents are basically having their own children kidnapped and held against their will and forced into these programs. This is child abuse.,DISGUST,Emotion-Plausible
GoEmo_test_0357,pair_239c,Because in some cases parents are basically having their own children kidnapped and held against their will and forced into these programs. This is child abuse.,FEAR,Emotion-Plausible
GoEmo_test_0357,pair_239d,Because in some cases parents are basically having their own children kidnapped and held against their will and forced into these programs. This is child abuse.,SURPRISE,Emotion-Plausible
GoEmo_test_0357,pair_239e,Because in some cases parents are basically having their own children kidnapped and held against their will and forced into these programs. This is child abuse.,NEUTRAL,Emotion-Implausible
GoEmo_test_0357,pair_239f,Because in some cases parents are basically having their own children kidnapped and held against their will and forced into these programs. This is child abuse.,SADNESS,Emotion-Obvious
GoEmo_test_0357,pair_239g,Because in some cases parents are basically having their own children kidnapped and held against their will and forced into these programs. This is child abuse.,JOY,Emotion-Implausible
GoEmo_test_0358,pair_240a,Excitement for new regulation and taxation in the ancap reddit?!?,ANGER,Emotion-Plausible
GoEmo_test_0358,pair_240b,Excitement for new regulation and taxation in the ancap reddit?!?,DISGUST,Emotion-Plausible
GoEmo_test_0358,pair_240c,Excitement for new regulation and taxation in the ancap reddit?!?,FEAR,Emotion-Implausible
GoEmo_test_0358,pair_240d,Excitement for new regulation and taxation in the ancap reddit?!?,SURPRISE,Emotion-Obvious
GoEmo_test_0358,pair_240e,Excitement for new regulation and taxation in the ancap reddit?!?,NEUTRAL,Emotion-Implausible
GoEmo_test_0358,pair_240f,Excitement for new regulation and taxation in the ancap reddit?!?,SADNESS,Emotion-Plausible
GoEmo_test_0358,pair_240g,Excitement for new regulation and taxation in the ancap reddit?!?,JOY,Emotion-Plausible
GoEmo_test_0359,pair_241a,I've picked scabs bigger than most aborted fetuses get. I don't see the police knocking on my door for committing assault against a human being.,ANGER,Emotion-Obvious
GoEmo_test_0359,pair_241b,I've picked scabs bigger than most aborted fetuses get. I don't see the police knocking on my door for committing assault against a human being.,DISGUST,Emotion-Plausible
GoEmo_test_0359,pair_241c,I've picked scabs bigger than most aborted fetuses get. I don't see the police knocking on my door for committing assault against a human being.,FEAR,Emotion-Implausible
GoEmo_test_0359,pair_241d,I've picked scabs bigger than most aborted fetuses get. I don't see the police knocking on my door for committing assault against a human being.,SURPRISE,Emotion-Plausible
GoEmo_test_0359,pair_241e,I've picked scabs bigger than most aborted fetuses get. I don't see the police knocking on my door for committing assault against a human being.,NEUTRAL,Emotion-Implausible
GoEmo_test_0359,pair_241f,I've picked scabs bigger than most aborted fetuses get. I don't see the police knocking on my door for committing assault against a human being.,SADNESS,Emotion-Plausible
GoEmo_test_0359,pair_241g,I've picked scabs bigger than most aborted fetuses get. I don't see the police knocking on my door for committing assault against a human being.,JOY,Emotion-Implausible
GoEmo_test_0363,pair_242a,"[NAME], [NAME] is starting a marriage with infidelity and drunk proposals. I hope a happy and long married life for him.",ANGER,Emotion-Plausible
GoEmo_test_0363,pair_242b,"[NAME], [NAME] is starting a marriage with infidelity and drunk proposals. I hope a happy and long married life for him.",DISGUST,Emotion-Plausible
GoEmo_test_0363,pair_242c,"[NAME], [NAME] is starting a marriage with infidelity and drunk proposals. I hope a happy and long married life for him.",FEAR,Emotion-Plausible
GoEmo_test_0363,pair_242d,"[NAME], [NAME] is starting a marriage with infidelity and drunk proposals. I hope a happy and long married life for him.",SURPRISE,Emotion-Plausible
GoEmo_test_0363,pair_242e,"[NAME], [NAME] is starting a marriage with infidelity and drunk proposals. I hope a happy and long married life for him.",NEUTRAL,Emotion-Implausible
GoEmo_test_0363,pair_242f,"[NAME], [NAME] is starting a marriage with infidelity and drunk proposals. I hope a happy and long married life for him.",SADNESS,Emotion-Plausible
GoEmo_test_0363,pair_242g,"[NAME], [NAME] is starting a marriage with infidelity and drunk proposals. I hope a happy and long married life for him.",JOY,Emotion-Plausible
GoEmo_test_0364,pair_243a,It's kinda odd that people are downvoting you without providing well-sourced counter-arguments to the points you're making.,ANGER,Emotion-Plausible
GoEmo_test_0364,pair_243b,It's kinda odd that people are downvoting you without providing well-sourced counter-arguments to the points you're making.,DISGUST,Emotion-Plausible
GoEmo_test_0364,pair_243c,It's kinda odd that people are downvoting you without providing well-sourced counter-arguments to the points you're making.,FEAR,Emotion-Plausible
GoEmo_test_0364,pair_243d,It's kinda odd that people are downvoting you without providing well-sourced counter-arguments to the points you're making.,SURPRISE,Emotion-Obvious
GoEmo_test_0364,pair_243e,It's kinda odd that people are downvoting you without providing well-sourced counter-arguments to the points you're making.,NEUTRAL,Emotion-Implausible
GoEmo_test_0364,pair_243f,It's kinda odd that people are downvoting you without providing well-sourced counter-arguments to the points you're making.,SADNESS,Emotion-Plausible
GoEmo_test_0364,pair_243g,It's kinda odd that people are downvoting you without providing well-sourced counter-arguments to the points you're making.,JOY,Emotion-Implausible
GoEmo_test_0365,pair_244a,"I wish this was real but for girls, so I don't have to taste the bitter of being rejected because ""You are not my kind"".",ANGER,Emotion-Plausible
GoEmo_test_0365,pair_244b,"I wish this was real but for girls, so I don't have to taste the bitter of being rejected because ""You are not my kind"".",DISGUST,Emotion-Implausible
GoEmo_test_0365,pair_244c,"I wish this was real but for girls, so I don't have to taste the bitter of being rejected because ""You are not my kind"".",FEAR,Emotion-Plausible
GoEmo_test_0365,pair_244d,"I wish this was real but for girls, so I don't have to taste the bitter of being rejected because ""You are not my kind"".",SURPRISE,Emotion-Implausible
GoEmo_test_0365,pair_244e,"I wish this was real but for girls, so I don't have to taste the bitter of being rejected because ""You are not my kind"".",NEUTRAL,Emotion-Implausible
GoEmo_test_0365,pair_244f,"I wish this was real but for girls, so I don't have to taste the bitter of being rejected because ""You are not my kind"".",SADNESS,Emotion-Obvious
GoEmo_test_0365,pair_244g,"I wish this was real but for girls, so I don't have to taste the bitter of being rejected because ""You are not my kind"".",JOY,Emotion-Implausible
GoEmo_test_0367,pair_245a,[NAME] from HR is drinking again guys..,ANGER,Emotion-Plausible
GoEmo_test_0367,pair_245b,[NAME] from HR is drinking again guys..,DISGUST,Emotion-Plausible
GoEmo_test_0367,pair_245c,[NAME] from HR is drinking again guys..,FEAR,Emotion-Plausible
GoEmo_test_0367,pair_245d,[NAME] from HR is drinking again guys..,SURPRISE,Emotion-Plausible
GoEmo_test_0367,pair_245e,[NAME] from HR is drinking again guys..,NEUTRAL,Emotion-Plausible
GoEmo_test_0367,pair_245f,[NAME] from HR is drinking again guys..,SADNESS,Emotion-Plausible
GoEmo_test_0367,pair_245g,[NAME] from HR is drinking again guys..,JOY,Emotion-Plausible
GoEmo_test_0369,pair_246a,Yeah. Basically Sky Germany and Sky Sports aren't reliable at all,ANGER,Emotion-Obvious
GoEmo_test_0369,pair_246b,Yeah. Basically Sky Germany and Sky Sports aren't reliable at all,DISGUST,Emotion-Plausible
GoEmo_test_0369,pair_246c,Yeah. Basically Sky Germany and Sky Sports aren't reliable at all,FEAR,Emotion-Plausible
GoEmo_test_0369,pair_246d,Yeah. Basically Sky Germany and Sky Sports aren't reliable at all,SURPRISE,Emotion-Implausible
GoEmo_test_0369,pair_246e,Yeah. Basically Sky Germany and Sky Sports aren't reliable at all,NEUTRAL,Emotion-Plausible
GoEmo_test_0369,pair_246f,Yeah. Basically Sky Germany and Sky Sports aren't reliable at all,SADNESS,Emotion-Plausible
GoEmo_test_0369,pair_246g,Yeah. Basically Sky Germany and Sky Sports aren't reliable at all,JOY,Emotion-Plausible
GoEmo_test_0371,pair_247a,You should take the time and go to the doctor.,ANGER,Emotion-Plausible
GoEmo_test_0371,pair_247b,You should take the time and go to the doctor.,DISGUST,Emotion-Implausible
GoEmo_test_0371,pair_247c,You should take the time and go to the doctor.,FEAR,Emotion-Implausible
GoEmo_test_0371,pair_247d,You should take the time and go to the doctor.,SURPRISE,Emotion-Implausible
GoEmo_test_0371,pair_247e,You should take the time and go to the doctor.,NEUTRAL,Emotion-Obvious
GoEmo_test_0371,pair_247f,You should take the time and go to the doctor.,SADNESS,Emotion-Plausible
GoEmo_test_0371,pair_247g,You should take the time and go to the doctor.,JOY,Emotion-Plausible
GoEmo_test_0372,pair_248a,This just reminded me to continue designing that bloody website.,ANGER,Emotion-Obvious
GoEmo_test_0372,pair_248b,This just reminded me to continue designing that bloody website.,DISGUST,Emotion-Plausible
GoEmo_test_0372,pair_248c,This just reminded me to continue designing that bloody website.,FEAR,Emotion-Plausible
GoEmo_test_0372,pair_248d,This just reminded me to continue designing that bloody website.,SURPRISE,Emotion-Plausible
GoEmo_test_0372,pair_248e,This just reminded me to continue designing that bloody website.,NEUTRAL,Emotion-Implausible
GoEmo_test_0372,pair_248f,This just reminded me to continue designing that bloody website.,SADNESS,Emotion-Plausible
GoEmo_test_0372,pair_248g,This just reminded me to continue designing that bloody website.,JOY,Emotion-Implausible
GoEmo_test_0375,pair_249a,lol why don't you read about the Iceland one and get back to me.,ANGER,Emotion-Plausible
GoEmo_test_0375,pair_249b,lol why don't you read about the Iceland one and get back to me.,DISGUST,Emotion-Plausible
GoEmo_test_0375,pair_249c,lol why don't you read about the Iceland one and get back to me.,FEAR,Emotion-Plausible
GoEmo_test_0375,pair_249d,lol why don't you read about the Iceland one and get back to me.,SURPRISE,Emotion-Implausible
GoEmo_test_0375,pair_249e,lol why don't you read about the Iceland one and get back to me.,NEUTRAL,Emotion-Implausible
GoEmo_test_0375,pair_249f,lol why don't you read about the Iceland one and get back to me.,SADNESS,Emotion-Plausible
GoEmo_test_0375,pair_249g,lol why don't you read about the Iceland one and get back to me.,JOY,Emotion-Obvious
GoEmo_test_0378,pair_250a,Kind of strange when one country was nuked and the other wasn't.,ANGER,Emotion-Implausible
GoEmo_test_0378,pair_250b,Kind of strange when one country was nuked and the other wasn't.,DISGUST,Emotion-Implausible
GoEmo_test_0378,pair_250c,Kind of strange when one country was nuked and the other wasn't.,FEAR,Emotion-Implausible
GoEmo_test_0378,pair_250d,Kind of strange when one country was nuked and the other wasn't.,SURPRISE,Emotion-Obvious
GoEmo_test_0378,pair_250e,Kind of strange when one country was nuked and the other wasn't.,NEUTRAL,Emotion-Implausible
GoEmo_test_0378,pair_250f,Kind of strange when one country was nuked and the other wasn't.,SADNESS,Emotion-Implausible
GoEmo_test_0378,pair_250g,Kind of strange when one country was nuked and the other wasn't.,JOY,Emotion-Implausible
GoEmo_test_0379,pair_251a,Oh god another injury,ANGER,Emotion-Plausible
GoEmo_test_0379,pair_251b,Oh god another injury,DISGUST,Emotion-Implausible
GoEmo_test_0379,pair_251c,Oh god another injury,FEAR,Emotion-Obvious
GoEmo_test_0379,pair_251d,Oh god another injury,SURPRISE,Emotion-Obvious
GoEmo_test_0379,pair_251e,Oh god another injury,NEUTRAL,Emotion-Implausible
GoEmo_test_0379,pair_251f,Oh god another injury,SADNESS,Emotion-Obvious
GoEmo_test_0379,pair_251g,Oh god another injury,JOY,Emotion-Implausible
GoEmo_test_0386,pair_252a,I always fall for this joke on here..,ANGER,Emotion-Plausible
GoEmo_test_0386,pair_252b,I always fall for this joke on here..,DISGUST,Emotion-Plausible
GoEmo_test_0386,pair_252c,I always fall for this joke on here..,FEAR,Emotion-Plausible
GoEmo_test_0386,pair_252d,I always fall for this joke on here..,SURPRISE,Emotion-Plausible
GoEmo_test_0386,pair_252e,I always fall for this joke on here..,NEUTRAL,Emotion-Implausible
GoEmo_test_0386,pair_252f,I always fall for this joke on here..,SADNESS,Emotion-Plausible
GoEmo_test_0386,pair_252g,I always fall for this joke on here..,JOY,Emotion-Obvious
GoEmo_test_0389,pair_253a,"Other than a lame attempt of being insulting, what part of anything you said has anything to do with what I said?",ANGER,Emotion-Obvious
GoEmo_test_0389,pair_253b,"Other than a lame attempt of being insulting, what part of anything you said has anything to do with what I said?",DISGUST,Emotion-Plausible
GoEmo_test_0389,pair_253c,"Other than a lame attempt of being insulting, what part of anything you said has anything to do with what I said?",FEAR,Emotion-Implausible
GoEmo_test_0389,pair_253d,"Other than a lame attempt of being insulting, what part of anything you said has anything to do with what I said?",SURPRISE,Emotion-Obvious
GoEmo_test_0389,pair_253e,"Other than a lame attempt of being insulting, what part of anything you said has anything to do with what I said?",NEUTRAL,Emotion-Implausible
GoEmo_test_0389,pair_253f,"Other than a lame attempt of being insulting, what part of anything you said has anything to do with what I said?",SADNESS,Emotion-Implausible
GoEmo_test_0389,pair_253g,"Other than a lame attempt of being insulting, what part of anything you said has anything to do with what I said?",JOY,Emotion-Implausible
GoEmo_test_0390,pair_254a,Not alone my friend,ANGER,Emotion-Plausible
GoEmo_test_0390,pair_254b,Not alone my friend,DISGUST,Emotion-Plausible
GoEmo_test_0390,pair_254c,Not alone my friend,FEAR,Emotion-Plausible
GoEmo_test_0390,pair_254d,Not alone my friend,SURPRISE,Emotion-Plausible
GoEmo_test_0390,pair_254e,Not alone my friend,NEUTRAL,Emotion-Plausible
GoEmo_test_0390,pair_254f,Not alone my friend,SADNESS,Emotion-Plausible
GoEmo_test_0390,pair_254g,Not alone my friend,JOY,Emotion-Plausible
GoEmo_test_0394,pair_255a,"yep, you don't hate Mondays, you hate capitalism.",ANGER,Emotion-Plausible
GoEmo_test_0394,pair_255b,"yep, you don't hate Mondays, you hate capitalism.",DISGUST,Emotion-Plausible
GoEmo_test_0394,pair_255c,"yep, you don't hate Mondays, you hate capitalism.",FEAR,Emotion-Implausible
GoEmo_test_0394,pair_255d,"yep, you don't hate Mondays, you hate capitalism.",SURPRISE,Emotion-Implausible
GoEmo_test_0394,pair_255e,"yep, you don't hate Mondays, you hate capitalism.",NEUTRAL,Emotion-Plausible
GoEmo_test_0394,pair_255f,"yep, you don't hate Mondays, you hate capitalism.",SADNESS,Emotion-Plausible
GoEmo_test_0394,pair_255g,"yep, you don't hate Mondays, you hate capitalism.",JOY,Emotion-Plausible
GoEmo_test_0395,pair_256a,Wowowowow!!!! I’ve been campaigning for [NAME] too!,ANGER,Emotion-Implausible
GoEmo_test_0395,pair_256b,Wowowowow!!!! I’ve been campaigning for [NAME] too!,DISGUST,Emotion-Implausible
GoEmo_test_0395,pair_256c,Wowowowow!!!! I’ve been campaigning for [NAME] too!,FEAR,Emotion-Implausible
GoEmo_test_0395,pair_256d,Wowowowow!!!! I’ve been campaigning for [NAME] too!,SURPRISE,Emotion-Obvious
GoEmo_test_0395,pair_256e,Wowowowow!!!! I’ve been campaigning for [NAME] too!,NEUTRAL,Emotion-Implausible
GoEmo_test_0395,pair_256f,Wowowowow!!!! I’ve been campaigning for [NAME] too!,SADNESS,Emotion-Implausible
GoEmo_test_0395,pair_256g,Wowowowow!!!! I’ve been campaigning for [NAME] too!,JOY,Emotion-Obvious
GoEmo_test_0396,pair_257a,But they didn't because it's fake.,ANGER,Emotion-Plausible
GoEmo_test_0396,pair_257b,But they didn't because it's fake.,DISGUST,Emotion-Plausible
GoEmo_test_0396,pair_257c,But they didn't because it's fake.,FEAR,Emotion-Plausible
GoEmo_test_0396,pair_257d,But they didn't because it's fake.,SURPRISE,Emotion-Plausible
GoEmo_test_0396,pair_257e,But they didn't because it's fake.,NEUTRAL,Emotion-Obvious
GoEmo_test_0396,pair_257f,But they didn't because it's fake.,SADNESS,Emotion-Plausible
GoEmo_test_0396,pair_257g,But they didn't because it's fake.,JOY,Emotion-Plausible
GoEmo_test_0397,pair_258a,Happy cake day to him,ANGER,Emotion-Plausible
GoEmo_test_0397,pair_258b,Happy cake day to him,DISGUST,Emotion-Plausible
GoEmo_test_0397,pair_258c,Happy cake day to him,FEAR,Emotion-Implausible
GoEmo_test_0397,pair_258d,Happy cake day to him,SURPRISE,Emotion-Implausible
GoEmo_test_0397,pair_258e,Happy cake day to him,NEUTRAL,Emotion-Plausible
GoEmo_test_0397,pair_258f,Happy cake day to him,SADNESS,Emotion-Plausible
GoEmo_test_0397,pair_258g,Happy cake day to him,JOY,Emotion-Obvious
GoEmo_test_0398,pair_259a,This counts as a problem if you have that many in one day or something,ANGER,Emotion-Plausible
GoEmo_test_0398,pair_259b,This counts as a problem if you have that many in one day or something,DISGUST,Emotion-Plausible
GoEmo_test_0398,pair_259c,This counts as a problem if you have that many in one day or something,FEAR,Emotion-Plausible
GoEmo_test_0398,pair_259d,This counts as a problem if you have that many in one day or something,SURPRISE,Emotion-Plausible
GoEmo_test_0398,pair_259e,This counts as a problem if you have that many in one day or something,NEUTRAL,Emotion-Plausible
GoEmo_test_0398,pair_259f,This counts as a problem if you have that many in one day or something,SADNESS,Emotion-Plausible
GoEmo_test_0398,pair_259g,This counts as a problem if you have that many in one day or something,JOY,Emotion-Plausible
GoEmo_test_0399,pair_260a,To me it’s sounds like he is trying to find fault in her to make himself feel better about leaving her.,ANGER,Emotion-Obvious
GoEmo_test_0399,pair_260b,To me it’s sounds like he is trying to find fault in her to make himself feel better about leaving her.,DISGUST,Emotion-Obvious
GoEmo_test_0399,pair_260c,To me it’s sounds like he is trying to find fault in her to make himself feel better about leaving her.,FEAR,Emotion-Plausible
GoEmo_test_0399,pair_260d,To me it’s sounds like he is trying to find fault in her to make himself feel better about leaving her.,SURPRISE,Emotion-Plausible
GoEmo_test_0399,pair_260e,To me it’s sounds like he is trying to find fault in her to make himself feel better about leaving her.,NEUTRAL,Emotion-Plausible
GoEmo_test_0399,pair_260f,To me it’s sounds like he is trying to find fault in her to make himself feel better about leaving her.,SADNESS,Emotion-Plausible
GoEmo_test_0399,pair_260g,To me it’s sounds like he is trying to find fault in her to make himself feel better about leaving her.,JOY,Emotion-Implausible
GoEmo_test_0400,pair_261a,Yes. Ignore and move on,ANGER,Emotion-Plausible
GoEmo_test_0400,pair_261b,Yes. Ignore and move on,DISGUST,Emotion-Implausible
GoEmo_test_0400,pair_261c,Yes. Ignore and move on,FEAR,Emotion-Implausible
GoEmo_test_0400,pair_261d,Yes. Ignore and move on,SURPRISE,Emotion-Implausible
GoEmo_test_0400,pair_261e,Yes. Ignore and move on,NEUTRAL,Emotion-Obvious
GoEmo_test_0400,pair_261f,Yes. Ignore and move on,SADNESS,Emotion-Plausible
GoEmo_test_0400,pair_261g,Yes. Ignore and move on,JOY,Emotion-Plausible
GoEmo_test_0402,pair_262a,This doesn't belong on the competitive sub; it doesn't have anything to do with the competitive aspect of the game.,ANGER,Emotion-Plausible
GoEmo_test_0402,pair_262b,This doesn't belong on the competitive sub; it doesn't have anything to do with the competitive aspect of the game.,DISGUST,Emotion-Implausible
GoEmo_test_0402,pair_262c,This doesn't belong on the competitive sub; it doesn't have anything to do with the competitive aspect of the game.,FEAR,Emotion-Implausible
GoEmo_test_0402,pair_262d,This doesn't belong on the competitive sub; it doesn't have anything to do with the competitive aspect of the game.,SURPRISE,Emotion-Implausible
GoEmo_test_0402,pair_262e,This doesn't belong on the competitive sub; it doesn't have anything to do with the competitive aspect of the game.,NEUTRAL,Emotion-Obvious
GoEmo_test_0402,pair_262f,This doesn't belong on the competitive sub; it doesn't have anything to do with the competitive aspect of the game.,SADNESS,Emotion-Implausible
GoEmo_test_0402,pair_262g,This doesn't belong on the competitive sub; it doesn't have anything to do with the competitive aspect of the game.,JOY,Emotion-Implausible
GoEmo_test_0403,pair_263a,"Naaah, that is and always will be [NAME], especially since her redesign in MKX. perfect waifu.",ANGER,Emotion-Implausible
GoEmo_test_0403,pair_263b,"Naaah, that is and always will be [NAME], especially since her redesign in MKX. perfect waifu.",DISGUST,Emotion-Implausible
GoEmo_test_0403,pair_263c,"Naaah, that is and always will be [NAME], especially since her redesign in MKX. perfect waifu.",FEAR,Emotion-Implausible
GoEmo_test_0403,pair_263d,"Naaah, that is and always will be [NAME], especially since her redesign in MKX. perfect waifu.",SURPRISE,Emotion-Implausible
GoEmo_test_0403,pair_263e,"Naaah, that is and always will be [NAME], especially since her redesign in MKX. perfect waifu.",NEUTRAL,Emotion-Implausible
GoEmo_test_0403,pair_263f,"Naaah, that is and always will be [NAME], especially since her redesign in MKX. perfect waifu.",SADNESS,Emotion-Implausible
GoEmo_test_0403,pair_263g,"Naaah, that is and always will be [NAME], especially since her redesign in MKX. perfect waifu.",JOY,Emotion-Obvious
GoEmo_test_0405,pair_264a,"I actually did talk to him. You can see his response to me, I linked to it in a comment. He called me a land whale.",ANGER,Emotion-Obvious
GoEmo_test_0405,pair_264b,"I actually did talk to him. You can see his response to me, I linked to it in a comment. He called me a land whale.",DISGUST,Emotion-Plausible
GoEmo_test_0405,pair_264c,"I actually did talk to him. You can see his response to me, I linked to it in a comment. He called me a land whale.",FEAR,Emotion-Plausible
GoEmo_test_0405,pair_264d,"I actually did talk to him. You can see his response to me, I linked to it in a comment. He called me a land whale.",SURPRISE,Emotion-Plausible
GoEmo_test_0405,pair_264e,"I actually did talk to him. You can see his response to me, I linked to it in a comment. He called me a land whale.",NEUTRAL,Emotion-Implausible
GoEmo_test_0405,pair_264f,"I actually did talk to him. You can see his response to me, I linked to it in a comment. He called me a land whale.",SADNESS,Emotion-Plausible
GoEmo_test_0405,pair_264g,"I actually did talk to him. You can see his response to me, I linked to it in a comment. He called me a land whale.",JOY,Emotion-Implausible
GoEmo_test_0407,pair_265a,This sub doesn’t like the pro sports teams until they win a championship. Then everyone becomes a die hard fan.,ANGER,Emotion-Plausible
GoEmo_test_0407,pair_265b,This sub doesn’t like the pro sports teams until they win a championship. Then everyone becomes a die hard fan.,DISGUST,Emotion-Obvious
GoEmo_test_0407,pair_265c,This sub doesn’t like the pro sports teams until they win a championship. Then everyone becomes a die hard fan.,FEAR,Emotion-Implausible
GoEmo_test_0407,pair_265d,This sub doesn’t like the pro sports teams until they win a championship. Then everyone becomes a die hard fan.,SURPRISE,Emotion-Implausible
GoEmo_test_0407,pair_265e,This sub doesn’t like the pro sports teams until they win a championship. Then everyone becomes a die hard fan.,NEUTRAL,Emotion-Implausible
GoEmo_test_0407,pair_265f,This sub doesn’t like the pro sports teams until they win a championship. Then everyone becomes a die hard fan.,SADNESS,Emotion-Plausible
GoEmo_test_0407,pair_265g,This sub doesn’t like the pro sports teams until they win a championship. Then everyone becomes a die hard fan.,JOY,Emotion-Plausible
GoEmo_test_0408,pair_266a,"Had one good year that was it, then joins a god squad that struggles to qualify",ANGER,Emotion-Plausible
GoEmo_test_0408,pair_266b,"Had one good year that was it, then joins a god squad that struggles to qualify",DISGUST,Emotion-Plausible
GoEmo_test_0408,pair_266c,"Had one good year that was it, then joins a god squad that struggles to qualify",FEAR,Emotion-Plausible
GoEmo_test_0408,pair_266d,"Had one good year that was it, then joins a god squad that struggles to qualify",SURPRISE,Emotion-Plausible
GoEmo_test_0408,pair_266e,"Had one good year that was it, then joins a god squad that struggles to qualify",NEUTRAL,Emotion-Plausible
GoEmo_test_0408,pair_266f,"Had one good year that was it, then joins a god squad that struggles to qualify",SADNESS,Emotion-Plausible
GoEmo_test_0408,pair_266g,"Had one good year that was it, then joins a god squad that struggles to qualify",JOY,Emotion-Plausible
GoEmo_test_0409,pair_267a,Break up and be firm about. You’ve already admitted to being dishonest. Why lead him on?,ANGER,Emotion-Obvious
GoEmo_test_0409,pair_267b,Break up and be firm about. You’ve already admitted to being dishonest. Why lead him on?,DISGUST,Emotion-Obvious
GoEmo_test_0409,pair_267c,Break up and be firm about. You’ve already admitted to being dishonest. Why lead him on?,FEAR,Emotion-Plausible
GoEmo_test_0409,pair_267d,Break up and be firm about. You’ve already admitted to being dishonest. Why lead him on?,SURPRISE,Emotion-Plausible
GoEmo_test_0409,pair_267e,Break up and be firm about. You’ve already admitted to being dishonest. Why lead him on?,NEUTRAL,Emotion-Implausible
GoEmo_test_0409,pair_267f,Break up and be firm about. You’ve already admitted to being dishonest. Why lead him on?,SADNESS,Emotion-Plausible
GoEmo_test_0409,pair_267g,Break up and be firm about. You’ve already admitted to being dishonest. Why lead him on?,JOY,Emotion-Implausible
GoEmo_test_0410,pair_268a,That would look enormous if [NAME] ordered it!,ANGER,Emotion-Implausible
GoEmo_test_0410,pair_268b,That would look enormous if [NAME] ordered it!,DISGUST,Emotion-Plausible
GoEmo_test_0410,pair_268c,That would look enormous if [NAME] ordered it!,FEAR,Emotion-Plausible
GoEmo_test_0410,pair_268d,That would look enormous if [NAME] ordered it!,SURPRISE,Emotion-Implausible
GoEmo_test_0410,pair_268e,That would look enormous if [NAME] ordered it!,NEUTRAL,Emotion-Implausible
GoEmo_test_0410,pair_268f,That would look enormous if [NAME] ordered it!,SADNESS,Emotion-Plausible
GoEmo_test_0410,pair_268g,That would look enormous if [NAME] ordered it!,JOY,Emotion-Plausible
GoEmo_test_0411,pair_269a,I’m not a fan of that hire at all... I’m also not a fan about how that all came out. All around bad.,ANGER,Emotion-Plausible
GoEmo_test_0411,pair_269b,I’m not a fan of that hire at all... I’m also not a fan about how that all came out. All around bad.,DISGUST,Emotion-Obvious
GoEmo_test_0411,pair_269c,I’m not a fan of that hire at all... I’m also not a fan about how that all came out. All around bad.,FEAR,Emotion-Plausible
GoEmo_test_0411,pair_269d,I’m not a fan of that hire at all... I’m also not a fan about how that all came out. All around bad.,SURPRISE,Emotion-Implausible
GoEmo_test_0411,pair_269e,I’m not a fan of that hire at all... I’m also not a fan about how that all came out. All around bad.,NEUTRAL,Emotion-Implausible
GoEmo_test_0411,pair_269f,I’m not a fan of that hire at all... I’m also not a fan about how that all came out. All around bad.,SADNESS,Emotion-Plausible
GoEmo_test_0411,pair_269g,I’m not a fan of that hire at all... I’m also not a fan about how that all came out. All around bad.,JOY,Emotion-Implausible
GoEmo_test_0412,pair_270a,Thats absolutely disgusting.,ANGER,Emotion-Plausible
GoEmo_test_0412,pair_270b,Thats absolutely disgusting.,DISGUST,Emotion-Obvious
GoEmo_test_0412,pair_270c,Thats absolutely disgusting.,FEAR,Emotion-Implausible
GoEmo_test_0412,pair_270d,Thats absolutely disgusting.,SURPRISE,Emotion-Plausible
GoEmo_test_0412,pair_270e,Thats absolutely disgusting.,NEUTRAL,Emotion-Implausible
GoEmo_test_0412,pair_270f,Thats absolutely disgusting.,SADNESS,Emotion-Implausible
GoEmo_test_0412,pair_270g,Thats absolutely disgusting.,JOY,Emotion-Implausible
GoEmo_test_0414,pair_271a,"Don't listen to the idiot, we love your posts!",ANGER,Emotion-Plausible
GoEmo_test_0414,pair_271b,"Don't listen to the idiot, we love your posts!",DISGUST,Emotion-Plausible
GoEmo_test_0414,pair_271c,"Don't listen to the idiot, we love your posts!",FEAR,Emotion-Implausible
GoEmo_test_0414,pair_271d,"Don't listen to the idiot, we love your posts!",SURPRISE,Emotion-Implausible
GoEmo_test_0414,pair_271e,"Don't listen to the idiot, we love your posts!",NEUTRAL,Emotion-Implausible
GoEmo_test_0414,pair_271f,"Don't listen to the idiot, we love your posts!",SADNESS,Emotion-Implausible
GoEmo_test_0414,pair_271g,"Don't listen to the idiot, we love your posts!",JOY,Emotion-Obvious
GoEmo_test_0418,pair_272a,"Man, never underestimate the power of a crock pot, some frozen chicken, veggies and cottage cheese.",ANGER,Emotion-Implausible
GoEmo_test_0418,pair_272b,"Man, never underestimate the power of a crock pot, some frozen chicken, veggies and cottage cheese.",DISGUST,Emotion-Implausible
GoEmo_test_0418,pair_272c,"Man, never underestimate the power of a crock pot, some frozen chicken, veggies and cottage cheese.",FEAR,Emotion-Implausible
GoEmo_test_0418,pair_272d,"Man, never underestimate the power of a crock pot, some frozen chicken, veggies and cottage cheese.",SURPRISE,Emotion-Implausible
GoEmo_test_0418,pair_272e,"Man, never underestimate the power of a crock pot, some frozen chicken, veggies and cottage cheese.",NEUTRAL,Emotion-Plausible
GoEmo_test_0418,pair_272f,"Man, never underestimate the power of a crock pot, some frozen chicken, veggies and cottage cheese.",SADNESS,Emotion-Plausible
GoEmo_test_0418,pair_272g,"Man, never underestimate the power of a crock pot, some frozen chicken, veggies and cottage cheese.",JOY,Emotion-Obvious
GoEmo_test_0419,pair_273a,Where were they? I was trying to track them down and couldn’t remember where I saw them.,ANGER,Emotion-Plausible
GoEmo_test_0419,pair_273b,Where were they? I was trying to track them down and couldn’t remember where I saw them.,DISGUST,Emotion-Implausible
GoEmo_test_0419,pair_273c,Where were they? I was trying to track them down and couldn’t remember where I saw them.,FEAR,Emotion-Plausible
GoEmo_test_0419,pair_273d,Where were they? I was trying to track them down and couldn’t remember where I saw them.,SURPRISE,Emotion-Plausible
GoEmo_test_0419,pair_273e,Where were they? I was trying to track them down and couldn’t remember where I saw them.,NEUTRAL,Emotion-Implausible
GoEmo_test_0419,pair_273f,Where were they? I was trying to track them down and couldn’t remember where I saw them.,SADNESS,Emotion-Plausible
GoEmo_test_0419,pair_273g,Where were they? I was trying to track them down and couldn’t remember where I saw them.,JOY,Emotion-Implausible
GoEmo_test_0421,pair_274a,Sorry to be the bearer of bad tidings.,ANGER,Emotion-Plausible
GoEmo_test_0421,pair_274b,Sorry to be the bearer of bad tidings.,DISGUST,Emotion-Implausible
GoEmo_test_0421,pair_274c,Sorry to be the bearer of bad tidings.,FEAR,Emotion-Plausible
GoEmo_test_0421,pair_274d,Sorry to be the bearer of bad tidings.,SURPRISE,Emotion-Implausible
GoEmo_test_0421,pair_274e,Sorry to be the bearer of bad tidings.,NEUTRAL,Emotion-Implausible
GoEmo_test_0421,pair_274f,Sorry to be the bearer of bad tidings.,SADNESS,Emotion-Obvious
GoEmo_test_0421,pair_274g,Sorry to be the bearer of bad tidings.,JOY,Emotion-Implausible
GoEmo_test_0422,pair_275a,Lmao I hope I’m not the only one who gets this,ANGER,Emotion-Implausible
GoEmo_test_0422,pair_275b,Lmao I hope I’m not the only one who gets this,DISGUST,Emotion-Plausible
GoEmo_test_0422,pair_275c,Lmao I hope I’m not the only one who gets this,FEAR,Emotion-Plausible
GoEmo_test_0422,pair_275d,Lmao I hope I’m not the only one who gets this,SURPRISE,Emotion-Plausible
GoEmo_test_0422,pair_275e,Lmao I hope I’m not the only one who gets this,NEUTRAL,Emotion-Implausible
GoEmo_test_0422,pair_275f,Lmao I hope I’m not the only one who gets this,SADNESS,Emotion-Plausible
GoEmo_test_0422,pair_275g,Lmao I hope I’m not the only one who gets this,JOY,Emotion-Obvious
GoEmo_test_0423,pair_276a,*looks at YouTube comments sections* Um. I'm not so sure.,ANGER,Emotion-Plausible
GoEmo_test_0423,pair_276b,*looks at YouTube comments sections* Um. I'm not so sure.,DISGUST,Emotion-Implausible
GoEmo_test_0423,pair_276c,*looks at YouTube comments sections* Um. I'm not so sure.,FEAR,Emotion-Implausible
GoEmo_test_0423,pair_276d,*looks at YouTube comments sections* Um. I'm not so sure.,SURPRISE,Emotion-Implausible
GoEmo_test_0423,pair_276e,*looks at YouTube comments sections* Um. I'm not so sure.,NEUTRAL,Emotion-Plausible
GoEmo_test_0423,pair_276f,*looks at YouTube comments sections* Um. I'm not so sure.,SADNESS,Emotion-Plausible
GoEmo_test_0423,pair_276g,*looks at YouTube comments sections* Um. I'm not so sure.,JOY,Emotion-Implausible
GoEmo_test_0424,pair_277a,This man makes aggressive grunts while breathing,ANGER,Emotion-Plausible
GoEmo_test_0424,pair_277b,This man makes aggressive grunts while breathing,DISGUST,Emotion-Plausible
GoEmo_test_0424,pair_277c,This man makes aggressive grunts while breathing,FEAR,Emotion-Plausible
GoEmo_test_0424,pair_277d,This man makes aggressive grunts while breathing,SURPRISE,Emotion-Implausible
GoEmo_test_0424,pair_277e,This man makes aggressive grunts while breathing,NEUTRAL,Emotion-Obvious
GoEmo_test_0424,pair_277f,This man makes aggressive grunts while breathing,SADNESS,Emotion-Plausible
GoEmo_test_0424,pair_277g,This man makes aggressive grunts while breathing,JOY,Emotion-Implausible
GoEmo_test_0426,pair_278a,Wow! Now that's some propaganda we could use more of!,ANGER,Emotion-Implausible
GoEmo_test_0426,pair_278b,Wow! Now that's some propaganda we could use more of!,DISGUST,Emotion-Plausible
GoEmo_test_0426,pair_278c,Wow! Now that's some propaganda we could use more of!,FEAR,Emotion-Implausible
GoEmo_test_0426,pair_278d,Wow! Now that's some propaganda we could use more of!,SURPRISE,Emotion-Obvious
GoEmo_test_0426,pair_278e,Wow! Now that's some propaganda we could use more of!,NEUTRAL,Emotion-Implausible
GoEmo_test_0426,pair_278f,Wow! Now that's some propaganda we could use more of!,SADNESS,Emotion-Plausible
GoEmo_test_0426,pair_278g,Wow! Now that's some propaganda we could use more of!,JOY,Emotion-Obvious
GoEmo_test_0428,pair_279a,Yes! My Big Fat Fabulous Life,ANGER,Emotion-Plausible
GoEmo_test_0428,pair_279b,Yes! My Big Fat Fabulous Life,DISGUST,Emotion-Plausible
GoEmo_test_0428,pair_279c,Yes! My Big Fat Fabulous Life,FEAR,Emotion-Implausible
GoEmo_test_0428,pair_279d,Yes! My Big Fat Fabulous Life,SURPRISE,Emotion-Implausible
GoEmo_test_0428,pair_279e,Yes! My Big Fat Fabulous Life,NEUTRAL,Emotion-Implausible
GoEmo_test_0428,pair_279f,Yes! My Big Fat Fabulous Life,SADNESS,Emotion-Plausible
GoEmo_test_0428,pair_279g,Yes! My Big Fat Fabulous Life,JOY,Emotion-Obvious
GoEmo_test_0429,pair_280a,Author thinks that a guy who bounced back and forth between a bench role and AAA will bounce back and forth between a bench role and AAA.,ANGER,Emotion-Plausible
GoEmo_test_0429,pair_280b,Author thinks that a guy who bounced back and forth between a bench role and AAA will bounce back and forth between a bench role and AAA.,DISGUST,Emotion-Plausible
GoEmo_test_0429,pair_280c,Author thinks that a guy who bounced back and forth between a bench role and AAA will bounce back and forth between a bench role and AAA.,FEAR,Emotion-Plausible
GoEmo_test_0429,pair_280d,Author thinks that a guy who bounced back and forth between a bench role and AAA will bounce back and forth between a bench role and AAA.,SURPRISE,Emotion-Plausible
GoEmo_test_0429,pair_280e,Author thinks that a guy who bounced back and forth between a bench role and AAA will bounce back and forth between a bench role and AAA.,NEUTRAL,Emotion-Obvious
GoEmo_test_0429,pair_280f,Author thinks that a guy who bounced back and forth between a bench role and AAA will bounce back and forth between a bench role and AAA.,SADNESS,Emotion-Implausible
GoEmo_test_0429,pair_280g,Author thinks that a guy who bounced back and forth between a bench role and AAA will bounce back and forth between a bench role and AAA.,JOY,Emotion-Plausible
GoEmo_test_0430,pair_281a,"Ironically, I just sense that they are working in an area where this is a ready stream of revenue just waiting for them.",ANGER,Emotion-Implausible
GoEmo_test_0430,pair_281b,"Ironically, I just sense that they are working in an area where this is a ready stream of revenue just waiting for them.",DISGUST,Emotion-Implausible
GoEmo_test_0430,pair_281c,"Ironically, I just sense that they are working in an area where this is a ready stream of revenue just waiting for them.",FEAR,Emotion-Plausible
GoEmo_test_0430,pair_281d,"Ironically, I just sense that they are working in an area where this is a ready stream of revenue just waiting for them.",SURPRISE,Emotion-Obvious
GoEmo_test_0430,pair_281e,"Ironically, I just sense that they are working in an area where this is a ready stream of revenue just waiting for them.",NEUTRAL,Emotion-Plausible
GoEmo_test_0430,pair_281f,"Ironically, I just sense that they are working in an area where this is a ready stream of revenue just waiting for them.",SADNESS,Emotion-Plausible
GoEmo_test_0430,pair_281g,"Ironically, I just sense that they are working in an area where this is a ready stream of revenue just waiting for them.",JOY,Emotion-Plausible
GoEmo_test_0431,pair_282a,My mom used to think [NAME] was the handsomest NFL coach for what that’s worth.,ANGER,Emotion-Plausible
GoEmo_test_0431,pair_282b,My mom used to think [NAME] was the handsomest NFL coach for what that’s worth.,DISGUST,Emotion-Plausible
GoEmo_test_0431,pair_282c,My mom used to think [NAME] was the handsomest NFL coach for what that’s worth.,FEAR,Emotion-Implausible
GoEmo_test_0431,pair_282d,My mom used to think [NAME] was the handsomest NFL coach for what that’s worth.,SURPRISE,Emotion-Plausible
GoEmo_test_0431,pair_282e,My mom used to think [NAME] was the handsomest NFL coach for what that’s worth.,NEUTRAL,Emotion-Obvious
GoEmo_test_0431,pair_282f,My mom used to think [NAME] was the handsomest NFL coach for what that’s worth.,SADNESS,Emotion-Plausible
GoEmo_test_0431,pair_282g,My mom used to think [NAME] was the handsomest NFL coach for what that’s worth.,JOY,Emotion-Plausible
GoEmo_test_0432,pair_283a,No if anything the exact opposite. Couldn’t be further from the truth,ANGER,Emotion-Plausible
GoEmo_test_0432,pair_283b,No if anything the exact opposite. Couldn’t be further from the truth,DISGUST,Emotion-Plausible
GoEmo_test_0432,pair_283c,No if anything the exact opposite. Couldn’t be further from the truth,FEAR,Emotion-Implausible
GoEmo_test_0432,pair_283d,No if anything the exact opposite. Couldn’t be further from the truth,SURPRISE,Emotion-Implausible
GoEmo_test_0432,pair_283e,No if anything the exact opposite. Couldn’t be further from the truth,NEUTRAL,Emotion-Implausible
GoEmo_test_0432,pair_283f,No if anything the exact opposite. Couldn’t be further from the truth,SADNESS,Emotion-Plausible
GoEmo_test_0432,pair_283g,No if anything the exact opposite. Couldn’t be further from the truth,JOY,Emotion-Plausible
GoEmo_test_0433,pair_284a,Sorry your right,ANGER,Emotion-Implausible
GoEmo_test_0433,pair_284b,Sorry your right,DISGUST,Emotion-Implausible
GoEmo_test_0433,pair_284c,Sorry your right,FEAR,Emotion-Plausible
GoEmo_test_0433,pair_284d,Sorry your right,SURPRISE,Emotion-Plausible
GoEmo_test_0433,pair_284e,Sorry your right,NEUTRAL,Emotion-Obvious
GoEmo_test_0433,pair_284f,Sorry your right,SADNESS,Emotion-Plausible
GoEmo_test_0433,pair_284g,Sorry your right,JOY,Emotion-Plausible
GoEmo_test_0434,pair_285a,"Well, 1/2 has been done already!",ANGER,Emotion-Plausible
GoEmo_test_0434,pair_285b,"Well, 1/2 has been done already!",DISGUST,Emotion-Plausible
GoEmo_test_0434,pair_285c,"Well, 1/2 has been done already!",FEAR,Emotion-Plausible
GoEmo_test_0434,pair_285d,"Well, 1/2 has been done already!",SURPRISE,Emotion-Plausible
GoEmo_test_0434,pair_285e,"Well, 1/2 has been done already!",NEUTRAL,Emotion-Implausible
GoEmo_test_0434,pair_285f,"Well, 1/2 has been done already!",SADNESS,Emotion-Plausible
GoEmo_test_0434,pair_285g,"Well, 1/2 has been done already!",JOY,Emotion-Plausible
GoEmo_test_0435,pair_286a,I trust Safeway over Great Canadian Superstore for my meats. I know I'm not alone in that regard. Safeway has some pretty good cheaper meats.,ANGER,Emotion-Implausible
GoEmo_test_0435,pair_286b,I trust Safeway over Great Canadian Superstore for my meats. I know I'm not alone in that regard. Safeway has some pretty good cheaper meats.,DISGUST,Emotion-Implausible
GoEmo_test_0435,pair_286c,I trust Safeway over Great Canadian Superstore for my meats. I know I'm not alone in that regard. Safeway has some pretty good cheaper meats.,FEAR,Emotion-Implausible
GoEmo_test_0435,pair_286d,I trust Safeway over Great Canadian Superstore for my meats. I know I'm not alone in that regard. Safeway has some pretty good cheaper meats.,SURPRISE,Emotion-Implausible
GoEmo_test_0435,pair_286e,I trust Safeway over Great Canadian Superstore for my meats. I know I'm not alone in that regard. Safeway has some pretty good cheaper meats.,NEUTRAL,Emotion-Plausible
GoEmo_test_0435,pair_286f,I trust Safeway over Great Canadian Superstore for my meats. I know I'm not alone in that regard. Safeway has some pretty good cheaper meats.,SADNESS,Emotion-Implausible
GoEmo_test_0435,pair_286g,I trust Safeway over Great Canadian Superstore for my meats. I know I'm not alone in that regard. Safeway has some pretty good cheaper meats.,JOY,Emotion-Obvious
GoEmo_test_0436,pair_287a,I missed that part unfortunately,ANGER,Emotion-Implausible
GoEmo_test_0436,pair_287b,I missed that part unfortunately,DISGUST,Emotion-Implausible
GoEmo_test_0436,pair_287c,I missed that part unfortunately,FEAR,Emotion-Plausible
GoEmo_test_0436,pair_287d,I missed that part unfortunately,SURPRISE,Emotion-Implausible
GoEmo_test_0436,pair_287e,I missed that part unfortunately,NEUTRAL,Emotion-Implausible
GoEmo_test_0436,pair_287f,I missed that part unfortunately,SADNESS,Emotion-Obvious
GoEmo_test_0436,pair_287g,I missed that part unfortunately,JOY,Emotion-Implausible
GoEmo_test_0437,pair_288a,Market ≠ Capitalism Just because something operates within the Capitalist system doesn't make it Capitalist. Just because [NAME] was (supposedly) elected didn't make him democratic,ANGER,Emotion-Plausible
GoEmo_test_0437,pair_288b,Market ≠ Capitalism Just because something operates within the Capitalist system doesn't make it Capitalist. Just because [NAME] was (supposedly) elected didn't make him democratic,DISGUST,Emotion-Implausible
GoEmo_test_0437,pair_288c,Market ≠ Capitalism Just because something operates within the Capitalist system doesn't make it Capitalist. Just because [NAME] was (supposedly) elected didn't make him democratic,FEAR,Emotion-Implausible
GoEmo_test_0437,pair_288d,Market ≠ Capitalism Just because something operates within the Capitalist system doesn't make it Capitalist. Just because [NAME] was (supposedly) elected didn't make him democratic,SURPRISE,Emotion-Plausible
GoEmo_test_0437,pair_288e,Market ≠ Capitalism Just because something operates within the Capitalist system doesn't make it Capitalist. Just because [NAME] was (supposedly) elected didn't make him democratic,NEUTRAL,Emotion-Obvious
GoEmo_test_0437,pair_288f,Market ≠ Capitalism Just because something operates within the Capitalist system doesn't make it Capitalist. Just because [NAME] was (supposedly) elected didn't make him democratic,SADNESS,Emotion-Plausible
GoEmo_test_0437,pair_288g,Market ≠ Capitalism Just because something operates within the Capitalist system doesn't make it Capitalist. Just because [NAME] was (supposedly) elected didn't make him democratic,JOY,Emotion-Implausible
GoEmo_test_0438,pair_289a,"Takes all characteristics, good and bad",ANGER,Emotion-Plausible
GoEmo_test_0438,pair_289b,"Takes all characteristics, good and bad",DISGUST,Emotion-Plausible
GoEmo_test_0438,pair_289c,"Takes all characteristics, good and bad",FEAR,Emotion-Plausible
GoEmo_test_0438,pair_289d,"Takes all characteristics, good and bad",SURPRISE,Emotion-Plausible
GoEmo_test_0438,pair_289e,"Takes all characteristics, good and bad",NEUTRAL,Emotion-Plausible
GoEmo_test_0438,pair_289f,"Takes all characteristics, good and bad",SADNESS,Emotion-Plausible
GoEmo_test_0438,pair_289g,"Takes all characteristics, good and bad",JOY,Emotion-Plausible
GoEmo_test_0439,pair_290a,This.. im sorry but this is a dumb reply. Ofc it was fake kindness golly,ANGER,Emotion-Obvious
GoEmo_test_0439,pair_290b,This.. im sorry but this is a dumb reply. Ofc it was fake kindness golly,DISGUST,Emotion-Obvious
GoEmo_test_0439,pair_290c,This.. im sorry but this is a dumb reply. Ofc it was fake kindness golly,FEAR,Emotion-Plausible
GoEmo_test_0439,pair_290d,This.. im sorry but this is a dumb reply. Ofc it was fake kindness golly,SURPRISE,Emotion-Plausible
GoEmo_test_0439,pair_290e,This.. im sorry but this is a dumb reply. Ofc it was fake kindness golly,NEUTRAL,Emotion-Implausible
GoEmo_test_0439,pair_290f,This.. im sorry but this is a dumb reply. Ofc it was fake kindness golly,SADNESS,Emotion-Implausible
GoEmo_test_0439,pair_290g,This.. im sorry but this is a dumb reply. Ofc it was fake kindness golly,JOY,Emotion-Implausible
GoEmo_test_0441,pair_291a,Yes had the problem a month or so ago but has since gone away,ANGER,Emotion-Plausible
GoEmo_test_0441,pair_291b,Yes had the problem a month or so ago but has since gone away,DISGUST,Emotion-Implausible
GoEmo_test_0441,pair_291c,Yes had the problem a month or so ago but has since gone away,FEAR,Emotion-Implausible
GoEmo_test_0441,pair_291d,Yes had the problem a month or so ago but has since gone away,SURPRISE,Emotion-Implausible
GoEmo_test_0441,pair_291e,Yes had the problem a month or so ago but has since gone away,NEUTRAL,Emotion-Plausible
GoEmo_test_0441,pair_291f,Yes had the problem a month or so ago but has since gone away,SADNESS,Emotion-Plausible
GoEmo_test_0441,pair_291g,Yes had the problem a month or so ago but has since gone away,JOY,Emotion-Plausible
GoEmo_test_0442,pair_292a,China cheating the rest of the world is horrible for the economy and society.,ANGER,Emotion-Plausible
GoEmo_test_0442,pair_292b,China cheating the rest of the world is horrible for the economy and society.,DISGUST,Emotion-Plausible
GoEmo_test_0442,pair_292c,China cheating the rest of the world is horrible for the economy and society.,FEAR,Emotion-Plausible
GoEmo_test_0442,pair_292d,China cheating the rest of the world is horrible for the economy and society.,SURPRISE,Emotion-Implausible
GoEmo_test_0442,pair_292e,China cheating the rest of the world is horrible for the economy and society.,NEUTRAL,Emotion-Implausible
GoEmo_test_0442,pair_292f,China cheating the rest of the world is horrible for the economy and society.,SADNESS,Emotion-Plausible
GoEmo_test_0442,pair_292g,China cheating the rest of the world is horrible for the economy and society.,JOY,Emotion-Implausible
GoEmo_test_0443,pair_293a,">overt racism of that level would not be tolerated in America My thoughts also. That's why i needed context, its very VERY odd.",ANGER,Emotion-Plausible
GoEmo_test_0443,pair_293b,">overt racism of that level would not be tolerated in America My thoughts also. That's why i needed context, its very VERY odd.",DISGUST,Emotion-Plausible
GoEmo_test_0443,pair_293c,">overt racism of that level would not be tolerated in America My thoughts also. That's why i needed context, its very VERY odd.",FEAR,Emotion-Plausible
GoEmo_test_0443,pair_293d,">overt racism of that level would not be tolerated in America My thoughts also. That's why i needed context, its very VERY odd.",SURPRISE,Emotion-Obvious
GoEmo_test_0443,pair_293e,">overt racism of that level would not be tolerated in America My thoughts also. That's why i needed context, its very VERY odd.",NEUTRAL,Emotion-Implausible
GoEmo_test_0443,pair_293f,">overt racism of that level would not be tolerated in America My thoughts also. That's why i needed context, its very VERY odd.",SADNESS,Emotion-Implausible
GoEmo_test_0443,pair_293g,">overt racism of that level would not be tolerated in America My thoughts also. That's why i needed context, its very VERY odd.",JOY,Emotion-Implausible
GoEmo_test_0444,pair_294a,I'm not apologizing for it. I just didn't think there was something this blatantly immoral in the new testament.,ANGER,Emotion-Obvious
GoEmo_test_0444,pair_294b,I'm not apologizing for it. I just didn't think there was something this blatantly immoral in the new testament.,DISGUST,Emotion-Plausible
GoEmo_test_0444,pair_294c,I'm not apologizing for it. I just didn't think there was something this blatantly immoral in the new testament.,FEAR,Emotion-Implausible
GoEmo_test_0444,pair_294d,I'm not apologizing for it. I just didn't think there was something this blatantly immoral in the new testament.,SURPRISE,Emotion-Plausible
GoEmo_test_0444,pair_294e,I'm not apologizing for it. I just didn't think there was something this blatantly immoral in the new testament.,NEUTRAL,Emotion-Implausible
GoEmo_test_0444,pair_294f,I'm not apologizing for it. I just didn't think there was something this blatantly immoral in the new testament.,SADNESS,Emotion-Plausible
GoEmo_test_0444,pair_294g,I'm not apologizing for it. I just didn't think there was something this blatantly immoral in the new testament.,JOY,Emotion-Implausible
GoEmo_test_0446,pair_295a,Are they dead? I don’t recall this bit of the Nativity play.,ANGER,Emotion-Implausible
GoEmo_test_0446,pair_295b,Are they dead? I don’t recall this bit of the Nativity play.,DISGUST,Emotion-Implausible
GoEmo_test_0446,pair_295c,Are they dead? I don’t recall this bit of the Nativity play.,FEAR,Emotion-Plausible
GoEmo_test_0446,pair_295d,Are they dead? I don’t recall this bit of the Nativity play.,SURPRISE,Emotion-Obvious
GoEmo_test_0446,pair_295e,Are they dead? I don’t recall this bit of the Nativity play.,NEUTRAL,Emotion-Implausible
GoEmo_test_0446,pair_295f,Are they dead? I don’t recall this bit of the Nativity play.,SADNESS,Emotion-Plausible
GoEmo_test_0446,pair_295g,Are they dead? I don’t recall this bit of the Nativity play.,JOY,Emotion-Plausible
GoEmo_test_0447,pair_296a,I am embarrassed to admit that I was shocked to find out that his books all had the same exact weight and that you knew what that weight was...,ANGER,Emotion-Implausible
GoEmo_test_0447,pair_296b,I am embarrassed to admit that I was shocked to find out that his books all had the same exact weight and that you knew what that weight was...,DISGUST,Emotion-Implausible
GoEmo_test_0447,pair_296c,I am embarrassed to admit that I was shocked to find out that his books all had the same exact weight and that you knew what that weight was...,FEAR,Emotion-Plausible
GoEmo_test_0447,pair_296d,I am embarrassed to admit that I was shocked to find out that his books all had the same exact weight and that you knew what that weight was...,SURPRISE,Emotion-Implausible
GoEmo_test_0447,pair_296e,I am embarrassed to admit that I was shocked to find out that his books all had the same exact weight and that you knew what that weight was...,NEUTRAL,Emotion-Implausible
GoEmo_test_0447,pair_296f,I am embarrassed to admit that I was shocked to find out that his books all had the same exact weight and that you knew what that weight was...,SADNESS,Emotion-Implausible
GoEmo_test_0447,pair_296g,I am embarrassed to admit that I was shocked to find out that his books all had the same exact weight and that you knew what that weight was...,JOY,Emotion-Implausible
GoEmo_test_0449,pair_297a,I know. I didn't say I agreed with it did I?,ANGER,Emotion-Obvious
GoEmo_test_0449,pair_297b,I know. I didn't say I agreed with it did I?,DISGUST,Emotion-Implausible
GoEmo_test_0449,pair_297c,I know. I didn't say I agreed with it did I?,FEAR,Emotion-Plausible
GoEmo_test_0449,pair_297d,I know. I didn't say I agreed with it did I?,SURPRISE,Emotion-Implausible
GoEmo_test_0449,pair_297e,I know. I didn't say I agreed with it did I?,NEUTRAL,Emotion-Implausible
GoEmo_test_0449,pair_297f,I know. I didn't say I agreed with it did I?,SADNESS,Emotion-Plausible
GoEmo_test_0449,pair_297g,I know. I didn't say I agreed with it did I?,JOY,Emotion-Implausible
GoEmo_test_0451,pair_298a,"Wow, 5 downvotes in 3 minutes. Go you!",ANGER,Emotion-Plausible
GoEmo_test_0451,pair_298b,"Wow, 5 downvotes in 3 minutes. Go you!",DISGUST,Emotion-Plausible
GoEmo_test_0451,pair_298c,"Wow, 5 downvotes in 3 minutes. Go you!",FEAR,Emotion-Implausible
GoEmo_test_0451,pair_298d,"Wow, 5 downvotes in 3 minutes. Go you!",SURPRISE,Emotion-Obvious
GoEmo_test_0451,pair_298e,"Wow, 5 downvotes in 3 minutes. Go you!",NEUTRAL,Emotion-Implausible
GoEmo_test_0451,pair_298f,"Wow, 5 downvotes in 3 minutes. Go you!",SADNESS,Emotion-Implausible
GoEmo_test_0451,pair_298g,"Wow, 5 downvotes in 3 minutes. Go you!",JOY,Emotion-Plausible
GoEmo_test_0452,pair_299a,All I want for Christmas is a broken home,ANGER,Emotion-Obvious
GoEmo_test_0452,pair_299b,All I want for Christmas is a broken home,DISGUST,Emotion-Plausible
GoEmo_test_0452,pair_299c,All I want for Christmas is a broken home,FEAR,Emotion-Implausible
GoEmo_test_0452,pair_299d,All I want for Christmas is a broken home,SURPRISE,Emotion-Implausible
GoEmo_test_0452,pair_299e,All I want for Christmas is a broken home,NEUTRAL,Emotion-Implausible
GoEmo_test_0452,pair_299f,All I want for Christmas is a broken home,SADNESS,Emotion-Obvious
GoEmo_test_0452,pair_299g,All I want for Christmas is a broken home,JOY,Emotion-Implausible
GoEmo_test_0453,pair_300a,"Well I'm trying to improve, man",ANGER,Emotion-Plausible
GoEmo_test_0453,pair_300b,"Well I'm trying to improve, man",DISGUST,Emotion-Plausible
GoEmo_test_0453,pair_300c,"Well I'm trying to improve, man",FEAR,Emotion-Plausible
GoEmo_test_0453,pair_300d,"Well I'm trying to improve, man",SURPRISE,Emotion-Plausible
GoEmo_test_0453,pair_300e,"Well I'm trying to improve, man",NEUTRAL,Emotion-Implausible
GoEmo_test_0453,pair_300f,"Well I'm trying to improve, man",SADNESS,Emotion-Plausible
GoEmo_test_0453,pair_300g,"Well I'm trying to improve, man",JOY,Emotion-Plausible
GoEmo_test_0455,pair_301a,I just want tk be a random scumbag,ANGER,Emotion-Plausible
GoEmo_test_0455,pair_301b,I just want tk be a random scumbag,DISGUST,Emotion-Plausible
GoEmo_test_0455,pair_301c,I just want tk be a random scumbag,FEAR,Emotion-Plausible
GoEmo_test_0455,pair_301d,I just want tk be a random scumbag,SURPRISE,Emotion-Implausible
GoEmo_test_0455,pair_301e,I just want tk be a random scumbag,NEUTRAL,Emotion-Plausible
GoEmo_test_0455,pair_301f,I just want tk be a random scumbag,SADNESS,Emotion-Obvious
GoEmo_test_0455,pair_301g,I just want tk be a random scumbag,JOY,Emotion-Plausible
GoEmo_test_0456,pair_302a,Very possible but there's absolutely zero indication were working on a deal to trade [NAME] currently. We're not just going to trade him away for peanuts.,ANGER,Emotion-Plausible
GoEmo_test_0456,pair_302b,Very possible but there's absolutely zero indication were working on a deal to trade [NAME] currently. We're not just going to trade him away for peanuts.,DISGUST,Emotion-Plausible
GoEmo_test_0456,pair_302c,Very possible but there's absolutely zero indication were working on a deal to trade [NAME] currently. We're not just going to trade him away for peanuts.,FEAR,Emotion-Implausible
GoEmo_test_0456,pair_302d,Very possible but there's absolutely zero indication were working on a deal to trade [NAME] currently. We're not just going to trade him away for peanuts.,SURPRISE,Emotion-Implausible
GoEmo_test_0456,pair_302e,Very possible but there's absolutely zero indication were working on a deal to trade [NAME] currently. We're not just going to trade him away for peanuts.,NEUTRAL,Emotion-Implausible
GoEmo_test_0456,pair_302f,Very possible but there's absolutely zero indication were working on a deal to trade [NAME] currently. We're not just going to trade him away for peanuts.,SADNESS,Emotion-Plausible
GoEmo_test_0456,pair_302g,Very possible but there's absolutely zero indication were working on a deal to trade [NAME] currently. We're not just going to trade him away for peanuts.,JOY,Emotion-Plausible
GoEmo_test_0457,pair_303a,I agree that you need more time in the later turns. But most games it feels like people wait until it is their turn to start thinking.,ANGER,Emotion-Plausible
GoEmo_test_0457,pair_303b,I agree that you need more time in the later turns. But most games it feels like people wait until it is their turn to start thinking.,DISGUST,Emotion-Plausible
GoEmo_test_0457,pair_303c,I agree that you need more time in the later turns. But most games it feels like people wait until it is their turn to start thinking.,FEAR,Emotion-Implausible
GoEmo_test_0457,pair_303d,I agree that you need more time in the later turns. But most games it feels like people wait until it is their turn to start thinking.,SURPRISE,Emotion-Implausible
GoEmo_test_0457,pair_303e,I agree that you need more time in the later turns. But most games it feels like people wait until it is their turn to start thinking.,NEUTRAL,Emotion-Obvious
GoEmo_test_0457,pair_303f,I agree that you need more time in the later turns. But most games it feels like people wait until it is their turn to start thinking.,SADNESS,Emotion-Implausible
GoEmo_test_0457,pair_303g,I agree that you need more time in the later turns. But most games it feels like people wait until it is their turn to start thinking.,JOY,Emotion-Plausible
GoEmo_test_0458,pair_304a,Hopefully you saved that letter!,ANGER,Emotion-Plausible
GoEmo_test_0458,pair_304b,Hopefully you saved that letter!,DISGUST,Emotion-Implausible
GoEmo_test_0458,pair_304c,Hopefully you saved that letter!,FEAR,Emotion-Plausible
GoEmo_test_0458,pair_304d,Hopefully you saved that letter!,SURPRISE,Emotion-Implausible
GoEmo_test_0458,pair_304e,Hopefully you saved that letter!,NEUTRAL,Emotion-Plausible
GoEmo_test_0458,pair_304f,Hopefully you saved that letter!,SADNESS,Emotion-Implausible
GoEmo_test_0458,pair_304g,Hopefully you saved that letter!,JOY,Emotion-Plausible
GoEmo_test_0459,pair_305a,LIGHT THE BEACONS!,ANGER,Emotion-Plausible
GoEmo_test_0459,pair_305b,LIGHT THE BEACONS!,DISGUST,Emotion-Implausible
GoEmo_test_0459,pair_305c,LIGHT THE BEACONS!,FEAR,Emotion-Implausible
GoEmo_test_0459,pair_305d,LIGHT THE BEACONS!,SURPRISE,Emotion-Implausible
GoEmo_test_0459,pair_305e,LIGHT THE BEACONS!,NEUTRAL,Emotion-Plausible
GoEmo_test_0459,pair_305f,LIGHT THE BEACONS!,SADNESS,Emotion-Implausible
GoEmo_test_0459,pair_305g,LIGHT THE BEACONS!,JOY,Emotion-Obvious
GoEmo_test_0460,pair_306a,Would I love to be a fly on your wall right now and watch this whole debacle.,ANGER,Emotion-Plausible
GoEmo_test_0460,pair_306b,Would I love to be a fly on your wall right now and watch this whole debacle.,DISGUST,Emotion-Plausible
GoEmo_test_0460,pair_306c,Would I love to be a fly on your wall right now and watch this whole debacle.,FEAR,Emotion-Implausible
GoEmo_test_0460,pair_306d,Would I love to be a fly on your wall right now and watch this whole debacle.,SURPRISE,Emotion-Implausible
GoEmo_test_0460,pair_306e,Would I love to be a fly on your wall right now and watch this whole debacle.,NEUTRAL,Emotion-Implausible
GoEmo_test_0460,pair_306f,Would I love to be a fly on your wall right now and watch this whole debacle.,SADNESS,Emotion-Plausible
GoEmo_test_0460,pair_306g,Would I love to be a fly on your wall right now and watch this whole debacle.,JOY,Emotion-Obvious
GoEmo_test_0461,pair_307a,How do you know this?,ANGER,Emotion-Plausible
GoEmo_test_0461,pair_307b,How do you know this?,DISGUST,Emotion-Implausible
GoEmo_test_0461,pair_307c,How do you know this?,FEAR,Emotion-Plausible
GoEmo_test_0461,pair_307d,How do you know this?,SURPRISE,Emotion-Plausible
GoEmo_test_0461,pair_307e,How do you know this?,NEUTRAL,Emotion-Plausible
GoEmo_test_0461,pair_307f,How do you know this?,SADNESS,Emotion-Plausible
GoEmo_test_0461,pair_307g,How do you know this?,JOY,Emotion-Plausible
GoEmo_test_0464,pair_308a,He keeps saying this in my playthrough when that's definitely NOT what I'm doing. I just suck at hunting!!,ANGER,Emotion-Obvious
GoEmo_test_0464,pair_308b,He keeps saying this in my playthrough when that's definitely NOT what I'm doing. I just suck at hunting!!,DISGUST,Emotion-Plausible
GoEmo_test_0464,pair_308c,He keeps saying this in my playthrough when that's definitely NOT what I'm doing. I just suck at hunting!!,FEAR,Emotion-Implausible
GoEmo_test_0464,pair_308d,He keeps saying this in my playthrough when that's definitely NOT what I'm doing. I just suck at hunting!!,SURPRISE,Emotion-Plausible
GoEmo_test_0464,pair_308e,He keeps saying this in my playthrough when that's definitely NOT what I'm doing. I just suck at hunting!!,NEUTRAL,Emotion-Implausible
GoEmo_test_0464,pair_308f,He keeps saying this in my playthrough when that's definitely NOT what I'm doing. I just suck at hunting!!,SADNESS,Emotion-Obvious
GoEmo_test_0464,pair_308g,He keeps saying this in my playthrough when that's definitely NOT what I'm doing. I just suck at hunting!!,JOY,Emotion-Implausible
GoEmo_test_0467,pair_309a,"Has he done this with other world leaders, too? Or only [NAME]?",ANGER,Emotion-Plausible
GoEmo_test_0467,pair_309b,"Has he done this with other world leaders, too? Or only [NAME]?",DISGUST,Emotion-Plausible
GoEmo_test_0467,pair_309c,"Has he done this with other world leaders, too? Or only [NAME]?",FEAR,Emotion-Plausible
GoEmo_test_0467,pair_309d,"Has he done this with other world leaders, too? Or only [NAME]?",SURPRISE,Emotion-Obvious
GoEmo_test_0467,pair_309e,"Has he done this with other world leaders, too? Or only [NAME]?",NEUTRAL,Emotion-Plausible
GoEmo_test_0467,pair_309f,"Has he done this with other world leaders, too? Or only [NAME]?",SADNESS,Emotion-Plausible
GoEmo_test_0467,pair_309g,"Has he done this with other world leaders, too? Or only [NAME]?",JOY,Emotion-Plausible
GoEmo_test_0468,pair_310a,Wait... dogs can’t use ladders!,ANGER,Emotion-Plausible
GoEmo_test_0468,pair_310b,Wait... dogs can’t use ladders!,DISGUST,Emotion-Plausible
GoEmo_test_0468,pair_310c,Wait... dogs can’t use ladders!,FEAR,Emotion-Plausible
GoEmo_test_0468,pair_310d,Wait... dogs can’t use ladders!,SURPRISE,Emotion-Obvious
GoEmo_test_0468,pair_310e,Wait... dogs can’t use ladders!,NEUTRAL,Emotion-Implausible
GoEmo_test_0468,pair_310f,Wait... dogs can’t use ladders!,SADNESS,Emotion-Plausible
GoEmo_test_0468,pair_310g,Wait... dogs can’t use ladders!,JOY,Emotion-Plausible
GoEmo_test_0471,pair_311a,"You could notice he was a little bit nervous, i think that was the main reason for his way of playing in this game.",ANGER,Emotion-Plausible
GoEmo_test_0471,pair_311b,"You could notice he was a little bit nervous, i think that was the main reason for his way of playing in this game.",DISGUST,Emotion-Plausible
GoEmo_test_0471,pair_311c,"You could notice he was a little bit nervous, i think that was the main reason for his way of playing in this game.",FEAR,Emotion-Plausible
GoEmo_test_0471,pair_311d,"You could notice he was a little bit nervous, i think that was the main reason for his way of playing in this game.",SURPRISE,Emotion-Implausible
GoEmo_test_0471,pair_311e,"You could notice he was a little bit nervous, i think that was the main reason for his way of playing in this game.",NEUTRAL,Emotion-Implausible
GoEmo_test_0471,pair_311f,"You could notice he was a little bit nervous, i think that was the main reason for his way of playing in this game.",SADNESS,Emotion-Plausible
GoEmo_test_0471,pair_311g,"You could notice he was a little bit nervous, i think that was the main reason for his way of playing in this game.",JOY,Emotion-Plausible
GoEmo_test_0472,pair_312a,I didn't realise this was happening! Thank you! It was hard to tell from OPs photo what the changes were,ANGER,Emotion-Plausible
GoEmo_test_0472,pair_312b,I didn't realise this was happening! Thank you! It was hard to tell from OPs photo what the changes were,DISGUST,Emotion-Plausible
GoEmo_test_0472,pair_312c,I didn't realise this was happening! Thank you! It was hard to tell from OPs photo what the changes were,FEAR,Emotion-Implausible
GoEmo_test_0472,pair_312d,I didn't realise this was happening! Thank you! It was hard to tell from OPs photo what the changes were,SURPRISE,Emotion-Obvious
GoEmo_test_0472,pair_312e,I didn't realise this was happening! Thank you! It was hard to tell from OPs photo what the changes were,NEUTRAL,Emotion-Plausible
GoEmo_test_0472,pair_312f,I didn't realise this was happening! Thank you! It was hard to tell from OPs photo what the changes were,SADNESS,Emotion-Plausible
GoEmo_test_0472,pair_312g,I didn't realise this was happening! Thank you! It was hard to tell from OPs photo what the changes were,JOY,Emotion-Plausible
GoEmo_test_0473,pair_313a,She does NOT love you. Try to ask yourself why you are accepting this treatment.,ANGER,Emotion-Plausible
GoEmo_test_0473,pair_313b,She does NOT love you. Try to ask yourself why you are accepting this treatment.,DISGUST,Emotion-Plausible
GoEmo_test_0473,pair_313c,She does NOT love you. Try to ask yourself why you are accepting this treatment.,FEAR,Emotion-Implausible
GoEmo_test_0473,pair_313d,She does NOT love you. Try to ask yourself why you are accepting this treatment.,SURPRISE,Emotion-Implausible
GoEmo_test_0473,pair_313e,She does NOT love you. Try to ask yourself why you are accepting this treatment.,NEUTRAL,Emotion-Plausible
GoEmo_test_0473,pair_313f,She does NOT love you. Try to ask yourself why you are accepting this treatment.,SADNESS,Emotion-Plausible
GoEmo_test_0473,pair_313g,She does NOT love you. Try to ask yourself why you are accepting this treatment.,JOY,Emotion-Implausible
GoEmo_test_0476,pair_314a,Why would I do that?,ANGER,Emotion-Obvious
GoEmo_test_0476,pair_314b,Why would I do that?,DISGUST,Emotion-Plausible
GoEmo_test_0476,pair_314c,Why would I do that?,FEAR,Emotion-Plausible
GoEmo_test_0476,pair_314d,Why would I do that?,SURPRISE,Emotion-Plausible
GoEmo_test_0476,pair_314e,Why would I do that?,NEUTRAL,Emotion-Plausible
GoEmo_test_0476,pair_314f,Why would I do that?,SADNESS,Emotion-Plausible
GoEmo_test_0476,pair_314g,Why would I do that?,JOY,Emotion-Plausible
GoEmo_test_0477,pair_315a,"Another day, another Newsweek article reporting what some commentator said on TV.",ANGER,Emotion-Plausible
GoEmo_test_0477,pair_315b,"Another day, another Newsweek article reporting what some commentator said on TV.",DISGUST,Emotion-Plausible
GoEmo_test_0477,pair_315c,"Another day, another Newsweek article reporting what some commentator said on TV.",FEAR,Emotion-Implausible
GoEmo_test_0477,pair_315d,"Another day, another Newsweek article reporting what some commentator said on TV.",SURPRISE,Emotion-Implausible
GoEmo_test_0477,pair_315e,"Another day, another Newsweek article reporting what some commentator said on TV.",NEUTRAL,Emotion-Obvious
GoEmo_test_0477,pair_315f,"Another day, another Newsweek article reporting what some commentator said on TV.",SADNESS,Emotion-Plausible
GoEmo_test_0477,pair_315g,"Another day, another Newsweek article reporting what some commentator said on TV.",JOY,Emotion-Plausible
GoEmo_test_0478,pair_316a,Thanks so much for the advice! Will definitely keep that in mind,ANGER,Emotion-Plausible
GoEmo_test_0478,pair_316b,Thanks so much for the advice! Will definitely keep that in mind,DISGUST,Emotion-Implausible
GoEmo_test_0478,pair_316c,Thanks so much for the advice! Will definitely keep that in mind,FEAR,Emotion-Plausible
GoEmo_test_0478,pair_316d,Thanks so much for the advice! Will definitely keep that in mind,SURPRISE,Emotion-Implausible
GoEmo_test_0478,pair_316e,Thanks so much for the advice! Will definitely keep that in mind,NEUTRAL,Emotion-Plausible
GoEmo_test_0478,pair_316f,Thanks so much for the advice! Will definitely keep that in mind,SADNESS,Emotion-Plausible
GoEmo_test_0478,pair_316g,Thanks so much for the advice! Will definitely keep that in mind,JOY,Emotion-Obvious
GoEmo_test_0479,pair_317a,"Subscribed to sjwstories, thanks for informing me about that one!",ANGER,Emotion-Implausible
GoEmo_test_0479,pair_317b,"Subscribed to sjwstories, thanks for informing me about that one!",DISGUST,Emotion-Implausible
GoEmo_test_0479,pair_317c,"Subscribed to sjwstories, thanks for informing me about that one!",FEAR,Emotion-Implausible
GoEmo_test_0479,pair_317d,"Subscribed to sjwstories, thanks for informing me about that one!",SURPRISE,Emotion-Implausible
GoEmo_test_0479,pair_317e,"Subscribed to sjwstories, thanks for informing me about that one!",NEUTRAL,Emotion-Plausible
GoEmo_test_0479,pair_317f,"Subscribed to sjwstories, thanks for informing me about that one!",SADNESS,Emotion-Implausible
GoEmo_test_0479,pair_317g,"Subscribed to sjwstories, thanks for informing me about that one!",JOY,Emotion-Obvious
GoEmo_test_0481,pair_318a,I like this feeling,ANGER,Emotion-Implausible
GoEmo_test_0481,pair_318b,I like this feeling,DISGUST,Emotion-Implausible
GoEmo_test_0481,pair_318c,I like this feeling,FEAR,Emotion-Implausible
GoEmo_test_0481,pair_318d,I like this feeling,SURPRISE,Emotion-Plausible
GoEmo_test_0481,pair_318e,I like this feeling,NEUTRAL,Emotion-Implausible
GoEmo_test_0481,pair_318f,I like this feeling,SADNESS,Emotion-Plausible
GoEmo_test_0481,pair_318g,I like this feeling,JOY,Emotion-Obvious
GoEmo_test_0482,pair_319a,Trusting readers is something we cannot afford in this day and age.,ANGER,Emotion-Plausible
GoEmo_test_0482,pair_319b,Trusting readers is something we cannot afford in this day and age.,DISGUST,Emotion-Plausible
GoEmo_test_0482,pair_319c,Trusting readers is something we cannot afford in this day and age.,FEAR,Emotion-Plausible
GoEmo_test_0482,pair_319d,Trusting readers is something we cannot afford in this day and age.,SURPRISE,Emotion-Plausible
GoEmo_test_0482,pair_319e,Trusting readers is something we cannot afford in this day and age.,NEUTRAL,Emotion-Obvious
GoEmo_test_0482,pair_319f,Trusting readers is something we cannot afford in this day and age.,SADNESS,Emotion-Plausible
GoEmo_test_0482,pair_319g,Trusting readers is something we cannot afford in this day and age.,JOY,Emotion-Implausible
GoEmo_test_0483,pair_320a,"Not really, just wanted to know why specifically you thought he was on gear. (Because I honestly don't see it)",ANGER,Emotion-Plausible
GoEmo_test_0483,pair_320b,"Not really, just wanted to know why specifically you thought he was on gear. (Because I honestly don't see it)",DISGUST,Emotion-Implausible
GoEmo_test_0483,pair_320c,"Not really, just wanted to know why specifically you thought he was on gear. (Because I honestly don't see it)",FEAR,Emotion-Plausible
GoEmo_test_0483,pair_320d,"Not really, just wanted to know why specifically you thought he was on gear. (Because I honestly don't see it)",SURPRISE,Emotion-Plausible
GoEmo_test_0483,pair_320e,"Not really, just wanted to know why specifically you thought he was on gear. (Because I honestly don't see it)",NEUTRAL,Emotion-Plausible
GoEmo_test_0483,pair_320f,"Not really, just wanted to know why specifically you thought he was on gear. (Because I honestly don't see it)",SADNESS,Emotion-Plausible
GoEmo_test_0483,pair_320g,"Not really, just wanted to know why specifically you thought he was on gear. (Because I honestly don't see it)",JOY,Emotion-Implausible
GoEmo_test_0486,pair_321a,[NAME] can’t hurt us anymore.,ANGER,Emotion-Plausible
GoEmo_test_0486,pair_321b,[NAME] can’t hurt us anymore.,DISGUST,Emotion-Plausible
GoEmo_test_0486,pair_321c,[NAME] can’t hurt us anymore.,FEAR,Emotion-Implausible
GoEmo_test_0486,pair_321d,[NAME] can’t hurt us anymore.,SURPRISE,Emotion-Implausible
GoEmo_test_0486,pair_321e,[NAME] can’t hurt us anymore.,NEUTRAL,Emotion-Plausible
GoEmo_test_0486,pair_321f,[NAME] can’t hurt us anymore.,SADNESS,Emotion-Implausible
GoEmo_test_0486,pair_321g,[NAME] can’t hurt us anymore.,JOY,Emotion-Plausible
GoEmo_test_0488,pair_322a,"The [RELIGION] Church has been raping children for decades, that we know about. More likely hundreds of years. Probably since they've existed.",ANGER,Emotion-Obvious
GoEmo_test_0488,pair_322b,"The [RELIGION] Church has been raping children for decades, that we know about. More likely hundreds of years. Probably since they've existed.",DISGUST,Emotion-Obvious
GoEmo_test_0488,pair_322c,"The [RELIGION] Church has been raping children for decades, that we know about. More likely hundreds of years. Probably since they've existed.",FEAR,Emotion-Plausible
GoEmo_test_0488,pair_322d,"The [RELIGION] Church has been raping children for decades, that we know about. More likely hundreds of years. Probably since they've existed.",SURPRISE,Emotion-Plausible
GoEmo_test_0488,pair_322e,"The [RELIGION] Church has been raping children for decades, that we know about. More likely hundreds of years. Probably since they've existed.",NEUTRAL,Emotion-Implausible
GoEmo_test_0488,pair_322f,"The [RELIGION] Church has been raping children for decades, that we know about. More likely hundreds of years. Probably since they've existed.",SADNESS,Emotion-Obvious
GoEmo_test_0488,pair_322g,"The [RELIGION] Church has been raping children for decades, that we know about. More likely hundreds of years. Probably since they've existed.",JOY,Emotion-Implausible
GoEmo_test_0489,pair_323a,"Other than the jerseys, optic merch is like an after thought. Wish they would step it up more.",ANGER,Emotion-Plausible
GoEmo_test_0489,pair_323b,"Other than the jerseys, optic merch is like an after thought. Wish they would step it up more.",DISGUST,Emotion-Plausible
GoEmo_test_0489,pair_323c,"Other than the jerseys, optic merch is like an after thought. Wish they would step it up more.",FEAR,Emotion-Plausible
GoEmo_test_0489,pair_323d,"Other than the jerseys, optic merch is like an after thought. Wish they would step it up more.",SURPRISE,Emotion-Implausible
GoEmo_test_0489,pair_323e,"Other than the jerseys, optic merch is like an after thought. Wish they would step it up more.",NEUTRAL,Emotion-Implausible
GoEmo_test_0489,pair_323f,"Other than the jerseys, optic merch is like an after thought. Wish they would step it up more.",SADNESS,Emotion-Obvious
GoEmo_test_0489,pair_323g,"Other than the jerseys, optic merch is like an after thought. Wish they would step it up more.",JOY,Emotion-Implausible
GoEmo_test_0490,pair_324a,"She's not an hero we deserve, she's an hero we have.",ANGER,Emotion-Plausible
GoEmo_test_0490,pair_324b,"She's not an hero we deserve, she's an hero we have.",DISGUST,Emotion-Plausible
GoEmo_test_0490,pair_324c,"She's not an hero we deserve, she's an hero we have.",FEAR,Emotion-Plausible
GoEmo_test_0490,pair_324d,"She's not an hero we deserve, she's an hero we have.",SURPRISE,Emotion-Plausible
GoEmo_test_0490,pair_324e,"She's not an hero we deserve, she's an hero we have.",NEUTRAL,Emotion-Implausible
GoEmo_test_0490,pair_324f,"She's not an hero we deserve, she's an hero we have.",SADNESS,Emotion-Plausible
GoEmo_test_0490,pair_324g,"She's not an hero we deserve, she's an hero we have.",JOY,Emotion-Obvious
GoEmo_test_0493,pair_325a,[NAME] and [NAME] going on a bike tour is awesome IDK why I love it so much,ANGER,Emotion-Plausible
GoEmo_test_0493,pair_325b,[NAME] and [NAME] going on a bike tour is awesome IDK why I love it so much,DISGUST,Emotion-Implausible
GoEmo_test_0493,pair_325c,[NAME] and [NAME] going on a bike tour is awesome IDK why I love it so much,FEAR,Emotion-Implausible
GoEmo_test_0493,pair_325d,[NAME] and [NAME] going on a bike tour is awesome IDK why I love it so much,SURPRISE,Emotion-Obvious
GoEmo_test_0493,pair_325e,[NAME] and [NAME] going on a bike tour is awesome IDK why I love it so much,NEUTRAL,Emotion-Implausible
GoEmo_test_0493,pair_325f,[NAME] and [NAME] going on a bike tour is awesome IDK why I love it so much,SADNESS,Emotion-Plausible
GoEmo_test_0493,pair_325g,[NAME] and [NAME] going on a bike tour is awesome IDK why I love it so much,JOY,Emotion-Obvious
GoEmo_test_0494,pair_326a,Putting on head phones with a neutral song,ANGER,Emotion-Plausible
GoEmo_test_0494,pair_326b,Putting on head phones with a neutral song,DISGUST,Emotion-Plausible
GoEmo_test_0494,pair_326c,Putting on head phones with a neutral song,FEAR,Emotion-Implausible
GoEmo_test_0494,pair_326d,Putting on head phones with a neutral song,SURPRISE,Emotion-Plausible
GoEmo_test_0494,pair_326e,Putting on head phones with a neutral song,NEUTRAL,Emotion-Plausible
GoEmo_test_0494,pair_326f,Putting on head phones with a neutral song,SADNESS,Emotion-Plausible
GoEmo_test_0494,pair_326g,Putting on head phones with a neutral song,JOY,Emotion-Plausible
GoEmo_test_0497,pair_327a,This man looks so much older without the cap,ANGER,Emotion-Plausible
GoEmo_test_0497,pair_327b,This man looks so much older without the cap,DISGUST,Emotion-Plausible
GoEmo_test_0497,pair_327c,This man looks so much older without the cap,FEAR,Emotion-Plausible
GoEmo_test_0497,pair_327d,This man looks so much older without the cap,SURPRISE,Emotion-Obvious
GoEmo_test_0497,pair_327e,This man looks so much older without the cap,NEUTRAL,Emotion-Plausible
GoEmo_test_0497,pair_327f,This man looks so much older without the cap,SADNESS,Emotion-Plausible
GoEmo_test_0497,pair_327g,This man looks so much older without the cap,JOY,Emotion-Plausible
GoEmo_test_0498,pair_328a,how does asperger feel like,ANGER,Emotion-Implausible
GoEmo_test_0498,pair_328b,how does asperger feel like,DISGUST,Emotion-Plausible
GoEmo_test_0498,pair_328c,how does asperger feel like,FEAR,Emotion-Implausible
GoEmo_test_0498,pair_328d,how does asperger feel like,SURPRISE,Emotion-Obvious
GoEmo_test_0498,pair_328e,how does asperger feel like,NEUTRAL,Emotion-Plausible
GoEmo_test_0498,pair_328f,how does asperger feel like,SADNESS,Emotion-Implausible
GoEmo_test_0498,pair_328g,how does asperger feel like,JOY,Emotion-Implausible
GoEmo_test_0502,pair_329a,All it takes is just a bit Practice and thanks!,ANGER,Emotion-Plausible
GoEmo_test_0502,pair_329b,All it takes is just a bit Practice and thanks!,DISGUST,Emotion-Implausible
GoEmo_test_0502,pair_329c,All it takes is just a bit Practice and thanks!,FEAR,Emotion-Implausible
GoEmo_test_0502,pair_329d,All it takes is just a bit Practice and thanks!,SURPRISE,Emotion-Implausible
GoEmo_test_0502,pair_329e,All it takes is just a bit Practice and thanks!,NEUTRAL,Emotion-Plausible
GoEmo_test_0502,pair_329f,All it takes is just a bit Practice and thanks!,SADNESS,Emotion-Plausible
GoEmo_test_0502,pair_329g,All it takes is just a bit Practice and thanks!,JOY,Emotion-Obvious
GoEmo_test_0504,pair_330a,So creepy. Made me check my locks.,ANGER,Emotion-Plausible
GoEmo_test_0504,pair_330b,So creepy. Made me check my locks.,DISGUST,Emotion-Plausible
GoEmo_test_0504,pair_330c,So creepy. Made me check my locks.,FEAR,Emotion-Obvious
GoEmo_test_0504,pair_330d,So creepy. Made me check my locks.,SURPRISE,Emotion-Plausible
GoEmo_test_0504,pair_330e,So creepy. Made me check my locks.,NEUTRAL,Emotion-Implausible
GoEmo_test_0504,pair_330f,So creepy. Made me check my locks.,SADNESS,Emotion-Implausible
GoEmo_test_0504,pair_330g,So creepy. Made me check my locks.,JOY,Emotion-Implausible
GoEmo_test_0505,pair_331a,[NAME] I hate my hometown,ANGER,Emotion-Obvious
GoEmo_test_0505,pair_331b,[NAME] I hate my hometown,DISGUST,Emotion-Obvious
GoEmo_test_0505,pair_331c,[NAME] I hate my hometown,FEAR,Emotion-Plausible
GoEmo_test_0505,pair_331d,[NAME] I hate my hometown,SURPRISE,Emotion-Implausible
GoEmo_test_0505,pair_331e,[NAME] I hate my hometown,NEUTRAL,Emotion-Implausible
GoEmo_test_0505,pair_331f,[NAME] I hate my hometown,SADNESS,Emotion-Plausible
GoEmo_test_0505,pair_331g,[NAME] I hate my hometown,JOY,Emotion-Implausible
GoEmo_test_0506,pair_332a,You shut your mouth,ANGER,Emotion-Obvious
GoEmo_test_0506,pair_332b,You shut your mouth,DISGUST,Emotion-Plausible
GoEmo_test_0506,pair_332c,You shut your mouth,FEAR,Emotion-Implausible
GoEmo_test_0506,pair_332d,You shut your mouth,SURPRISE,Emotion-Plausible
GoEmo_test_0506,pair_332e,You shut your mouth,NEUTRAL,Emotion-Plausible
GoEmo_test_0506,pair_332f,You shut your mouth,SADNESS,Emotion-Implausible
GoEmo_test_0506,pair_332g,You shut your mouth,JOY,Emotion-Plausible
GoEmo_test_0508,pair_333a,Oof that’s terrible,ANGER,Emotion-Implausible
GoEmo_test_0508,pair_333b,Oof that’s terrible,DISGUST,Emotion-Plausible
GoEmo_test_0508,pair_333c,Oof that’s terrible,FEAR,Emotion-Plausible
GoEmo_test_0508,pair_333d,Oof that’s terrible,SURPRISE,Emotion-Obvious
GoEmo_test_0508,pair_333e,Oof that’s terrible,NEUTRAL,Emotion-Implausible
GoEmo_test_0508,pair_333f,Oof that’s terrible,SADNESS,Emotion-Obvious
GoEmo_test_0508,pair_333g,Oof that’s terrible,JOY,Emotion-Plausible
GoEmo_test_0511,pair_334a,If only buses had lights or something,ANGER,Emotion-Plausible
GoEmo_test_0511,pair_334b,If only buses had lights or something,DISGUST,Emotion-Plausible
GoEmo_test_0511,pair_334c,If only buses had lights or something,FEAR,Emotion-Implausible
GoEmo_test_0511,pair_334d,If only buses had lights or something,SURPRISE,Emotion-Plausible
GoEmo_test_0511,pair_334e,If only buses had lights or something,NEUTRAL,Emotion-Implausible
GoEmo_test_0511,pair_334f,If only buses had lights or something,SADNESS,Emotion-Plausible
GoEmo_test_0511,pair_334g,If only buses had lights or something,JOY,Emotion-Plausible
GoEmo_test_0513,pair_335a,"No, it's not that one",ANGER,Emotion-Plausible
GoEmo_test_0513,pair_335b,"No, it's not that one",DISGUST,Emotion-Implausible
GoEmo_test_0513,pair_335c,"No, it's not that one",FEAR,Emotion-Plausible
GoEmo_test_0513,pair_335d,"No, it's not that one",SURPRISE,Emotion-Plausible
GoEmo_test_0513,pair_335e,"No, it's not that one",NEUTRAL,Emotion-Obvious
GoEmo_test_0513,pair_335f,"No, it's not that one",SADNESS,Emotion-Plausible
GoEmo_test_0513,pair_335g,"No, it's not that one",JOY,Emotion-Plausible
GoEmo_test_0516,pair_336a,You're in luck!,ANGER,Emotion-Plausible
GoEmo_test_0516,pair_336b,You're in luck!,DISGUST,Emotion-Implausible
GoEmo_test_0516,pair_336c,You're in luck!,FEAR,Emotion-Implausible
GoEmo_test_0516,pair_336d,You're in luck!,SURPRISE,Emotion-Plausible
GoEmo_test_0516,pair_336e,You're in luck!,NEUTRAL,Emotion-Implausible
GoEmo_test_0516,pair_336f,You're in luck!,SADNESS,Emotion-Implausible
GoEmo_test_0516,pair_336g,You're in luck!,JOY,Emotion-Obvious
GoEmo_test_0517,pair_337a,"Go look at the top posts of those subs. How far do you have to scroll to get to a ""men are trash"" post?",ANGER,Emotion-Obvious
GoEmo_test_0517,pair_337b,"Go look at the top posts of those subs. How far do you have to scroll to get to a ""men are trash"" post?",DISGUST,Emotion-Plausible
GoEmo_test_0517,pair_337c,"Go look at the top posts of those subs. How far do you have to scroll to get to a ""men are trash"" post?",FEAR,Emotion-Implausible
GoEmo_test_0517,pair_337d,"Go look at the top posts of those subs. How far do you have to scroll to get to a ""men are trash"" post?",SURPRISE,Emotion-Plausible
GoEmo_test_0517,pair_337e,"Go look at the top posts of those subs. How far do you have to scroll to get to a ""men are trash"" post?",NEUTRAL,Emotion-Plausible
GoEmo_test_0517,pair_337f,"Go look at the top posts of those subs. How far do you have to scroll to get to a ""men are trash"" post?",SADNESS,Emotion-Plausible
GoEmo_test_0517,pair_337g,"Go look at the top posts of those subs. How far do you have to scroll to get to a ""men are trash"" post?",JOY,Emotion-Plausible
GoEmo_test_0519,pair_338a,Of course I remember a time when I didn't know what calories were. I was a child.,ANGER,Emotion-Plausible
GoEmo_test_0519,pair_338b,Of course I remember a time when I didn't know what calories were. I was a child.,DISGUST,Emotion-Implausible
GoEmo_test_0519,pair_338c,Of course I remember a time when I didn't know what calories were. I was a child.,FEAR,Emotion-Implausible
GoEmo_test_0519,pair_338d,Of course I remember a time when I didn't know what calories were. I was a child.,SURPRISE,Emotion-Implausible
GoEmo_test_0519,pair_338e,Of course I remember a time when I didn't know what calories were. I was a child.,NEUTRAL,Emotion-Obvious
GoEmo_test_0519,pair_338f,Of course I remember a time when I didn't know what calories were. I was a child.,SADNESS,Emotion-Plausible
GoEmo_test_0519,pair_338g,Of course I remember a time when I didn't know what calories were. I was a child.,JOY,Emotion-Implausible
GoEmo_test_0520,pair_339a,"I've had a few blisters from hot welds, but nothing that bad...",ANGER,Emotion-Plausible
GoEmo_test_0520,pair_339b,"I've had a few blisters from hot welds, but nothing that bad...",DISGUST,Emotion-Implausible
GoEmo_test_0520,pair_339c,"I've had a few blisters from hot welds, but nothing that bad...",FEAR,Emotion-Plausible
GoEmo_test_0520,pair_339d,"I've had a few blisters from hot welds, but nothing that bad...",SURPRISE,Emotion-Plausible
GoEmo_test_0520,pair_339e,"I've had a few blisters from hot welds, but nothing that bad...",NEUTRAL,Emotion-Obvious
GoEmo_test_0520,pair_339f,"I've had a few blisters from hot welds, but nothing that bad...",SADNESS,Emotion-Plausible
GoEmo_test_0520,pair_339g,"I've had a few blisters from hot welds, but nothing that bad...",JOY,Emotion-Plausible
GoEmo_test_0522,pair_340a,Just know that you are the man. Go Isles. Go Flames.,ANGER,Emotion-Implausible
GoEmo_test_0522,pair_340b,Just know that you are the man. Go Isles. Go Flames.,DISGUST,Emotion-Implausible
GoEmo_test_0522,pair_340c,Just know that you are the man. Go Isles. Go Flames.,FEAR,Emotion-Implausible
GoEmo_test_0522,pair_340d,Just know that you are the man. Go Isles. Go Flames.,SURPRISE,Emotion-Implausible
GoEmo_test_0522,pair_340e,Just know that you are the man. Go Isles. Go Flames.,NEUTRAL,Emotion-Implausible
GoEmo_test_0522,pair_340f,Just know that you are the man. Go Isles. Go Flames.,SADNESS,Emotion-Implausible
GoEmo_test_0522,pair_340g,Just know that you are the man. Go Isles. Go Flames.,JOY,Emotion-Obvious
GoEmo_test_0525,pair_341a,"Maybe try living a little longer before you talk about things you don't know about, sweaty. NEXT!",ANGER,Emotion-Obvious
GoEmo_test_0525,pair_341b,"Maybe try living a little longer before you talk about things you don't know about, sweaty. NEXT!",DISGUST,Emotion-Plausible
GoEmo_test_0525,pair_341c,"Maybe try living a little longer before you talk about things you don't know about, sweaty. NEXT!",FEAR,Emotion-Implausible
GoEmo_test_0525,pair_341d,"Maybe try living a little longer before you talk about things you don't know about, sweaty. NEXT!",SURPRISE,Emotion-Implausible
GoEmo_test_0525,pair_341e,"Maybe try living a little longer before you talk about things you don't know about, sweaty. NEXT!",NEUTRAL,Emotion-Implausible
GoEmo_test_0525,pair_341f,"Maybe try living a little longer before you talk about things you don't know about, sweaty. NEXT!",SADNESS,Emotion-Implausible
GoEmo_test_0525,pair_341g,"Maybe try living a little longer before you talk about things you don't know about, sweaty. NEXT!",JOY,Emotion-Implausible
GoEmo_test_0526,pair_342a,Well if you read my other posts you’d know I did try to end it in a responsible mature way and he refused sooo,ANGER,Emotion-Obvious
GoEmo_test_0526,pair_342b,Well if you read my other posts you’d know I did try to end it in a responsible mature way and he refused sooo,DISGUST,Emotion-Plausible
GoEmo_test_0526,pair_342c,Well if you read my other posts you’d know I did try to end it in a responsible mature way and he refused sooo,FEAR,Emotion-Implausible
GoEmo_test_0526,pair_342d,Well if you read my other posts you’d know I did try to end it in a responsible mature way and he refused sooo,SURPRISE,Emotion-Implausible
GoEmo_test_0526,pair_342e,Well if you read my other posts you’d know I did try to end it in a responsible mature way and he refused sooo,NEUTRAL,Emotion-Implausible
GoEmo_test_0526,pair_342f,Well if you read my other posts you’d know I did try to end it in a responsible mature way and he refused sooo,SADNESS,Emotion-Plausible
GoEmo_test_0526,pair_342g,Well if you read my other posts you’d know I did try to end it in a responsible mature way and he refused sooo,JOY,Emotion-Plausible
GoEmo_test_0527,pair_343a,"Awesome, love the input! I totally get what you’re saying!",ANGER,Emotion-Plausible
GoEmo_test_0527,pair_343b,"Awesome, love the input! I totally get what you’re saying!",DISGUST,Emotion-Implausible
GoEmo_test_0527,pair_343c,"Awesome, love the input! I totally get what you’re saying!",FEAR,Emotion-Implausible
GoEmo_test_0527,pair_343d,"Awesome, love the input! I totally get what you’re saying!",SURPRISE,Emotion-Plausible
GoEmo_test_0527,pair_343e,"Awesome, love the input! I totally get what you’re saying!",NEUTRAL,Emotion-Implausible
GoEmo_test_0527,pair_343f,"Awesome, love the input! I totally get what you’re saying!",SADNESS,Emotion-Implausible
GoEmo_test_0527,pair_343g,"Awesome, love the input! I totally get what you’re saying!",JOY,Emotion-Obvious
GoEmo_test_0528,pair_344a,I would hate to see another [NAME] situation where [NAME] gets hurt again because he wasn't fully recovered.,ANGER,Emotion-Obvious
GoEmo_test_0528,pair_344b,I would hate to see another [NAME] situation where [NAME] gets hurt again because he wasn't fully recovered.,DISGUST,Emotion-Plausible
GoEmo_test_0528,pair_344c,I would hate to see another [NAME] situation where [NAME] gets hurt again because he wasn't fully recovered.,FEAR,Emotion-Plausible
GoEmo_test_0528,pair_344d,I would hate to see another [NAME] situation where [NAME] gets hurt again because he wasn't fully recovered.,SURPRISE,Emotion-Implausible
GoEmo_test_0528,pair_344e,I would hate to see another [NAME] situation where [NAME] gets hurt again because he wasn't fully recovered.,NEUTRAL,Emotion-Implausible
GoEmo_test_0528,pair_344f,I would hate to see another [NAME] situation where [NAME] gets hurt again because he wasn't fully recovered.,SADNESS,Emotion-Plausible
GoEmo_test_0528,pair_344g,I would hate to see another [NAME] situation where [NAME] gets hurt again because he wasn't fully recovered.,JOY,Emotion-Implausible
GoEmo_test_0531,pair_345a,The [NAME] did send his only son to score for our Pens! We are REDEEMED!,ANGER,Emotion-Implausible
GoEmo_test_0531,pair_345b,The [NAME] did send his only son to score for our Pens! We are REDEEMED!,DISGUST,Emotion-Implausible
GoEmo_test_0531,pair_345c,The [NAME] did send his only son to score for our Pens! We are REDEEMED!,FEAR,Emotion-Implausible
GoEmo_test_0531,pair_345d,The [NAME] did send his only son to score for our Pens! We are REDEEMED!,SURPRISE,Emotion-Implausible
GoEmo_test_0531,pair_345e,The [NAME] did send his only son to score for our Pens! We are REDEEMED!,NEUTRAL,Emotion-Implausible
GoEmo_test_0531,pair_345f,The [NAME] did send his only son to score for our Pens! We are REDEEMED!,SADNESS,Emotion-Implausible
GoEmo_test_0531,pair_345g,The [NAME] did send his only son to score for our Pens! We are REDEEMED!,JOY,Emotion-Obvious
GoEmo_test_0532,pair_346a,I know a couple of people who are. It's amazing to watch.,ANGER,Emotion-Plausible
GoEmo_test_0532,pair_346b,I know a couple of people who are. It's amazing to watch.,DISGUST,Emotion-Plausible
GoEmo_test_0532,pair_346c,I know a couple of people who are. It's amazing to watch.,FEAR,Emotion-Implausible
GoEmo_test_0532,pair_346d,I know a couple of people who are. It's amazing to watch.,SURPRISE,Emotion-Plausible
GoEmo_test_0532,pair_346e,I know a couple of people who are. It's amazing to watch.,NEUTRAL,Emotion-Implausible
GoEmo_test_0532,pair_346f,I know a couple of people who are. It's amazing to watch.,SADNESS,Emotion-Implausible
GoEmo_test_0532,pair_346g,I know a couple of people who are. It's amazing to watch.,JOY,Emotion-Obvious
GoEmo_test_0533,pair_347a,Must be a tough life when all you can think about is sad stories to keep you from enjoying anything.,ANGER,Emotion-Obvious
GoEmo_test_0533,pair_347b,Must be a tough life when all you can think about is sad stories to keep you from enjoying anything.,DISGUST,Emotion-Plausible
GoEmo_test_0533,pair_347c,Must be a tough life when all you can think about is sad stories to keep you from enjoying anything.,FEAR,Emotion-Implausible
GoEmo_test_0533,pair_347d,Must be a tough life when all you can think about is sad stories to keep you from enjoying anything.,SURPRISE,Emotion-Implausible
GoEmo_test_0533,pair_347e,Must be a tough life when all you can think about is sad stories to keep you from enjoying anything.,NEUTRAL,Emotion-Implausible
GoEmo_test_0533,pair_347f,Must be a tough life when all you can think about is sad stories to keep you from enjoying anything.,SADNESS,Emotion-Plausible
GoEmo_test_0533,pair_347g,Must be a tough life when all you can think about is sad stories to keep you from enjoying anything.,JOY,Emotion-Implausible
GoEmo_test_0534,pair_348a,Should I watch this? Will it aggravate me?,ANGER,Emotion-Plausible
GoEmo_test_0534,pair_348b,Should I watch this? Will it aggravate me?,DISGUST,Emotion-Plausible
GoEmo_test_0534,pair_348c,Should I watch this? Will it aggravate me?,FEAR,Emotion-Obvious
GoEmo_test_0534,pair_348d,Should I watch this? Will it aggravate me?,SURPRISE,Emotion-Implausible
GoEmo_test_0534,pair_348e,Should I watch this? Will it aggravate me?,NEUTRAL,Emotion-Implausible
GoEmo_test_0534,pair_348f,Should I watch this? Will it aggravate me?,SADNESS,Emotion-Implausible
GoEmo_test_0534,pair_348g,Should I watch this? Will it aggravate me?,JOY,Emotion-Implausible
GoEmo_test_0536,pair_349a,That was one of the things that I didn't think about and I already gave a delta for that.,ANGER,Emotion-Plausible
GoEmo_test_0536,pair_349b,That was one of the things that I didn't think about and I already gave a delta for that.,DISGUST,Emotion-Implausible
GoEmo_test_0536,pair_349c,That was one of the things that I didn't think about and I already gave a delta for that.,FEAR,Emotion-Plausible
GoEmo_test_0536,pair_349d,That was one of the things that I didn't think about and I already gave a delta for that.,SURPRISE,Emotion-Plausible
GoEmo_test_0536,pair_349e,That was one of the things that I didn't think about and I already gave a delta for that.,NEUTRAL,Emotion-Obvious
GoEmo_test_0536,pair_349f,That was one of the things that I didn't think about and I already gave a delta for that.,SADNESS,Emotion-Plausible
GoEmo_test_0536,pair_349g,That was one of the things that I didn't think about and I already gave a delta for that.,JOY,Emotion-Plausible
GoEmo_test_0537,pair_350a,That's sad. I'm 16 and where I am there are loads of athiests my age. It's great.,ANGER,Emotion-Implausible
GoEmo_test_0537,pair_350b,That's sad. I'm 16 and where I am there are loads of athiests my age. It's great.,DISGUST,Emotion-Plausible
GoEmo_test_0537,pair_350c,That's sad. I'm 16 and where I am there are loads of athiests my age. It's great.,FEAR,Emotion-Implausible
GoEmo_test_0537,pair_350d,That's sad. I'm 16 and where I am there are loads of athiests my age. It's great.,SURPRISE,Emotion-Implausible
GoEmo_test_0537,pair_350e,That's sad. I'm 16 and where I am there are loads of athiests my age. It's great.,NEUTRAL,Emotion-Implausible
GoEmo_test_0537,pair_350f,That's sad. I'm 16 and where I am there are loads of athiests my age. It's great.,SADNESS,Emotion-Plausible
GoEmo_test_0537,pair_350g,That's sad. I'm 16 and where I am there are loads of athiests my age. It's great.,JOY,Emotion-Obvious
GoEmo_test_0541,pair_351a,"i suppose it did, but the kick follow up whiff is what i was really pointing out",ANGER,Emotion-Plausible
GoEmo_test_0541,pair_351b,"i suppose it did, but the kick follow up whiff is what i was really pointing out",DISGUST,Emotion-Implausible
GoEmo_test_0541,pair_351c,"i suppose it did, but the kick follow up whiff is what i was really pointing out",FEAR,Emotion-Implausible
GoEmo_test_0541,pair_351d,"i suppose it did, but the kick follow up whiff is what i was really pointing out",SURPRISE,Emotion-Implausible
GoEmo_test_0541,pair_351e,"i suppose it did, but the kick follow up whiff is what i was really pointing out",NEUTRAL,Emotion-Obvious
GoEmo_test_0541,pair_351f,"i suppose it did, but the kick follow up whiff is what i was really pointing out",SADNESS,Emotion-Plausible
GoEmo_test_0541,pair_351g,"i suppose it did, but the kick follow up whiff is what i was really pointing out",JOY,Emotion-Implausible
GoEmo_test_0543,pair_352a,Turns out they weren't wrong about [NAME] either,ANGER,Emotion-Plausible
GoEmo_test_0543,pair_352b,Turns out they weren't wrong about [NAME] either,DISGUST,Emotion-Plausible
GoEmo_test_0543,pair_352c,Turns out they weren't wrong about [NAME] either,FEAR,Emotion-Plausible
GoEmo_test_0543,pair_352d,Turns out they weren't wrong about [NAME] either,SURPRISE,Emotion-Obvious
GoEmo_test_0543,pair_352e,Turns out they weren't wrong about [NAME] either,NEUTRAL,Emotion-Plausible
GoEmo_test_0543,pair_352f,Turns out they weren't wrong about [NAME] either,SADNESS,Emotion-Plausible
GoEmo_test_0543,pair_352g,Turns out they weren't wrong about [NAME] either,JOY,Emotion-Plausible
GoEmo_test_0544,pair_353a,Now we need [NAME] to reunite with [NAME],ANGER,Emotion-Plausible
GoEmo_test_0544,pair_353b,Now we need [NAME] to reunite with [NAME],DISGUST,Emotion-Plausible
GoEmo_test_0544,pair_353c,Now we need [NAME] to reunite with [NAME],FEAR,Emotion-Plausible
GoEmo_test_0544,pair_353d,Now we need [NAME] to reunite with [NAME],SURPRISE,Emotion-Plausible
GoEmo_test_0544,pair_353e,Now we need [NAME] to reunite with [NAME],NEUTRAL,Emotion-Plausible
GoEmo_test_0544,pair_353f,Now we need [NAME] to reunite with [NAME],SADNESS,Emotion-Plausible
GoEmo_test_0544,pair_353g,Now we need [NAME] to reunite with [NAME],JOY,Emotion-Plausible
GoEmo_test_0545,pair_354a,"Yea, I'm willing to bet the auto makers have known about this technology for quite a while.",ANGER,Emotion-Obvious
GoEmo_test_0545,pair_354b,"Yea, I'm willing to bet the auto makers have known about this technology for quite a while.",DISGUST,Emotion-Plausible
GoEmo_test_0545,pair_354c,"Yea, I'm willing to bet the auto makers have known about this technology for quite a while.",FEAR,Emotion-Implausible
GoEmo_test_0545,pair_354d,"Yea, I'm willing to bet the auto makers have known about this technology for quite a while.",SURPRISE,Emotion-Implausible
GoEmo_test_0545,pair_354e,"Yea, I'm willing to bet the auto makers have known about this technology for quite a while.",NEUTRAL,Emotion-Plausible
GoEmo_test_0545,pair_354f,"Yea, I'm willing to bet the auto makers have known about this technology for quite a while.",SADNESS,Emotion-Implausible
GoEmo_test_0545,pair_354g,"Yea, I'm willing to bet the auto makers have known about this technology for quite a while.",JOY,Emotion-Plausible
GoEmo_test_0546,pair_355a,"Rest in peaches J2D or whatever his name was, nice meme",ANGER,Emotion-Implausible
GoEmo_test_0546,pair_355b,"Rest in peaches J2D or whatever his name was, nice meme",DISGUST,Emotion-Plausible
GoEmo_test_0546,pair_355c,"Rest in peaches J2D or whatever his name was, nice meme",FEAR,Emotion-Implausible
GoEmo_test_0546,pair_355d,"Rest in peaches J2D or whatever his name was, nice meme",SURPRISE,Emotion-Implausible
GoEmo_test_0546,pair_355e,"Rest in peaches J2D or whatever his name was, nice meme",NEUTRAL,Emotion-Implausible
GoEmo_test_0546,pair_355f,"Rest in peaches J2D or whatever his name was, nice meme",SADNESS,Emotion-Implausible
GoEmo_test_0546,pair_355g,"Rest in peaches J2D or whatever his name was, nice meme",JOY,Emotion-Obvious
GoEmo_test_0548,pair_356a,so glad we picked this guy up. was absolutely terrified when we played against him. dude was in the zone.,ANGER,Emotion-Implausible
GoEmo_test_0548,pair_356b,so glad we picked this guy up. was absolutely terrified when we played against him. dude was in the zone.,DISGUST,Emotion-Implausible
GoEmo_test_0548,pair_356c,so glad we picked this guy up. was absolutely terrified when we played against him. dude was in the zone.,FEAR,Emotion-Implausible
GoEmo_test_0548,pair_356d,so glad we picked this guy up. was absolutely terrified when we played against him. dude was in the zone.,SURPRISE,Emotion-Implausible
GoEmo_test_0548,pair_356e,so glad we picked this guy up. was absolutely terrified when we played against him. dude was in the zone.,NEUTRAL,Emotion-Implausible
GoEmo_test_0548,pair_356f,so glad we picked this guy up. was absolutely terrified when we played against him. dude was in the zone.,SADNESS,Emotion-Implausible
GoEmo_test_0548,pair_356g,so glad we picked this guy up. was absolutely terrified when we played against him. dude was in the zone.,JOY,Emotion-Obvious
GoEmo_test_0549,pair_357a,You completely missed the point of the meme...,ANGER,Emotion-Plausible
GoEmo_test_0549,pair_357b,You completely missed the point of the meme...,DISGUST,Emotion-Plausible
GoEmo_test_0549,pair_357c,You completely missed the point of the meme...,FEAR,Emotion-Plausible
GoEmo_test_0549,pair_357d,You completely missed the point of the meme...,SURPRISE,Emotion-Plausible
GoEmo_test_0549,pair_357e,You completely missed the point of the meme...,NEUTRAL,Emotion-Implausible
GoEmo_test_0549,pair_357f,You completely missed the point of the meme...,SADNESS,Emotion-Plausible
GoEmo_test_0549,pair_357g,You completely missed the point of the meme...,JOY,Emotion-Plausible
GoEmo_test_0550,pair_358a,I was there in 89-91. Some of the best years of my life.,ANGER,Emotion-Plausible
GoEmo_test_0550,pair_358b,I was there in 89-91. Some of the best years of my life.,DISGUST,Emotion-Implausible
GoEmo_test_0550,pair_358c,I was there in 89-91. Some of the best years of my life.,FEAR,Emotion-Plausible
GoEmo_test_0550,pair_358d,I was there in 89-91. Some of the best years of my life.,SURPRISE,Emotion-Plausible
GoEmo_test_0550,pair_358e,I was there in 89-91. Some of the best years of my life.,NEUTRAL,Emotion-Implausible
GoEmo_test_0550,pair_358f,I was there in 89-91. Some of the best years of my life.,SADNESS,Emotion-Plausible
GoEmo_test_0550,pair_358g,I was there in 89-91. Some of the best years of my life.,JOY,Emotion-Obvious
GoEmo_test_0551,pair_359a,"Wow, you folks sure are salty about losing the midterms! Pathetic?",ANGER,Emotion-Plausible
GoEmo_test_0551,pair_359b,"Wow, you folks sure are salty about losing the midterms! Pathetic?",DISGUST,Emotion-Obvious
GoEmo_test_0551,pair_359c,"Wow, you folks sure are salty about losing the midterms! Pathetic?",FEAR,Emotion-Implausible
GoEmo_test_0551,pair_359d,"Wow, you folks sure are salty about losing the midterms! Pathetic?",SURPRISE,Emotion-Plausible
GoEmo_test_0551,pair_359e,"Wow, you folks sure are salty about losing the midterms! Pathetic?",NEUTRAL,Emotion-Implausible
GoEmo_test_0551,pair_359f,"Wow, you folks sure are salty about losing the midterms! Pathetic?",SADNESS,Emotion-Implausible
GoEmo_test_0551,pair_359g,"Wow, you folks sure are salty about losing the midterms! Pathetic?",JOY,Emotion-Obvious
GoEmo_test_0556,pair_360a,"Hey, you ever watch the sopranos before?",ANGER,Emotion-Plausible
GoEmo_test_0556,pair_360b,"Hey, you ever watch the sopranos before?",DISGUST,Emotion-Plausible
GoEmo_test_0556,pair_360c,"Hey, you ever watch the sopranos before?",FEAR,Emotion-Plausible
GoEmo_test_0556,pair_360d,"Hey, you ever watch the sopranos before?",SURPRISE,Emotion-Implausible
GoEmo_test_0556,pair_360e,"Hey, you ever watch the sopranos before?",NEUTRAL,Emotion-Obvious
GoEmo_test_0556,pair_360f,"Hey, you ever watch the sopranos before?",SADNESS,Emotion-Plausible
GoEmo_test_0556,pair_360g,"Hey, you ever watch the sopranos before?",JOY,Emotion-Plausible
GoEmo_test_0557,pair_361a,"""I will do what I must.""",ANGER,Emotion-Plausible
GoEmo_test_0557,pair_361b,"""I will do what I must.""",DISGUST,Emotion-Implausible
GoEmo_test_0557,pair_361c,"""I will do what I must.""",FEAR,Emotion-Plausible
GoEmo_test_0557,pair_361d,"""I will do what I must.""",SURPRISE,Emotion-Implausible
GoEmo_test_0557,pair_361e,"""I will do what I must.""",NEUTRAL,Emotion-Obvious
GoEmo_test_0557,pair_361f,"""I will do what I must.""",SADNESS,Emotion-Plausible
GoEmo_test_0557,pair_361g,"""I will do what I must.""",JOY,Emotion-Plausible
GoEmo_test_0558,pair_362a,I would love to see some encouragement and smiles on the sideline instead of yelling and whining.,ANGER,Emotion-Obvious
GoEmo_test_0558,pair_362b,I would love to see some encouragement and smiles on the sideline instead of yelling and whining.,DISGUST,Emotion-Obvious
GoEmo_test_0558,pair_362c,I would love to see some encouragement and smiles on the sideline instead of yelling and whining.,FEAR,Emotion-Implausible
GoEmo_test_0558,pair_362d,I would love to see some encouragement and smiles on the sideline instead of yelling and whining.,SURPRISE,Emotion-Implausible
GoEmo_test_0558,pair_362e,I would love to see some encouragement and smiles on the sideline instead of yelling and whining.,NEUTRAL,Emotion-Implausible
GoEmo_test_0558,pair_362f,I would love to see some encouragement and smiles on the sideline instead of yelling and whining.,SADNESS,Emotion-Plausible
GoEmo_test_0558,pair_362g,I would love to see some encouragement and smiles on the sideline instead of yelling and whining.,JOY,Emotion-Implausible
GoEmo_test_0561,pair_363a,It’s a terrible thing when someone who doesn’t let themselves laugh has a reddit account,ANGER,Emotion-Plausible
GoEmo_test_0561,pair_363b,It’s a terrible thing when someone who doesn’t let themselves laugh has a reddit account,DISGUST,Emotion-Plausible
GoEmo_test_0561,pair_363c,It’s a terrible thing when someone who doesn’t let themselves laugh has a reddit account,FEAR,Emotion-Implausible
GoEmo_test_0561,pair_363d,It’s a terrible thing when someone who doesn’t let themselves laugh has a reddit account,SURPRISE,Emotion-Implausible
GoEmo_test_0561,pair_363e,It’s a terrible thing when someone who doesn’t let themselves laugh has a reddit account,NEUTRAL,Emotion-Implausible
GoEmo_test_0561,pair_363f,It’s a terrible thing when someone who doesn’t let themselves laugh has a reddit account,SADNESS,Emotion-Plausible
GoEmo_test_0561,pair_363g,It’s a terrible thing when someone who doesn’t let themselves laugh has a reddit account,JOY,Emotion-Plausible
GoEmo_test_0562,pair_364a,"Thank You, that does seem to be the consensus.",ANGER,Emotion-Plausible
GoEmo_test_0562,pair_364b,"Thank You, that does seem to be the consensus.",DISGUST,Emotion-Plausible
GoEmo_test_0562,pair_364c,"Thank You, that does seem to be the consensus.",FEAR,Emotion-Plausible
GoEmo_test_0562,pair_364d,"Thank You, that does seem to be the consensus.",SURPRISE,Emotion-Implausible
GoEmo_test_0562,pair_364e,"Thank You, that does seem to be the consensus.",NEUTRAL,Emotion-Obvious
GoEmo_test_0562,pair_364f,"Thank You, that does seem to be the consensus.",SADNESS,Emotion-Plausible
GoEmo_test_0562,pair_364g,"Thank You, that does seem to be the consensus.",JOY,Emotion-Plausible
GoEmo_test_0564,pair_365a,"I'll pass the ""I'm not crying you're crying!"" part. Yeah I'm crying.",ANGER,Emotion-Plausible
GoEmo_test_0564,pair_365b,"I'll pass the ""I'm not crying you're crying!"" part. Yeah I'm crying.",DISGUST,Emotion-Implausible
GoEmo_test_0564,pair_365c,"I'll pass the ""I'm not crying you're crying!"" part. Yeah I'm crying.",FEAR,Emotion-Implausible
GoEmo_test_0564,pair_365d,"I'll pass the ""I'm not crying you're crying!"" part. Yeah I'm crying.",SURPRISE,Emotion-Implausible
GoEmo_test_0564,pair_365e,"I'll pass the ""I'm not crying you're crying!"" part. Yeah I'm crying.",NEUTRAL,Emotion-Implausible
GoEmo_test_0564,pair_365f,"I'll pass the ""I'm not crying you're crying!"" part. Yeah I'm crying.",SADNESS,Emotion-Obvious
GoEmo_test_0564,pair_365g,"I'll pass the ""I'm not crying you're crying!"" part. Yeah I'm crying.",JOY,Emotion-Plausible
GoEmo_test_0565,pair_366a,Thank you very much I appreciate the enthusiasm btw do you know more or less how much space will I need to install it?,ANGER,Emotion-Implausible
GoEmo_test_0565,pair_366b,Thank you very much I appreciate the enthusiasm btw do you know more or less how much space will I need to install it?,DISGUST,Emotion-Implausible
GoEmo_test_0565,pair_366c,Thank you very much I appreciate the enthusiasm btw do you know more or less how much space will I need to install it?,FEAR,Emotion-Implausible
GoEmo_test_0565,pair_366d,Thank you very much I appreciate the enthusiasm btw do you know more or less how much space will I need to install it?,SURPRISE,Emotion-Implausible
GoEmo_test_0565,pair_366e,Thank you very much I appreciate the enthusiasm btw do you know more or less how much space will I need to install it?,NEUTRAL,Emotion-Obvious
GoEmo_test_0565,pair_366f,Thank you very much I appreciate the enthusiasm btw do you know more or less how much space will I need to install it?,SADNESS,Emotion-Implausible
GoEmo_test_0565,pair_366g,Thank you very much I appreciate the enthusiasm btw do you know more or less how much space will I need to install it?,JOY,Emotion-Plausible
GoEmo_test_0567,pair_367a,That specific block is probably one of the worst in the city.,ANGER,Emotion-Obvious
GoEmo_test_0567,pair_367b,That specific block is probably one of the worst in the city.,DISGUST,Emotion-Plausible
GoEmo_test_0567,pair_367c,That specific block is probably one of the worst in the city.,FEAR,Emotion-Plausible
GoEmo_test_0567,pair_367d,That specific block is probably one of the worst in the city.,SURPRISE,Emotion-Implausible
GoEmo_test_0567,pair_367e,That specific block is probably one of the worst in the city.,NEUTRAL,Emotion-Implausible
GoEmo_test_0567,pair_367f,That specific block is probably one of the worst in the city.,SADNESS,Emotion-Plausible
GoEmo_test_0567,pair_367g,That specific block is probably one of the worst in the city.,JOY,Emotion-Implausible
GoEmo_test_0568,pair_368a,When is the battle point for squad spawning back?,ANGER,Emotion-Plausible
GoEmo_test_0568,pair_368b,When is the battle point for squad spawning back?,DISGUST,Emotion-Implausible
GoEmo_test_0568,pair_368c,When is the battle point for squad spawning back?,FEAR,Emotion-Implausible
GoEmo_test_0568,pair_368d,When is the battle point for squad spawning back?,SURPRISE,Emotion-Implausible
GoEmo_test_0568,pair_368e,When is the battle point for squad spawning back?,NEUTRAL,Emotion-Obvious
GoEmo_test_0568,pair_368f,When is the battle point for squad spawning back?,SADNESS,Emotion-Implausible
GoEmo_test_0568,pair_368g,When is the battle point for squad spawning back?,JOY,Emotion-Plausible
GoEmo_test_0569,pair_369a,He’s a way worse version of [NAME]. I don’t think anyone is putting him in their top 15 besides Bears fans.,ANGER,Emotion-Obvious
GoEmo_test_0569,pair_369b,He’s a way worse version of [NAME]. I don’t think anyone is putting him in their top 15 besides Bears fans.,DISGUST,Emotion-Obvious
GoEmo_test_0569,pair_369c,He’s a way worse version of [NAME]. I don’t think anyone is putting him in their top 15 besides Bears fans.,FEAR,Emotion-Plausible
GoEmo_test_0569,pair_369d,He’s a way worse version of [NAME]. I don’t think anyone is putting him in their top 15 besides Bears fans.,SURPRISE,Emotion-Implausible
GoEmo_test_0569,pair_369e,He’s a way worse version of [NAME]. I don’t think anyone is putting him in their top 15 besides Bears fans.,NEUTRAL,Emotion-Implausible
GoEmo_test_0569,pair_369f,He’s a way worse version of [NAME]. I don’t think anyone is putting him in their top 15 besides Bears fans.,SADNESS,Emotion-Plausible
GoEmo_test_0569,pair_369g,He’s a way worse version of [NAME]. I don’t think anyone is putting him in their top 15 besides Bears fans.,JOY,Emotion-Plausible
GoEmo_test_0574,pair_370a,at least you’re getting hit on,ANGER,Emotion-Plausible
GoEmo_test_0574,pair_370b,at least you’re getting hit on,DISGUST,Emotion-Implausible
GoEmo_test_0574,pair_370c,at least you’re getting hit on,FEAR,Emotion-Plausible
GoEmo_test_0574,pair_370d,at least you’re getting hit on,SURPRISE,Emotion-Implausible
GoEmo_test_0574,pair_370e,at least you’re getting hit on,NEUTRAL,Emotion-Implausible
GoEmo_test_0574,pair_370f,at least you’re getting hit on,SADNESS,Emotion-Plausible
GoEmo_test_0574,pair_370g,at least you’re getting hit on,JOY,Emotion-Plausible
GoEmo_test_0577,pair_371a,Ah good call - I dont plan to take submissions for that reason,ANGER,Emotion-Plausible
GoEmo_test_0577,pair_371b,Ah good call - I dont plan to take submissions for that reason,DISGUST,Emotion-Plausible
GoEmo_test_0577,pair_371c,Ah good call - I dont plan to take submissions for that reason,FEAR,Emotion-Implausible
GoEmo_test_0577,pair_371d,Ah good call - I dont plan to take submissions for that reason,SURPRISE,Emotion-Obvious
GoEmo_test_0577,pair_371e,Ah good call - I dont plan to take submissions for that reason,NEUTRAL,Emotion-Plausible
GoEmo_test_0577,pair_371f,Ah good call - I dont plan to take submissions for that reason,SADNESS,Emotion-Plausible
GoEmo_test_0577,pair_371g,Ah good call - I dont plan to take submissions for that reason,JOY,Emotion-Plausible
GoEmo_test_0578,pair_372a,Personal insults aren't allowed around here. 1 week ban for first offense.,ANGER,Emotion-Plausible
GoEmo_test_0578,pair_372b,Personal insults aren't allowed around here. 1 week ban for first offense.,DISGUST,Emotion-Implausible
GoEmo_test_0578,pair_372c,Personal insults aren't allowed around here. 1 week ban for first offense.,FEAR,Emotion-Plausible
GoEmo_test_0578,pair_372d,Personal insults aren't allowed around here. 1 week ban for first offense.,SURPRISE,Emotion-Implausible
GoEmo_test_0578,pair_372e,Personal insults aren't allowed around here. 1 week ban for first offense.,NEUTRAL,Emotion-Obvious
GoEmo_test_0578,pair_372f,Personal insults aren't allowed around here. 1 week ban for first offense.,SADNESS,Emotion-Plausible
GoEmo_test_0578,pair_372g,Personal insults aren't allowed around here. 1 week ban for first offense.,JOY,Emotion-Implausible
GoEmo_test_0579,pair_373a,I've been watching it recently and it is such an amazing show!,ANGER,Emotion-Plausible
GoEmo_test_0579,pair_373b,I've been watching it recently and it is such an amazing show!,DISGUST,Emotion-Plausible
GoEmo_test_0579,pair_373c,I've been watching it recently and it is such an amazing show!,FEAR,Emotion-Implausible
GoEmo_test_0579,pair_373d,I've been watching it recently and it is such an amazing show!,SURPRISE,Emotion-Implausible
GoEmo_test_0579,pair_373e,I've been watching it recently and it is such an amazing show!,NEUTRAL,Emotion-Implausible
GoEmo_test_0579,pair_373f,I've been watching it recently and it is such an amazing show!,SADNESS,Emotion-Implausible
GoEmo_test_0579,pair_373g,I've been watching it recently and it is such an amazing show!,JOY,Emotion-Obvious
GoEmo_test_0580,pair_374a,Why would you mention [NAME]? Lol,ANGER,Emotion-Plausible
GoEmo_test_0580,pair_374b,Why would you mention [NAME]? Lol,DISGUST,Emotion-Plausible
GoEmo_test_0580,pair_374c,Why would you mention [NAME]? Lol,FEAR,Emotion-Plausible
GoEmo_test_0580,pair_374d,Why would you mention [NAME]? Lol,SURPRISE,Emotion-Obvious
GoEmo_test_0580,pair_374e,Why would you mention [NAME]? Lol,NEUTRAL,Emotion-Implausible
GoEmo_test_0580,pair_374f,Why would you mention [NAME]? Lol,SADNESS,Emotion-Plausible
GoEmo_test_0580,pair_374g,Why would you mention [NAME]? Lol,JOY,Emotion-Plausible
GoEmo_test_0581,pair_375a,Don’t tempt me!,ANGER,Emotion-Obvious
GoEmo_test_0581,pair_375b,Don’t tempt me!,DISGUST,Emotion-Plausible
GoEmo_test_0581,pair_375c,Don’t tempt me!,FEAR,Emotion-Plausible
GoEmo_test_0581,pair_375d,Don’t tempt me!,SURPRISE,Emotion-Implausible
GoEmo_test_0581,pair_375e,Don’t tempt me!,NEUTRAL,Emotion-Implausible
GoEmo_test_0581,pair_375f,Don’t tempt me!,SADNESS,Emotion-Plausible
GoEmo_test_0581,pair_375g,Don’t tempt me!,JOY,Emotion-Plausible
GoEmo_test_0582,pair_376a,I hope you get the help you need. Truly.,ANGER,Emotion-Plausible
GoEmo_test_0582,pair_376b,I hope you get the help you need. Truly.,DISGUST,Emotion-Plausible
GoEmo_test_0582,pair_376c,I hope you get the help you need. Truly.,FEAR,Emotion-Implausible
GoEmo_test_0582,pair_376d,I hope you get the help you need. Truly.,SURPRISE,Emotion-Implausible
GoEmo_test_0582,pair_376e,I hope you get the help you need. Truly.,NEUTRAL,Emotion-Implausible
GoEmo_test_0582,pair_376f,I hope you get the help you need. Truly.,SADNESS,Emotion-Plausible
GoEmo_test_0582,pair_376g,I hope you get the help you need. Truly.,JOY,Emotion-Plausible
GoEmo_test_0583,pair_377a,Not sure if we can call him ginger anymore. That hairline went into a recession that'd put 2009 to shame.,ANGER,Emotion-Implausible
GoEmo_test_0583,pair_377b,Not sure if we can call him ginger anymore. That hairline went into a recession that'd put 2009 to shame.,DISGUST,Emotion-Obvious
GoEmo_test_0583,pair_377c,Not sure if we can call him ginger anymore. That hairline went into a recession that'd put 2009 to shame.,FEAR,Emotion-Implausible
GoEmo_test_0583,pair_377d,Not sure if we can call him ginger anymore. That hairline went into a recession that'd put 2009 to shame.,SURPRISE,Emotion-Implausible
GoEmo_test_0583,pair_377e,Not sure if we can call him ginger anymore. That hairline went into a recession that'd put 2009 to shame.,NEUTRAL,Emotion-Implausible
GoEmo_test_0583,pair_377f,Not sure if we can call him ginger anymore. That hairline went into a recession that'd put 2009 to shame.,SADNESS,Emotion-Plausible
GoEmo_test_0583,pair_377g,Not sure if we can call him ginger anymore. That hairline went into a recession that'd put 2009 to shame.,JOY,Emotion-Obvious
GoEmo_test_0584,pair_378a,I love this ahahah,ANGER,Emotion-Implausible
GoEmo_test_0584,pair_378b,I love this ahahah,DISGUST,Emotion-Implausible
GoEmo_test_0584,pair_378c,I love this ahahah,FEAR,Emotion-Implausible
GoEmo_test_0584,pair_378d,I love this ahahah,SURPRISE,Emotion-Plausible
GoEmo_test_0584,pair_378e,I love this ahahah,NEUTRAL,Emotion-Implausible
GoEmo_test_0584,pair_378f,I love this ahahah,SADNESS,Emotion-Implausible
GoEmo_test_0584,pair_378g,I love this ahahah,JOY,Emotion-Obvious
GoEmo_test_0587,pair_379a,"First [NAME], now [NAME]. Stop the conks. Please.",ANGER,Emotion-Obvious
GoEmo_test_0587,pair_379b,"First [NAME], now [NAME]. Stop the conks. Please.",DISGUST,Emotion-Plausible
GoEmo_test_0587,pair_379c,"First [NAME], now [NAME]. Stop the conks. Please.",FEAR,Emotion-Plausible
GoEmo_test_0587,pair_379d,"First [NAME], now [NAME]. Stop the conks. Please.",SURPRISE,Emotion-Plausible
GoEmo_test_0587,pair_379e,"First [NAME], now [NAME]. Stop the conks. Please.",NEUTRAL,Emotion-Implausible
GoEmo_test_0587,pair_379f,"First [NAME], now [NAME]. Stop the conks. Please.",SADNESS,Emotion-Obvious
GoEmo_test_0587,pair_379g,"First [NAME], now [NAME]. Stop the conks. Please.",JOY,Emotion-Plausible
GoEmo_test_0588,pair_380a,This is one of the worst I've seen...,ANGER,Emotion-Obvious
GoEmo_test_0588,pair_380b,This is one of the worst I've seen...,DISGUST,Emotion-Obvious
GoEmo_test_0588,pair_380c,This is one of the worst I've seen...,FEAR,Emotion-Plausible
GoEmo_test_0588,pair_380d,This is one of the worst I've seen...,SURPRISE,Emotion-Plausible
GoEmo_test_0588,pair_380e,This is one of the worst I've seen...,NEUTRAL,Emotion-Implausible
GoEmo_test_0588,pair_380f,This is one of the worst I've seen...,SADNESS,Emotion-Plausible
GoEmo_test_0588,pair_380g,This is one of the worst I've seen...,JOY,Emotion-Implausible
GoEmo_test_0590,pair_381a,Almost like being in Love by [NAME].,ANGER,Emotion-Plausible
GoEmo_test_0590,pair_381b,Almost like being in Love by [NAME].,DISGUST,Emotion-Plausible
GoEmo_test_0590,pair_381c,Almost like being in Love by [NAME].,FEAR,Emotion-Implausible
GoEmo_test_0590,pair_381d,Almost like being in Love by [NAME].,SURPRISE,Emotion-Implausible
GoEmo_test_0590,pair_381e,Almost like being in Love by [NAME].,NEUTRAL,Emotion-Implausible
GoEmo_test_0590,pair_381f,Almost like being in Love by [NAME].,SADNESS,Emotion-Plausible
GoEmo_test_0590,pair_381g,Almost like being in Love by [NAME].,JOY,Emotion-Obvious
GoEmo_test_0593,pair_382a,"I regale them with stories of times when the dfaq runs out of chocolate cake, reminding them that we too can sometimes have it rough.",ANGER,Emotion-Plausible
GoEmo_test_0593,pair_382b,"I regale them with stories of times when the dfaq runs out of chocolate cake, reminding them that we too can sometimes have it rough.",DISGUST,Emotion-Implausible
GoEmo_test_0593,pair_382c,"I regale them with stories of times when the dfaq runs out of chocolate cake, reminding them that we too can sometimes have it rough.",FEAR,Emotion-Plausible
GoEmo_test_0593,pair_382d,"I regale them with stories of times when the dfaq runs out of chocolate cake, reminding them that we too can sometimes have it rough.",SURPRISE,Emotion-Implausible
GoEmo_test_0593,pair_382e,"I regale them with stories of times when the dfaq runs out of chocolate cake, reminding them that we too can sometimes have it rough.",NEUTRAL,Emotion-Obvious
GoEmo_test_0593,pair_382f,"I regale them with stories of times when the dfaq runs out of chocolate cake, reminding them that we too can sometimes have it rough.",SADNESS,Emotion-Plausible
GoEmo_test_0593,pair_382g,"I regale them with stories of times when the dfaq runs out of chocolate cake, reminding them that we too can sometimes have it rough.",JOY,Emotion-Plausible
GoEmo_test_0597,pair_383a,I sure hope so,ANGER,Emotion-Plausible
GoEmo_test_0597,pair_383b,I sure hope so,DISGUST,Emotion-Implausible
GoEmo_test_0597,pair_383c,I sure hope so,FEAR,Emotion-Plausible
GoEmo_test_0597,pair_383d,I sure hope so,SURPRISE,Emotion-Implausible
GoEmo_test_0597,pair_383e,I sure hope so,NEUTRAL,Emotion-Plausible
GoEmo_test_0597,pair_383f,I sure hope so,SADNESS,Emotion-Plausible
GoEmo_test_0597,pair_383g,I sure hope so,JOY,Emotion-Plausible
GoEmo_test_0601,pair_384a,thats some very advanced way of thinking - and I dont think I was able to do that when I was 18,ANGER,Emotion-Plausible
GoEmo_test_0601,pair_384b,thats some very advanced way of thinking - and I dont think I was able to do that when I was 18,DISGUST,Emotion-Implausible
GoEmo_test_0601,pair_384c,thats some very advanced way of thinking - and I dont think I was able to do that when I was 18,FEAR,Emotion-Implausible
GoEmo_test_0601,pair_384d,thats some very advanced way of thinking - and I dont think I was able to do that when I was 18,SURPRISE,Emotion-Obvious
GoEmo_test_0601,pair_384e,thats some very advanced way of thinking - and I dont think I was able to do that when I was 18,NEUTRAL,Emotion-Implausible
GoEmo_test_0601,pair_384f,thats some very advanced way of thinking - and I dont think I was able to do that when I was 18,SADNESS,Emotion-Plausible
GoEmo_test_0601,pair_384g,thats some very advanced way of thinking - and I dont think I was able to do that when I was 18,JOY,Emotion-Obvious
GoEmo_test_0604,pair_385a,Oh interesting username,ANGER,Emotion-Plausible
GoEmo_test_0604,pair_385b,Oh interesting username,DISGUST,Emotion-Plausible
GoEmo_test_0604,pair_385c,Oh interesting username,FEAR,Emotion-Plausible
GoEmo_test_0604,pair_385d,Oh interesting username,SURPRISE,Emotion-Obvious
GoEmo_test_0604,pair_385e,Oh interesting username,NEUTRAL,Emotion-Implausible
GoEmo_test_0604,pair_385f,Oh interesting username,SADNESS,Emotion-Plausible
GoEmo_test_0604,pair_385g,Oh interesting username,JOY,Emotion-Plausible
GoEmo_test_0605,pair_386a,Thank you for saying this. It is disrespectful to me. And it hurts.,ANGER,Emotion-Obvious
GoEmo_test_0605,pair_386b,Thank you for saying this. It is disrespectful to me. And it hurts.,DISGUST,Emotion-Plausible
GoEmo_test_0605,pair_386c,Thank you for saying this. It is disrespectful to me. And it hurts.,FEAR,Emotion-Implausible
GoEmo_test_0605,pair_386d,Thank you for saying this. It is disrespectful to me. And it hurts.,SURPRISE,Emotion-Plausible
GoEmo_test_0605,pair_386e,Thank you for saying this. It is disrespectful to me. And it hurts.,NEUTRAL,Emotion-Implausible
GoEmo_test_0605,pair_386f,Thank you for saying this. It is disrespectful to me. And it hurts.,SADNESS,Emotion-Obvious
GoEmo_test_0605,pair_386g,Thank you for saying this. It is disrespectful to me. And it hurts.,JOY,Emotion-Implausible
GoEmo_test_0606,pair_387a,You should've smashed his head into it.,ANGER,Emotion-Obvious
GoEmo_test_0606,pair_387b,You should've smashed his head into it.,DISGUST,Emotion-Plausible
GoEmo_test_0606,pair_387c,You should've smashed his head into it.,FEAR,Emotion-Implausible
GoEmo_test_0606,pair_387d,You should've smashed his head into it.,SURPRISE,Emotion-Implausible
GoEmo_test_0606,pair_387e,You should've smashed his head into it.,NEUTRAL,Emotion-Implausible
GoEmo_test_0606,pair_387f,You should've smashed his head into it.,SADNESS,Emotion-Implausible
GoEmo_test_0606,pair_387g,You should've smashed his head into it.,JOY,Emotion-Plausible
GoEmo_test_0608,pair_388a,> don't tax anyone what a stupid idea.,ANGER,Emotion-Obvious
GoEmo_test_0608,pair_388b,> don't tax anyone what a stupid idea.,DISGUST,Emotion-Obvious
GoEmo_test_0608,pair_388c,> don't tax anyone what a stupid idea.,FEAR,Emotion-Plausible
GoEmo_test_0608,pair_388d,> don't tax anyone what a stupid idea.,SURPRISE,Emotion-Plausible
GoEmo_test_0608,pair_388e,> don't tax anyone what a stupid idea.,NEUTRAL,Emotion-Implausible
GoEmo_test_0608,pair_388f,> don't tax anyone what a stupid idea.,SADNESS,Emotion-Implausible
GoEmo_test_0608,pair_388g,> don't tax anyone what a stupid idea.,JOY,Emotion-Implausible
GoEmo_test_0609,pair_389a,Before telling you anything....what exactly do you want out of this?,ANGER,Emotion-Obvious
GoEmo_test_0609,pair_389b,Before telling you anything....what exactly do you want out of this?,DISGUST,Emotion-Implausible
GoEmo_test_0609,pair_389c,Before telling you anything....what exactly do you want out of this?,FEAR,Emotion-Plausible
GoEmo_test_0609,pair_389d,Before telling you anything....what exactly do you want out of this?,SURPRISE,Emotion-Implausible
GoEmo_test_0609,pair_389e,Before telling you anything....what exactly do you want out of this?,NEUTRAL,Emotion-Plausible
GoEmo_test_0609,pair_389f,Before telling you anything....what exactly do you want out of this?,SADNESS,Emotion-Plausible
GoEmo_test_0609,pair_389g,Before telling you anything....what exactly do you want out of this?,JOY,Emotion-Plausible
GoEmo_test_0610,pair_390a,I just tell myself that I'll be put together for some girl. She won't have to treat me like a fixer upper.,ANGER,Emotion-Plausible
GoEmo_test_0610,pair_390b,I just tell myself that I'll be put together for some girl. She won't have to treat me like a fixer upper.,DISGUST,Emotion-Plausible
GoEmo_test_0610,pair_390c,I just tell myself that I'll be put together for some girl. She won't have to treat me like a fixer upper.,FEAR,Emotion-Implausible
GoEmo_test_0610,pair_390d,I just tell myself that I'll be put together for some girl. She won't have to treat me like a fixer upper.,SURPRISE,Emotion-Implausible
GoEmo_test_0610,pair_390e,I just tell myself that I'll be put together for some girl. She won't have to treat me like a fixer upper.,NEUTRAL,Emotion-Implausible
GoEmo_test_0610,pair_390f,I just tell myself that I'll be put together for some girl. She won't have to treat me like a fixer upper.,SADNESS,Emotion-Plausible
GoEmo_test_0610,pair_390g,I just tell myself that I'll be put together for some girl. She won't have to treat me like a fixer upper.,JOY,Emotion-Obvious
GoEmo_test_0611,pair_391a,The only cringe is some of y'all obsessing over every little thing Eureka does.,ANGER,Emotion-Obvious
GoEmo_test_0611,pair_391b,The only cringe is some of y'all obsessing over every little thing Eureka does.,DISGUST,Emotion-Obvious
GoEmo_test_0611,pair_391c,The only cringe is some of y'all obsessing over every little thing Eureka does.,FEAR,Emotion-Implausible
GoEmo_test_0611,pair_391d,The only cringe is some of y'all obsessing over every little thing Eureka does.,SURPRISE,Emotion-Plausible
GoEmo_test_0611,pair_391e,The only cringe is some of y'all obsessing over every little thing Eureka does.,NEUTRAL,Emotion-Implausible
GoEmo_test_0611,pair_391f,The only cringe is some of y'all obsessing over every little thing Eureka does.,SADNESS,Emotion-Implausible
GoEmo_test_0611,pair_391g,The only cringe is some of y'all obsessing over every little thing Eureka does.,JOY,Emotion-Plausible
GoEmo_test_0612,pair_392a,Don’t wait. Take control of your life back and leave. You know that’s what’s going to happen.,ANGER,Emotion-Obvious
GoEmo_test_0612,pair_392b,Don’t wait. Take control of your life back and leave. You know that’s what’s going to happen.,DISGUST,Emotion-Plausible
GoEmo_test_0612,pair_392c,Don’t wait. Take control of your life back and leave. You know that’s what’s going to happen.,FEAR,Emotion-Obvious
GoEmo_test_0612,pair_392d,Don’t wait. Take control of your life back and leave. You know that’s what’s going to happen.,SURPRISE,Emotion-Implausible
GoEmo_test_0612,pair_392e,Don’t wait. Take control of your life back and leave. You know that’s what’s going to happen.,NEUTRAL,Emotion-Plausible
GoEmo_test_0612,pair_392f,Don’t wait. Take control of your life back and leave. You know that’s what’s going to happen.,SADNESS,Emotion-Plausible
GoEmo_test_0612,pair_392g,Don’t wait. Take control of your life back and leave. You know that’s what’s going to happen.,JOY,Emotion-Implausible
GoEmo_test_0613,pair_393a,"Aww, thank you [NAME] for capturing me!!",ANGER,Emotion-Plausible
GoEmo_test_0613,pair_393b,"Aww, thank you [NAME] for capturing me!!",DISGUST,Emotion-Implausible
GoEmo_test_0613,pair_393c,"Aww, thank you [NAME] for capturing me!!",FEAR,Emotion-Implausible
GoEmo_test_0613,pair_393d,"Aww, thank you [NAME] for capturing me!!",SURPRISE,Emotion-Plausible
GoEmo_test_0613,pair_393e,"Aww, thank you [NAME] for capturing me!!",NEUTRAL,Emotion-Implausible
GoEmo_test_0613,pair_393f,"Aww, thank you [NAME] for capturing me!!",SADNESS,Emotion-Implausible
GoEmo_test_0613,pair_393g,"Aww, thank you [NAME] for capturing me!!",JOY,Emotion-Obvious
GoEmo_test_0614,pair_394a,Ohh.. Thank you!,ANGER,Emotion-Plausible
GoEmo_test_0614,pair_394b,Ohh.. Thank you!,DISGUST,Emotion-Implausible
GoEmo_test_0614,pair_394c,Ohh.. Thank you!,FEAR,Emotion-Implausible
GoEmo_test_0614,pair_394d,Ohh.. Thank you!,SURPRISE,Emotion-Obvious
GoEmo_test_0614,pair_394e,Ohh.. Thank you!,NEUTRAL,Emotion-Implausible
GoEmo_test_0614,pair_394f,Ohh.. Thank you!,SADNESS,Emotion-Plausible
GoEmo_test_0614,pair_394g,Ohh.. Thank you!,JOY,Emotion-Obvious
GoEmo_test_0615,pair_395a,And *they are the ones* talking about NPCs!,ANGER,Emotion-Obvious
GoEmo_test_0615,pair_395b,And *they are the ones* talking about NPCs!,DISGUST,Emotion-Plausible
GoEmo_test_0615,pair_395c,And *they are the ones* talking about NPCs!,FEAR,Emotion-Plausible
GoEmo_test_0615,pair_395d,And *they are the ones* talking about NPCs!,SURPRISE,Emotion-Plausible
GoEmo_test_0615,pair_395e,And *they are the ones* talking about NPCs!,NEUTRAL,Emotion-Plausible
GoEmo_test_0615,pair_395f,And *they are the ones* talking about NPCs!,SADNESS,Emotion-Plausible
GoEmo_test_0615,pair_395g,And *they are the ones* talking about NPCs!,JOY,Emotion-Plausible
GoEmo_test_0618,pair_396a,And yet it looks like one thing you can't is read. Shame shame.,ANGER,Emotion-Obvious
GoEmo_test_0618,pair_396b,And yet it looks like one thing you can't is read. Shame shame.,DISGUST,Emotion-Obvious
GoEmo_test_0618,pair_396c,And yet it looks like one thing you can't is read. Shame shame.,FEAR,Emotion-Implausible
GoEmo_test_0618,pair_396d,And yet it looks like one thing you can't is read. Shame shame.,SURPRISE,Emotion-Implausible
GoEmo_test_0618,pair_396e,And yet it looks like one thing you can't is read. Shame shame.,NEUTRAL,Emotion-Implausible
GoEmo_test_0618,pair_396f,And yet it looks like one thing you can't is read. Shame shame.,SADNESS,Emotion-Plausible
GoEmo_test_0618,pair_396g,And yet it looks like one thing you can't is read. Shame shame.,JOY,Emotion-Plausible
GoEmo_test_0622,pair_397a,"[NAME], he’s who I’m most excited to see develop",ANGER,Emotion-Plausible
GoEmo_test_0622,pair_397b,"[NAME], he’s who I’m most excited to see develop",DISGUST,Emotion-Implausible
GoEmo_test_0622,pair_397c,"[NAME], he’s who I’m most excited to see develop",FEAR,Emotion-Implausible
GoEmo_test_0622,pair_397d,"[NAME], he’s who I’m most excited to see develop",SURPRISE,Emotion-Implausible
GoEmo_test_0622,pair_397e,"[NAME], he’s who I’m most excited to see develop",NEUTRAL,Emotion-Implausible
GoEmo_test_0622,pair_397f,"[NAME], he’s who I’m most excited to see develop",SADNESS,Emotion-Implausible
GoEmo_test_0622,pair_397g,"[NAME], he’s who I’m most excited to see develop",JOY,Emotion-Obvious
GoEmo_test_0626,pair_398a,making photos look pretty,ANGER,Emotion-Plausible
GoEmo_test_0626,pair_398b,making photos look pretty,DISGUST,Emotion-Plausible
GoEmo_test_0626,pair_398c,making photos look pretty,FEAR,Emotion-Implausible
GoEmo_test_0626,pair_398d,making photos look pretty,SURPRISE,Emotion-Plausible
GoEmo_test_0626,pair_398e,making photos look pretty,NEUTRAL,Emotion-Obvious
GoEmo_test_0626,pair_398f,making photos look pretty,SADNESS,Emotion-Plausible
GoEmo_test_0626,pair_398g,making photos look pretty,JOY,Emotion-Plausible
GoEmo_test_0628,pair_399a,But they are spectacular.,ANGER,Emotion-Plausible
GoEmo_test_0628,pair_399b,But they are spectacular.,DISGUST,Emotion-Implausible
GoEmo_test_0628,pair_399c,But they are spectacular.,FEAR,Emotion-Implausible
GoEmo_test_0628,pair_399d,But they are spectacular.,SURPRISE,Emotion-Plausible
GoEmo_test_0628,pair_399e,But they are spectacular.,NEUTRAL,Emotion-Implausible
GoEmo_test_0628,pair_399f,But they are spectacular.,SADNESS,Emotion-Plausible
GoEmo_test_0628,pair_399g,But they are spectacular.,JOY,Emotion-Obvious
GoEmo_test_0629,pair_400a,She's absolutely stunning in that photo,ANGER,Emotion-Implausible
GoEmo_test_0629,pair_400b,She's absolutely stunning in that photo,DISGUST,Emotion-Implausible
GoEmo_test_0629,pair_400c,She's absolutely stunning in that photo,FEAR,Emotion-Plausible
GoEmo_test_0629,pair_400d,She's absolutely stunning in that photo,SURPRISE,Emotion-Plausible
GoEmo_test_0629,pair_400e,She's absolutely stunning in that photo,NEUTRAL,Emotion-Implausible
GoEmo_test_0629,pair_400f,She's absolutely stunning in that photo,SADNESS,Emotion-Plausible
GoEmo_test_0629,pair_400g,She's absolutely stunning in that photo,JOY,Emotion-Obvious
GoEmo_test_0630,pair_401a,Dummy I'm disagreeing with you,ANGER,Emotion-Plausible
GoEmo_test_0630,pair_401b,Dummy I'm disagreeing with you,DISGUST,Emotion-Implausible
GoEmo_test_0630,pair_401c,Dummy I'm disagreeing with you,FEAR,Emotion-Implausible
GoEmo_test_0630,pair_401d,Dummy I'm disagreeing with you,SURPRISE,Emotion-Implausible
GoEmo_test_0630,pair_401e,Dummy I'm disagreeing with you,NEUTRAL,Emotion-Plausible
GoEmo_test_0630,pair_401f,Dummy I'm disagreeing with you,SADNESS,Emotion-Plausible
GoEmo_test_0630,pair_401g,Dummy I'm disagreeing with you,JOY,Emotion-Plausible
GoEmo_test_0631,pair_402a,"I would try rubbing alcohol, high percentage. Looks greasy to me.",ANGER,Emotion-Plausible
GoEmo_test_0631,pair_402b,"I would try rubbing alcohol, high percentage. Looks greasy to me.",DISGUST,Emotion-Obvious
GoEmo_test_0631,pair_402c,"I would try rubbing alcohol, high percentage. Looks greasy to me.",FEAR,Emotion-Plausible
GoEmo_test_0631,pair_402d,"I would try rubbing alcohol, high percentage. Looks greasy to me.",SURPRISE,Emotion-Plausible
GoEmo_test_0631,pair_402e,"I would try rubbing alcohol, high percentage. Looks greasy to me.",NEUTRAL,Emotion-Obvious
GoEmo_test_0631,pair_402f,"I would try rubbing alcohol, high percentage. Looks greasy to me.",SADNESS,Emotion-Plausible
GoEmo_test_0631,pair_402g,"I would try rubbing alcohol, high percentage. Looks greasy to me.",JOY,Emotion-Implausible
GoEmo_test_0633,pair_403a,I don't know any but my own I'm afraid.,ANGER,Emotion-Implausible
GoEmo_test_0633,pair_403b,I don't know any but my own I'm afraid.,DISGUST,Emotion-Implausible
GoEmo_test_0633,pair_403c,I don't know any but my own I'm afraid.,FEAR,Emotion-Plausible
GoEmo_test_0633,pair_403d,I don't know any but my own I'm afraid.,SURPRISE,Emotion-Implausible
GoEmo_test_0633,pair_403e,I don't know any but my own I'm afraid.,NEUTRAL,Emotion-Implausible
GoEmo_test_0633,pair_403f,I don't know any but my own I'm afraid.,SADNESS,Emotion-Obvious
GoEmo_test_0633,pair_403g,I don't know any but my own I'm afraid.,JOY,Emotion-Implausible
GoEmo_test_0634,pair_404a,Most valuable comment,ANGER,Emotion-Plausible
GoEmo_test_0634,pair_404b,Most valuable comment,DISGUST,Emotion-Plausible
GoEmo_test_0634,pair_404c,Most valuable comment,FEAR,Emotion-Implausible
GoEmo_test_0634,pair_404d,Most valuable comment,SURPRISE,Emotion-Plausible
GoEmo_test_0634,pair_404e,Most valuable comment,NEUTRAL,Emotion-Plausible
GoEmo_test_0634,pair_404f,Most valuable comment,SADNESS,Emotion-Plausible
GoEmo_test_0634,pair_404g,Most valuable comment,JOY,Emotion-Plausible
GoEmo_test_0636,pair_405a,Yeah. If you try not to ignore the photos it's right there.,ANGER,Emotion-Obvious
GoEmo_test_0636,pair_405b,Yeah. If you try not to ignore the photos it's right there.,DISGUST,Emotion-Plausible
GoEmo_test_0636,pair_405c,Yeah. If you try not to ignore the photos it's right there.,FEAR,Emotion-Plausible
GoEmo_test_0636,pair_405d,Yeah. If you try not to ignore the photos it's right there.,SURPRISE,Emotion-Implausible
GoEmo_test_0636,pair_405e,Yeah. If you try not to ignore the photos it's right there.,NEUTRAL,Emotion-Plausible
GoEmo_test_0636,pair_405f,Yeah. If you try not to ignore the photos it's right there.,SADNESS,Emotion-Plausible
GoEmo_test_0636,pair_405g,Yeah. If you try not to ignore the photos it's right there.,JOY,Emotion-Plausible
GoEmo_test_0637,pair_406a,This internet stranger is also super proud of you! Way to go!!!,ANGER,Emotion-Implausible
GoEmo_test_0637,pair_406b,This internet stranger is also super proud of you! Way to go!!!,DISGUST,Emotion-Implausible
GoEmo_test_0637,pair_406c,This internet stranger is also super proud of you! Way to go!!!,FEAR,Emotion-Implausible
GoEmo_test_0637,pair_406d,This internet stranger is also super proud of you! Way to go!!!,SURPRISE,Emotion-Plausible
GoEmo_test_0637,pair_406e,This internet stranger is also super proud of you! Way to go!!!,NEUTRAL,Emotion-Implausible
GoEmo_test_0637,pair_406f,This internet stranger is also super proud of you! Way to go!!!,SADNESS,Emotion-Implausible
GoEmo_test_0637,pair_406g,This internet stranger is also super proud of you! Way to go!!!,JOY,Emotion-Obvious
GoEmo_test_0638,pair_407a,"Man, I assumed it was already out and I'd missed it.",ANGER,Emotion-Plausible
GoEmo_test_0638,pair_407b,"Man, I assumed it was already out and I'd missed it.",DISGUST,Emotion-Plausible
GoEmo_test_0638,pair_407c,"Man, I assumed it was already out and I'd missed it.",FEAR,Emotion-Implausible
GoEmo_test_0638,pair_407d,"Man, I assumed it was already out and I'd missed it.",SURPRISE,Emotion-Obvious
GoEmo_test_0638,pair_407e,"Man, I assumed it was already out and I'd missed it.",NEUTRAL,Emotion-Implausible
GoEmo_test_0638,pair_407f,"Man, I assumed it was already out and I'd missed it.",SADNESS,Emotion-Obvious
GoEmo_test_0638,pair_407g,"Man, I assumed it was already out and I'd missed it.",JOY,Emotion-Plausible
GoEmo_test_0639,pair_408a,Idiots are downvoting your correct comment.,ANGER,Emotion-Obvious
GoEmo_test_0639,pair_408b,Idiots are downvoting your correct comment.,DISGUST,Emotion-Obvious
GoEmo_test_0639,pair_408c,Idiots are downvoting your correct comment.,FEAR,Emotion-Plausible
GoEmo_test_0639,pair_408d,Idiots are downvoting your correct comment.,SURPRISE,Emotion-Plausible
GoEmo_test_0639,pair_408e,Idiots are downvoting your correct comment.,NEUTRAL,Emotion-Implausible
GoEmo_test_0639,pair_408f,Idiots are downvoting your correct comment.,SADNESS,Emotion-Plausible
GoEmo_test_0639,pair_408g,Idiots are downvoting your correct comment.,JOY,Emotion-Plausible
GoEmo_test_0640,pair_409a,If that’s true it’s very desperate. You would think he had some better way of communicating.,ANGER,Emotion-Plausible
GoEmo_test_0640,pair_409b,If that’s true it’s very desperate. You would think he had some better way of communicating.,DISGUST,Emotion-Obvious
GoEmo_test_0640,pair_409c,If that’s true it’s very desperate. You would think he had some better way of communicating.,FEAR,Emotion-Plausible
GoEmo_test_0640,pair_409d,If that’s true it’s very desperate. You would think he had some better way of communicating.,SURPRISE,Emotion-Plausible
GoEmo_test_0640,pair_409e,If that’s true it’s very desperate. You would think he had some better way of communicating.,NEUTRAL,Emotion-Implausible
GoEmo_test_0640,pair_409f,If that’s true it’s very desperate. You would think he had some better way of communicating.,SADNESS,Emotion-Plausible
GoEmo_test_0640,pair_409g,If that’s true it’s very desperate. You would think he had some better way of communicating.,JOY,Emotion-Implausible
GoEmo_test_0641,pair_410a,I believe that you can search for providers here. Good luck and good on ya.,ANGER,Emotion-Plausible
GoEmo_test_0641,pair_410b,I believe that you can search for providers here. Good luck and good on ya.,DISGUST,Emotion-Implausible
GoEmo_test_0641,pair_410c,I believe that you can search for providers here. Good luck and good on ya.,FEAR,Emotion-Implausible
GoEmo_test_0641,pair_410d,I believe that you can search for providers here. Good luck and good on ya.,SURPRISE,Emotion-Implausible
GoEmo_test_0641,pair_410e,I believe that you can search for providers here. Good luck and good on ya.,NEUTRAL,Emotion-Plausible
GoEmo_test_0641,pair_410f,I believe that you can search for providers here. Good luck and good on ya.,SADNESS,Emotion-Implausible
GoEmo_test_0641,pair_410g,I believe that you can search for providers here. Good luck and good on ya.,JOY,Emotion-Obvious
GoEmo_test_0642,pair_411a,Because the hierarchy is afraid they’ll get burned.,ANGER,Emotion-Plausible
GoEmo_test_0642,pair_411b,Because the hierarchy is afraid they’ll get burned.,DISGUST,Emotion-Plausible
GoEmo_test_0642,pair_411c,Because the hierarchy is afraid they’ll get burned.,FEAR,Emotion-Obvious
GoEmo_test_0642,pair_411d,Because the hierarchy is afraid they’ll get burned.,SURPRISE,Emotion-Plausible
GoEmo_test_0642,pair_411e,Because the hierarchy is afraid they’ll get burned.,NEUTRAL,Emotion-Implausible
GoEmo_test_0642,pair_411f,Because the hierarchy is afraid they’ll get burned.,SADNESS,Emotion-Plausible
GoEmo_test_0642,pair_411g,Because the hierarchy is afraid they’ll get burned.,JOY,Emotion-Plausible
GoEmo_test_0643,pair_412a,Nah I dont think the panthers are good enough,ANGER,Emotion-Plausible
GoEmo_test_0643,pair_412b,Nah I dont think the panthers are good enough,DISGUST,Emotion-Plausible
GoEmo_test_0643,pair_412c,Nah I dont think the panthers are good enough,FEAR,Emotion-Plausible
GoEmo_test_0643,pair_412d,Nah I dont think the panthers are good enough,SURPRISE,Emotion-Implausible
GoEmo_test_0643,pair_412e,Nah I dont think the panthers are good enough,NEUTRAL,Emotion-Implausible
GoEmo_test_0643,pair_412f,Nah I dont think the panthers are good enough,SADNESS,Emotion-Plausible
GoEmo_test_0643,pair_412g,Nah I dont think the panthers are good enough,JOY,Emotion-Plausible
GoEmo_test_0644,pair_413a,[NAME] what a dork you are to think the above comment means I am daft to the behavior endured by women for way too long.,ANGER,Emotion-Obvious
GoEmo_test_0644,pair_413b,[NAME] what a dork you are to think the above comment means I am daft to the behavior endured by women for way too long.,DISGUST,Emotion-Obvious
GoEmo_test_0644,pair_413c,[NAME] what a dork you are to think the above comment means I am daft to the behavior endured by women for way too long.,FEAR,Emotion-Implausible
GoEmo_test_0644,pair_413d,[NAME] what a dork you are to think the above comment means I am daft to the behavior endured by women for way too long.,SURPRISE,Emotion-Plausible
GoEmo_test_0644,pair_413e,[NAME] what a dork you are to think the above comment means I am daft to the behavior endured by women for way too long.,NEUTRAL,Emotion-Implausible
GoEmo_test_0644,pair_413f,[NAME] what a dork you are to think the above comment means I am daft to the behavior endured by women for way too long.,SADNESS,Emotion-Plausible
GoEmo_test_0644,pair_413g,[NAME] what a dork you are to think the above comment means I am daft to the behavior endured by women for way too long.,JOY,Emotion-Implausible
GoEmo_test_0646,pair_414a,I came here to say this.,ANGER,Emotion-Plausible
GoEmo_test_0646,pair_414b,I came here to say this.,DISGUST,Emotion-Plausible
GoEmo_test_0646,pair_414c,I came here to say this.,FEAR,Emotion-Plausible
GoEmo_test_0646,pair_414d,I came here to say this.,SURPRISE,Emotion-Plausible
GoEmo_test_0646,pair_414e,I came here to say this.,NEUTRAL,Emotion-Plausible
GoEmo_test_0646,pair_414f,I came here to say this.,SADNESS,Emotion-Plausible
GoEmo_test_0646,pair_414g,I came here to say this.,JOY,Emotion-Plausible
GoEmo_test_0647,pair_415a,"Oh man, what was the name of that show. It feels so familiar. Haven't watched MTV in, I don't know, 15 years?",ANGER,Emotion-Plausible
GoEmo_test_0647,pair_415b,"Oh man, what was the name of that show. It feels so familiar. Haven't watched MTV in, I don't know, 15 years?",DISGUST,Emotion-Implausible
GoEmo_test_0647,pair_415c,"Oh man, what was the name of that show. It feels so familiar. Haven't watched MTV in, I don't know, 15 years?",FEAR,Emotion-Implausible
GoEmo_test_0647,pair_415d,"Oh man, what was the name of that show. It feels so familiar. Haven't watched MTV in, I don't know, 15 years?",SURPRISE,Emotion-Implausible
GoEmo_test_0647,pair_415e,"Oh man, what was the name of that show. It feels so familiar. Haven't watched MTV in, I don't know, 15 years?",NEUTRAL,Emotion-Obvious
GoEmo_test_0647,pair_415f,"Oh man, what was the name of that show. It feels so familiar. Haven't watched MTV in, I don't know, 15 years?",SADNESS,Emotion-Plausible
GoEmo_test_0647,pair_415g,"Oh man, what was the name of that show. It feels so familiar. Haven't watched MTV in, I don't know, 15 years?",JOY,Emotion-Plausible
GoEmo_test_0648,pair_416a,Life beat you to it by years,ANGER,Emotion-Plausible
GoEmo_test_0648,pair_416b,Life beat you to it by years,DISGUST,Emotion-Plausible
GoEmo_test_0648,pair_416c,Life beat you to it by years,FEAR,Emotion-Plausible
GoEmo_test_0648,pair_416d,Life beat you to it by years,SURPRISE,Emotion-Plausible
GoEmo_test_0648,pair_416e,Life beat you to it by years,NEUTRAL,Emotion-Plausible
GoEmo_test_0648,pair_416f,Life beat you to it by years,SADNESS,Emotion-Obvious
GoEmo_test_0648,pair_416g,Life beat you to it by years,JOY,Emotion-Plausible
GoEmo_test_0649,pair_417a,I hope so but doubt it...,ANGER,Emotion-Plausible
GoEmo_test_0649,pair_417b,I hope so but doubt it...,DISGUST,Emotion-Plausible
GoEmo_test_0649,pair_417c,I hope so but doubt it...,FEAR,Emotion-Plausible
GoEmo_test_0649,pair_417d,I hope so but doubt it...,SURPRISE,Emotion-Implausible
GoEmo_test_0649,pair_417e,I hope so but doubt it...,NEUTRAL,Emotion-Implausible
GoEmo_test_0649,pair_417f,I hope so but doubt it...,SADNESS,Emotion-Plausible
GoEmo_test_0649,pair_417g,I hope so but doubt it...,JOY,Emotion-Plausible
GoEmo_test_0650,pair_418a,Oooh. Look! Big man over here!,ANGER,Emotion-Implausible
GoEmo_test_0650,pair_418b,Oooh. Look! Big man over here!,DISGUST,Emotion-Plausible
GoEmo_test_0650,pair_418c,Oooh. Look! Big man over here!,FEAR,Emotion-Implausible
GoEmo_test_0650,pair_418d,Oooh. Look! Big man over here!,SURPRISE,Emotion-Plausible
GoEmo_test_0650,pair_418e,Oooh. Look! Big man over here!,NEUTRAL,Emotion-Implausible
GoEmo_test_0650,pair_418f,Oooh. Look! Big man over here!,SADNESS,Emotion-Implausible
GoEmo_test_0650,pair_418g,Oooh. Look! Big man over here!,JOY,Emotion-Obvious
GoEmo_test_0652,pair_419a,"I wouldnt go that far, but paranoid schizophrenia can definitely do that to someone. Even mild social anxiety can also cause it, though",ANGER,Emotion-Implausible
GoEmo_test_0652,pair_419b,"I wouldnt go that far, but paranoid schizophrenia can definitely do that to someone. Even mild social anxiety can also cause it, though",DISGUST,Emotion-Plausible
GoEmo_test_0652,pair_419c,"I wouldnt go that far, but paranoid schizophrenia can definitely do that to someone. Even mild social anxiety can also cause it, though",FEAR,Emotion-Implausible
GoEmo_test_0652,pair_419d,"I wouldnt go that far, but paranoid schizophrenia can definitely do that to someone. Even mild social anxiety can also cause it, though",SURPRISE,Emotion-Implausible
GoEmo_test_0652,pair_419e,"I wouldnt go that far, but paranoid schizophrenia can definitely do that to someone. Even mild social anxiety can also cause it, though",NEUTRAL,Emotion-Obvious
GoEmo_test_0652,pair_419f,"I wouldnt go that far, but paranoid schizophrenia can definitely do that to someone. Even mild social anxiety can also cause it, though",SADNESS,Emotion-Plausible
GoEmo_test_0652,pair_419g,"I wouldnt go that far, but paranoid schizophrenia can definitely do that to someone. Even mild social anxiety can also cause it, though",JOY,Emotion-Plausible
GoEmo_test_0654,pair_420a,This almost certainly should not have gone to OT. SEC refs are bad CBB refs are bad,ANGER,Emotion-Obvious
GoEmo_test_0654,pair_420b,This almost certainly should not have gone to OT. SEC refs are bad CBB refs are bad,DISGUST,Emotion-Obvious
GoEmo_test_0654,pair_420c,This almost certainly should not have gone to OT. SEC refs are bad CBB refs are bad,FEAR,Emotion-Plausible
GoEmo_test_0654,pair_420d,This almost certainly should not have gone to OT. SEC refs are bad CBB refs are bad,SURPRISE,Emotion-Plausible
GoEmo_test_0654,pair_420e,This almost certainly should not have gone to OT. SEC refs are bad CBB refs are bad,NEUTRAL,Emotion-Implausible
GoEmo_test_0654,pair_420f,This almost certainly should not have gone to OT. SEC refs are bad CBB refs are bad,SADNESS,Emotion-Plausible
GoEmo_test_0654,pair_420g,This almost certainly should not have gone to OT. SEC refs are bad CBB refs are bad,JOY,Emotion-Implausible
GoEmo_test_0656,pair_421a,Let's go boys,ANGER,Emotion-Plausible
GoEmo_test_0656,pair_421b,Let's go boys,DISGUST,Emotion-Implausible
GoEmo_test_0656,pair_421c,Let's go boys,FEAR,Emotion-Plausible
GoEmo_test_0656,pair_421d,Let's go boys,SURPRISE,Emotion-Implausible
GoEmo_test_0656,pair_421e,Let's go boys,NEUTRAL,Emotion-Plausible
GoEmo_test_0656,pair_421f,Let's go boys,SADNESS,Emotion-Plausible
GoEmo_test_0656,pair_421g,Let's go boys,JOY,Emotion-Obvious
GoEmo_test_0657,pair_422a,"Not at all. It's great of course for financial reasons, but it then makes me worried about how much time she'll have for a relationship.",ANGER,Emotion-Implausible
GoEmo_test_0657,pair_422b,"Not at all. It's great of course for financial reasons, but it then makes me worried about how much time she'll have for a relationship.",DISGUST,Emotion-Implausible
GoEmo_test_0657,pair_422c,"Not at all. It's great of course for financial reasons, but it then makes me worried about how much time she'll have for a relationship.",FEAR,Emotion-Obvious
GoEmo_test_0657,pair_422d,"Not at all. It's great of course for financial reasons, but it then makes me worried about how much time she'll have for a relationship.",SURPRISE,Emotion-Implausible
GoEmo_test_0657,pair_422e,"Not at all. It's great of course for financial reasons, but it then makes me worried about how much time she'll have for a relationship.",NEUTRAL,Emotion-Implausible
GoEmo_test_0657,pair_422f,"Not at all. It's great of course for financial reasons, but it then makes me worried about how much time she'll have for a relationship.",SADNESS,Emotion-Plausible
GoEmo_test_0657,pair_422g,"Not at all. It's great of course for financial reasons, but it then makes me worried about how much time she'll have for a relationship.",JOY,Emotion-Plausible
GoEmo_test_0658,pair_423a,I agree!!! His character has grown so much throughout the entire series and I was very disappointed that he ended up with her.,ANGER,Emotion-Plausible
GoEmo_test_0658,pair_423b,I agree!!! His character has grown so much throughout the entire series and I was very disappointed that he ended up with her.,DISGUST,Emotion-Plausible
GoEmo_test_0658,pair_423c,I agree!!! His character has grown so much throughout the entire series and I was very disappointed that he ended up with her.,FEAR,Emotion-Implausible
GoEmo_test_0658,pair_423d,I agree!!! His character has grown so much throughout the entire series and I was very disappointed that he ended up with her.,SURPRISE,Emotion-Plausible
GoEmo_test_0658,pair_423e,I agree!!! His character has grown so much throughout the entire series and I was very disappointed that he ended up with her.,NEUTRAL,Emotion-Implausible
GoEmo_test_0658,pair_423f,I agree!!! His character has grown so much throughout the entire series and I was very disappointed that he ended up with her.,SADNESS,Emotion-Obvious
GoEmo_test_0658,pair_423g,I agree!!! His character has grown so much throughout the entire series and I was very disappointed that he ended up with her.,JOY,Emotion-Plausible
GoEmo_test_0659,pair_424a,"Matchroom squad dismiss [NAME] as not existing anymore, the sky media influence is scary",ANGER,Emotion-Plausible
GoEmo_test_0659,pair_424b,"Matchroom squad dismiss [NAME] as not existing anymore, the sky media influence is scary",DISGUST,Emotion-Plausible
GoEmo_test_0659,pair_424c,"Matchroom squad dismiss [NAME] as not existing anymore, the sky media influence is scary",FEAR,Emotion-Obvious
GoEmo_test_0659,pair_424d,"Matchroom squad dismiss [NAME] as not existing anymore, the sky media influence is scary",SURPRISE,Emotion-Plausible
GoEmo_test_0659,pair_424e,"Matchroom squad dismiss [NAME] as not existing anymore, the sky media influence is scary",NEUTRAL,Emotion-Implausible
GoEmo_test_0659,pair_424f,"Matchroom squad dismiss [NAME] as not existing anymore, the sky media influence is scary",SADNESS,Emotion-Plausible
GoEmo_test_0659,pair_424g,"Matchroom squad dismiss [NAME] as not existing anymore, the sky media influence is scary",JOY,Emotion-Implausible
GoEmo_test_0660,pair_425a,[NAME] didn't want to deal with [NAME] (reasonable) and [NAME] had more foreign policy experience and credentials than [NAME] did at the time.,ANGER,Emotion-Plausible
GoEmo_test_0660,pair_425b,[NAME] didn't want to deal with [NAME] (reasonable) and [NAME] had more foreign policy experience and credentials than [NAME] did at the time.,DISGUST,Emotion-Plausible
GoEmo_test_0660,pair_425c,[NAME] didn't want to deal with [NAME] (reasonable) and [NAME] had more foreign policy experience and credentials than [NAME] did at the time.,FEAR,Emotion-Plausible
GoEmo_test_0660,pair_425d,[NAME] didn't want to deal with [NAME] (reasonable) and [NAME] had more foreign policy experience and credentials than [NAME] did at the time.,SURPRISE,Emotion-Implausible
GoEmo_test_0660,pair_425e,[NAME] didn't want to deal with [NAME] (reasonable) and [NAME] had more foreign policy experience and credentials than [NAME] did at the time.,NEUTRAL,Emotion-Obvious
GoEmo_test_0660,pair_425f,[NAME] didn't want to deal with [NAME] (reasonable) and [NAME] had more foreign policy experience and credentials than [NAME] did at the time.,SADNESS,Emotion-Plausible
GoEmo_test_0660,pair_425g,[NAME] didn't want to deal with [NAME] (reasonable) and [NAME] had more foreign policy experience and credentials than [NAME] did at the time.,JOY,Emotion-Implausible
GoEmo_test_0661,pair_426a,I love you guys. Beers on me,ANGER,Emotion-Plausible
GoEmo_test_0661,pair_426b,I love you guys. Beers on me,DISGUST,Emotion-Implausible
GoEmo_test_0661,pair_426c,I love you guys. Beers on me,FEAR,Emotion-Implausible
GoEmo_test_0661,pair_426d,I love you guys. Beers on me,SURPRISE,Emotion-Plausible
GoEmo_test_0661,pair_426e,I love you guys. Beers on me,NEUTRAL,Emotion-Implausible
GoEmo_test_0661,pair_426f,I love you guys. Beers on me,SADNESS,Emotion-Plausible
GoEmo_test_0661,pair_426g,I love you guys. Beers on me,JOY,Emotion-Obvious
GoEmo_test_0662,pair_427a,"Unfortunately for you, no one of importance cares about your absurd views.",ANGER,Emotion-Obvious
GoEmo_test_0662,pair_427b,"Unfortunately for you, no one of importance cares about your absurd views.",DISGUST,Emotion-Obvious
GoEmo_test_0662,pair_427c,"Unfortunately for you, no one of importance cares about your absurd views.",FEAR,Emotion-Implausible
GoEmo_test_0662,pair_427d,"Unfortunately for you, no one of importance cares about your absurd views.",SURPRISE,Emotion-Implausible
GoEmo_test_0662,pair_427e,"Unfortunately for you, no one of importance cares about your absurd views.",NEUTRAL,Emotion-Implausible
GoEmo_test_0662,pair_427f,"Unfortunately for you, no one of importance cares about your absurd views.",SADNESS,Emotion-Implausible
GoEmo_test_0662,pair_427g,"Unfortunately for you, no one of importance cares about your absurd views.",JOY,Emotion-Plausible
GoEmo_test_0663,pair_428a,"making us look like punks, disappointing",ANGER,Emotion-Obvious
GoEmo_test_0663,pair_428b,"making us look like punks, disappointing",DISGUST,Emotion-Obvious
GoEmo_test_0663,pair_428c,"making us look like punks, disappointing",FEAR,Emotion-Plausible
GoEmo_test_0663,pair_428d,"making us look like punks, disappointing",SURPRISE,Emotion-Plausible
GoEmo_test_0663,pair_428e,"making us look like punks, disappointing",NEUTRAL,Emotion-Implausible
GoEmo_test_0663,pair_428f,"making us look like punks, disappointing",SADNESS,Emotion-Plausible
GoEmo_test_0663,pair_428g,"making us look like punks, disappointing",JOY,Emotion-Implausible
GoEmo_test_0664,pair_429a,End this relationship NOW. And please learn from it!!,ANGER,Emotion-Obvious
GoEmo_test_0664,pair_429b,End this relationship NOW. And please learn from it!!,DISGUST,Emotion-Plausible
GoEmo_test_0664,pair_429c,End this relationship NOW. And please learn from it!!,FEAR,Emotion-Plausible
GoEmo_test_0664,pair_429d,End this relationship NOW. And please learn from it!!,SURPRISE,Emotion-Plausible
GoEmo_test_0664,pair_429e,End this relationship NOW. And please learn from it!!,NEUTRAL,Emotion-Implausible
GoEmo_test_0664,pair_429f,End this relationship NOW. And please learn from it!!,SADNESS,Emotion-Plausible
GoEmo_test_0664,pair_429g,End this relationship NOW. And please learn from it!!,JOY,Emotion-Implausible
GoEmo_test_0667,pair_430a,"iirc they were changing a few servers names, tht might have caused a few issues",ANGER,Emotion-Implausible
GoEmo_test_0667,pair_430b,"iirc they were changing a few servers names, tht might have caused a few issues",DISGUST,Emotion-Implausible
GoEmo_test_0667,pair_430c,"iirc they were changing a few servers names, tht might have caused a few issues",FEAR,Emotion-Plausible
GoEmo_test_0667,pair_430d,"iirc they were changing a few servers names, tht might have caused a few issues",SURPRISE,Emotion-Implausible
GoEmo_test_0667,pair_430e,"iirc they were changing a few servers names, tht might have caused a few issues",NEUTRAL,Emotion-Obvious
GoEmo_test_0667,pair_430f,"iirc they were changing a few servers names, tht might have caused a few issues",SADNESS,Emotion-Plausible
GoEmo_test_0667,pair_430g,"iirc they were changing a few servers names, tht might have caused a few issues",JOY,Emotion-Implausible
GoEmo_test_0669,pair_431a,Probably the most rational way to look at this entire scenario - thanks for posting this my dude. That comment set me straight again.,ANGER,Emotion-Implausible
GoEmo_test_0669,pair_431b,Probably the most rational way to look at this entire scenario - thanks for posting this my dude. That comment set me straight again.,DISGUST,Emotion-Implausible
GoEmo_test_0669,pair_431c,Probably the most rational way to look at this entire scenario - thanks for posting this my dude. That comment set me straight again.,FEAR,Emotion-Implausible
GoEmo_test_0669,pair_431d,Probably the most rational way to look at this entire scenario - thanks for posting this my dude. That comment set me straight again.,SURPRISE,Emotion-Plausible
GoEmo_test_0669,pair_431e,Probably the most rational way to look at this entire scenario - thanks for posting this my dude. That comment set me straight again.,NEUTRAL,Emotion-Plausible
GoEmo_test_0669,pair_431f,Probably the most rational way to look at this entire scenario - thanks for posting this my dude. That comment set me straight again.,SADNESS,Emotion-Plausible
GoEmo_test_0669,pair_431g,Probably the most rational way to look at this entire scenario - thanks for posting this my dude. That comment set me straight again.,JOY,Emotion-Plausible
GoEmo_test_0670,pair_432a,"I provoked by breathing too hard. And yes, I hate that.",ANGER,Emotion-Obvious
GoEmo_test_0670,pair_432b,"I provoked by breathing too hard. And yes, I hate that.",DISGUST,Emotion-Obvious
GoEmo_test_0670,pair_432c,"I provoked by breathing too hard. And yes, I hate that.",FEAR,Emotion-Implausible
GoEmo_test_0670,pair_432d,"I provoked by breathing too hard. And yes, I hate that.",SURPRISE,Emotion-Implausible
GoEmo_test_0670,pair_432e,"I provoked by breathing too hard. And yes, I hate that.",NEUTRAL,Emotion-Implausible
GoEmo_test_0670,pair_432f,"I provoked by breathing too hard. And yes, I hate that.",SADNESS,Emotion-Plausible
GoEmo_test_0670,pair_432g,"I provoked by breathing too hard. And yes, I hate that.",JOY,Emotion-Implausible
GoEmo_test_0671,pair_433a,Someone made a similar joke and got 500 down votes.,ANGER,Emotion-Plausible
GoEmo_test_0671,pair_433b,Someone made a similar joke and got 500 down votes.,DISGUST,Emotion-Plausible
GoEmo_test_0671,pair_433c,Someone made a similar joke and got 500 down votes.,FEAR,Emotion-Plausible
GoEmo_test_0671,pair_433d,Someone made a similar joke and got 500 down votes.,SURPRISE,Emotion-Plausible
GoEmo_test_0671,pair_433e,Someone made a similar joke and got 500 down votes.,NEUTRAL,Emotion-Obvious
GoEmo_test_0671,pair_433f,Someone made a similar joke and got 500 down votes.,SADNESS,Emotion-Plausible
GoEmo_test_0671,pair_433g,Someone made a similar joke and got 500 down votes.,JOY,Emotion-Plausible
GoEmo_test_0672,pair_434a,[NAME] was a great coach,ANGER,Emotion-Plausible
GoEmo_test_0672,pair_434b,[NAME] was a great coach,DISGUST,Emotion-Plausible
GoEmo_test_0672,pair_434c,[NAME] was a great coach,FEAR,Emotion-Implausible
GoEmo_test_0672,pair_434d,[NAME] was a great coach,SURPRISE,Emotion-Implausible
GoEmo_test_0672,pair_434e,[NAME] was a great coach,NEUTRAL,Emotion-Implausible
GoEmo_test_0672,pair_434f,[NAME] was a great coach,SADNESS,Emotion-Plausible
GoEmo_test_0672,pair_434g,[NAME] was a great coach,JOY,Emotion-Obvious
GoEmo_test_0675,pair_435a,"[NAME] that website is cancer. Also I love how the main ""entertainment"" in it is straight up harassment.",ANGER,Emotion-Plausible
GoEmo_test_0675,pair_435b,"[NAME] that website is cancer. Also I love how the main ""entertainment"" in it is straight up harassment.",DISGUST,Emotion-Obvious
GoEmo_test_0675,pair_435c,"[NAME] that website is cancer. Also I love how the main ""entertainment"" in it is straight up harassment.",FEAR,Emotion-Plausible
GoEmo_test_0675,pair_435d,"[NAME] that website is cancer. Also I love how the main ""entertainment"" in it is straight up harassment.",SURPRISE,Emotion-Implausible
GoEmo_test_0675,pair_435e,"[NAME] that website is cancer. Also I love how the main ""entertainment"" in it is straight up harassment.",NEUTRAL,Emotion-Implausible
GoEmo_test_0675,pair_435f,"[NAME] that website is cancer. Also I love how the main ""entertainment"" in it is straight up harassment.",SADNESS,Emotion-Implausible
GoEmo_test_0675,pair_435g,"[NAME] that website is cancer. Also I love how the main ""entertainment"" in it is straight up harassment.",JOY,Emotion-Obvious
GoEmo_test_0676,pair_436a,This is really cool and well made!,ANGER,Emotion-Plausible
GoEmo_test_0676,pair_436b,This is really cool and well made!,DISGUST,Emotion-Implausible
GoEmo_test_0676,pair_436c,This is really cool and well made!,FEAR,Emotion-Plausible
GoEmo_test_0676,pair_436d,This is really cool and well made!,SURPRISE,Emotion-Plausible
GoEmo_test_0676,pair_436e,This is really cool and well made!,NEUTRAL,Emotion-Implausible
GoEmo_test_0676,pair_436f,This is really cool and well made!,SADNESS,Emotion-Implausible
GoEmo_test_0676,pair_436g,This is really cool and well made!,JOY,Emotion-Obvious
GoEmo_test_0677,pair_437a,Surprise my what now?,ANGER,Emotion-Plausible
GoEmo_test_0677,pair_437b,Surprise my what now?,DISGUST,Emotion-Plausible
GoEmo_test_0677,pair_437c,Surprise my what now?,FEAR,Emotion-Plausible
GoEmo_test_0677,pair_437d,Surprise my what now?,SURPRISE,Emotion-Obvious
GoEmo_test_0677,pair_437e,Surprise my what now?,NEUTRAL,Emotion-Implausible
GoEmo_test_0677,pair_437f,Surprise my what now?,SADNESS,Emotion-Implausible
GoEmo_test_0677,pair_437g,Surprise my what now?,JOY,Emotion-Plausible
GoEmo_test_0678,pair_438a,I will always love ohare because it is the home alone airport,ANGER,Emotion-Implausible
GoEmo_test_0678,pair_438b,I will always love ohare because it is the home alone airport,DISGUST,Emotion-Implausible
GoEmo_test_0678,pair_438c,I will always love ohare because it is the home alone airport,FEAR,Emotion-Implausible
GoEmo_test_0678,pair_438d,I will always love ohare because it is the home alone airport,SURPRISE,Emotion-Implausible
GoEmo_test_0678,pair_438e,I will always love ohare because it is the home alone airport,NEUTRAL,Emotion-Implausible
GoEmo_test_0678,pair_438f,I will always love ohare because it is the home alone airport,SADNESS,Emotion-Implausible
GoEmo_test_0678,pair_438g,I will always love ohare because it is the home alone airport,JOY,Emotion-Obvious
GoEmo_test_0679,pair_439a,Go play Farmville if you can't keep it up.,ANGER,Emotion-Plausible
GoEmo_test_0679,pair_439b,Go play Farmville if you can't keep it up.,DISGUST,Emotion-Obvious
GoEmo_test_0679,pair_439c,Go play Farmville if you can't keep it up.,FEAR,Emotion-Implausible
GoEmo_test_0679,pair_439d,Go play Farmville if you can't keep it up.,SURPRISE,Emotion-Implausible
GoEmo_test_0679,pair_439e,Go play Farmville if you can't keep it up.,NEUTRAL,Emotion-Implausible
GoEmo_test_0679,pair_439f,Go play Farmville if you can't keep it up.,SADNESS,Emotion-Implausible
GoEmo_test_0679,pair_439g,Go play Farmville if you can't keep it up.,JOY,Emotion-Plausible
GoEmo_test_0680,pair_440a,"He is nearly 25, can't shoot, can't dribble and does nothing great. He wont improve much.",ANGER,Emotion-Obvious
GoEmo_test_0680,pair_440b,"He is nearly 25, can't shoot, can't dribble and does nothing great. He wont improve much.",DISGUST,Emotion-Obvious
GoEmo_test_0680,pair_440c,"He is nearly 25, can't shoot, can't dribble and does nothing great. He wont improve much.",FEAR,Emotion-Plausible
GoEmo_test_0680,pair_440d,"He is nearly 25, can't shoot, can't dribble and does nothing great. He wont improve much.",SURPRISE,Emotion-Implausible
GoEmo_test_0680,pair_440e,"He is nearly 25, can't shoot, can't dribble and does nothing great. He wont improve much.",NEUTRAL,Emotion-Implausible
GoEmo_test_0680,pair_440f,"He is nearly 25, can't shoot, can't dribble and does nothing great. He wont improve much.",SADNESS,Emotion-Plausible
GoEmo_test_0680,pair_440g,"He is nearly 25, can't shoot, can't dribble and does nothing great. He wont improve much.",JOY,Emotion-Plausible
GoEmo_test_0681,pair_441a,So [NAME] is really a fan of playing the bench vs the other team's starters at the end of halves. Really finding every tanking edge possible.,ANGER,Emotion-Obvious
GoEmo_test_0681,pair_441b,So [NAME] is really a fan of playing the bench vs the other team's starters at the end of halves. Really finding every tanking edge possible.,DISGUST,Emotion-Obvious
GoEmo_test_0681,pair_441c,So [NAME] is really a fan of playing the bench vs the other team's starters at the end of halves. Really finding every tanking edge possible.,FEAR,Emotion-Plausible
GoEmo_test_0681,pair_441d,So [NAME] is really a fan of playing the bench vs the other team's starters at the end of halves. Really finding every tanking edge possible.,SURPRISE,Emotion-Plausible
GoEmo_test_0681,pair_441e,So [NAME] is really a fan of playing the bench vs the other team's starters at the end of halves. Really finding every tanking edge possible.,NEUTRAL,Emotion-Implausible
GoEmo_test_0681,pair_441f,So [NAME] is really a fan of playing the bench vs the other team's starters at the end of halves. Really finding every tanking edge possible.,SADNESS,Emotion-Plausible
GoEmo_test_0681,pair_441g,So [NAME] is really a fan of playing the bench vs the other team's starters at the end of halves. Really finding every tanking edge possible.,JOY,Emotion-Plausible
GoEmo_test_0682,pair_442a,"yeah, those seem like they'll flop around quite safely...",ANGER,Emotion-Plausible
GoEmo_test_0682,pair_442b,"yeah, those seem like they'll flop around quite safely...",DISGUST,Emotion-Obvious
GoEmo_test_0682,pair_442c,"yeah, those seem like they'll flop around quite safely...",FEAR,Emotion-Plausible
GoEmo_test_0682,pair_442d,"yeah, those seem like they'll flop around quite safely...",SURPRISE,Emotion-Plausible
GoEmo_test_0682,pair_442e,"yeah, those seem like they'll flop around quite safely...",NEUTRAL,Emotion-Implausible
GoEmo_test_0682,pair_442f,"yeah, those seem like they'll flop around quite safely...",SADNESS,Emotion-Implausible
GoEmo_test_0682,pair_442g,"yeah, those seem like they'll flop around quite safely...",JOY,Emotion-Plausible
GoEmo_test_0684,pair_443a,I'm here again to say I love your art and it brings me joy when you post it on this sub bye!,ANGER,Emotion-Implausible
GoEmo_test_0684,pair_443b,I'm here again to say I love your art and it brings me joy when you post it on this sub bye!,DISGUST,Emotion-Implausible
GoEmo_test_0684,pair_443c,I'm here again to say I love your art and it brings me joy when you post it on this sub bye!,FEAR,Emotion-Implausible
GoEmo_test_0684,pair_443d,I'm here again to say I love your art and it brings me joy when you post it on this sub bye!,SURPRISE,Emotion-Implausible
GoEmo_test_0684,pair_443e,I'm here again to say I love your art and it brings me joy when you post it on this sub bye!,NEUTRAL,Emotion-Implausible
GoEmo_test_0684,pair_443f,I'm here again to say I love your art and it brings me joy when you post it on this sub bye!,SADNESS,Emotion-Implausible
GoEmo_test_0684,pair_443g,I'm here again to say I love your art and it brings me joy when you post it on this sub bye!,JOY,Emotion-Obvious
GoEmo_test_0685,pair_444a,Hmm... [NAME] looks like [NAME] from Nickelodeon,ANGER,Emotion-Plausible
GoEmo_test_0685,pair_444b,Hmm... [NAME] looks like [NAME] from Nickelodeon,DISGUST,Emotion-Plausible
GoEmo_test_0685,pair_444c,Hmm... [NAME] looks like [NAME] from Nickelodeon,FEAR,Emotion-Implausible
GoEmo_test_0685,pair_444d,Hmm... [NAME] looks like [NAME] from Nickelodeon,SURPRISE,Emotion-Implausible
GoEmo_test_0685,pair_444e,Hmm... [NAME] looks like [NAME] from Nickelodeon,NEUTRAL,Emotion-Obvious
GoEmo_test_0685,pair_444f,Hmm... [NAME] looks like [NAME] from Nickelodeon,SADNESS,Emotion-Plausible
GoEmo_test_0685,pair_444g,Hmm... [NAME] looks like [NAME] from Nickelodeon,JOY,Emotion-Plausible
GoEmo_test_0687,pair_445a,"College is a very lonely place. Very stressful, very lonely. [NAME]. Good luck out there man.",ANGER,Emotion-Plausible
GoEmo_test_0687,pair_445b,"College is a very lonely place. Very stressful, very lonely. [NAME]. Good luck out there man.",DISGUST,Emotion-Implausible
GoEmo_test_0687,pair_445c,"College is a very lonely place. Very stressful, very lonely. [NAME]. Good luck out there man.",FEAR,Emotion-Obvious
GoEmo_test_0687,pair_445d,"College is a very lonely place. Very stressful, very lonely. [NAME]. Good luck out there man.",SURPRISE,Emotion-Implausible
GoEmo_test_0687,pair_445e,"College is a very lonely place. Very stressful, very lonely. [NAME]. Good luck out there man.",NEUTRAL,Emotion-Implausible
GoEmo_test_0687,pair_445f,"College is a very lonely place. Very stressful, very lonely. [NAME]. Good luck out there man.",SADNESS,Emotion-Obvious
GoEmo_test_0687,pair_445g,"College is a very lonely place. Very stressful, very lonely. [NAME]. Good luck out there man.",JOY,Emotion-Implausible
GoEmo_test_0689,pair_446a,"Omg, thank you!",ANGER,Emotion-Implausible
GoEmo_test_0689,pair_446b,"Omg, thank you!",DISGUST,Emotion-Implausible
GoEmo_test_0689,pair_446c,"Omg, thank you!",FEAR,Emotion-Plausible
GoEmo_test_0689,pair_446d,"Omg, thank you!",SURPRISE,Emotion-Obvious
GoEmo_test_0689,pair_446e,"Omg, thank you!",NEUTRAL,Emotion-Implausible
GoEmo_test_0689,pair_446f,"Omg, thank you!",SADNESS,Emotion-Implausible
GoEmo_test_0689,pair_446g,"Omg, thank you!",JOY,Emotion-Obvious
GoEmo_test_0692,pair_447a,This is amazing,ANGER,Emotion-Plausible
GoEmo_test_0692,pair_447b,This is amazing,DISGUST,Emotion-Plausible
GoEmo_test_0692,pair_447c,This is amazing,FEAR,Emotion-Plausible
GoEmo_test_0692,pair_447d,This is amazing,SURPRISE,Emotion-Obvious
GoEmo_test_0692,pair_447e,This is amazing,NEUTRAL,Emotion-Implausible
GoEmo_test_0692,pair_447f,This is amazing,SADNESS,Emotion-Plausible
GoEmo_test_0692,pair_447g,This is amazing,JOY,Emotion-Obvious
GoEmo_test_0694,pair_448a,clearly no one is getting my joke oof.,ANGER,Emotion-Plausible
GoEmo_test_0694,pair_448b,clearly no one is getting my joke oof.,DISGUST,Emotion-Implausible
GoEmo_test_0694,pair_448c,clearly no one is getting my joke oof.,FEAR,Emotion-Plausible
GoEmo_test_0694,pair_448d,clearly no one is getting my joke oof.,SURPRISE,Emotion-Implausible
GoEmo_test_0694,pair_448e,clearly no one is getting my joke oof.,NEUTRAL,Emotion-Implausible
GoEmo_test_0694,pair_448f,clearly no one is getting my joke oof.,SADNESS,Emotion-Obvious
GoEmo_test_0694,pair_448g,clearly no one is getting my joke oof.,JOY,Emotion-Plausible
GoEmo_test_0696,pair_449a,That’s pretty accurate,ANGER,Emotion-Plausible
GoEmo_test_0696,pair_449b,That’s pretty accurate,DISGUST,Emotion-Plausible
GoEmo_test_0696,pair_449c,That’s pretty accurate,FEAR,Emotion-Plausible
GoEmo_test_0696,pair_449d,That’s pretty accurate,SURPRISE,Emotion-Plausible
GoEmo_test_0696,pair_449e,That’s pretty accurate,NEUTRAL,Emotion-Obvious
GoEmo_test_0696,pair_449f,That’s pretty accurate,SADNESS,Emotion-Plausible
GoEmo_test_0696,pair_449g,That’s pretty accurate,JOY,Emotion-Plausible
GoEmo_test_0697,pair_450a,Also one of my favorite parts of this story.,ANGER,Emotion-Plausible
GoEmo_test_0697,pair_450b,Also one of my favorite parts of this story.,DISGUST,Emotion-Plausible
GoEmo_test_0697,pair_450c,Also one of my favorite parts of this story.,FEAR,Emotion-Implausible
GoEmo_test_0697,pair_450d,Also one of my favorite parts of this story.,SURPRISE,Emotion-Implausible
GoEmo_test_0697,pair_450e,Also one of my favorite parts of this story.,NEUTRAL,Emotion-Implausible
GoEmo_test_0697,pair_450f,Also one of my favorite parts of this story.,SADNESS,Emotion-Implausible
GoEmo_test_0697,pair_450g,Also one of my favorite parts of this story.,JOY,Emotion-Obvious
GoEmo_test_0698,pair_451a,What was the end result of this?,ANGER,Emotion-Plausible
GoEmo_test_0698,pair_451b,What was the end result of this?,DISGUST,Emotion-Plausible
GoEmo_test_0698,pair_451c,What was the end result of this?,FEAR,Emotion-Plausible
GoEmo_test_0698,pair_451d,What was the end result of this?,SURPRISE,Emotion-Plausible
GoEmo_test_0698,pair_451e,What was the end result of this?,NEUTRAL,Emotion-Obvious
GoEmo_test_0698,pair_451f,What was the end result of this?,SADNESS,Emotion-Plausible
GoEmo_test_0698,pair_451g,What was the end result of this?,JOY,Emotion-Plausible
GoEmo_test_0699,pair_452a,They have directly targeted civilians. It's disgusting.,ANGER,Emotion-Obvious
GoEmo_test_0699,pair_452b,They have directly targeted civilians. It's disgusting.,DISGUST,Emotion-Obvious
GoEmo_test_0699,pair_452c,They have directly targeted civilians. It's disgusting.,FEAR,Emotion-Plausible
GoEmo_test_0699,pair_452d,They have directly targeted civilians. It's disgusting.,SURPRISE,Emotion-Plausible
GoEmo_test_0699,pair_452e,They have directly targeted civilians. It's disgusting.,NEUTRAL,Emotion-Implausible
GoEmo_test_0699,pair_452f,They have directly targeted civilians. It's disgusting.,SADNESS,Emotion-Plausible
GoEmo_test_0699,pair_452g,They have directly targeted civilians. It's disgusting.,JOY,Emotion-Implausible
GoEmo_test_0700,pair_453a,"looks cool, i want it now.",ANGER,Emotion-Plausible
GoEmo_test_0700,pair_453b,"looks cool, i want it now.",DISGUST,Emotion-Implausible
GoEmo_test_0700,pair_453c,"looks cool, i want it now.",FEAR,Emotion-Implausible
GoEmo_test_0700,pair_453d,"looks cool, i want it now.",SURPRISE,Emotion-Plausible
GoEmo_test_0700,pair_453e,"looks cool, i want it now.",NEUTRAL,Emotion-Implausible
GoEmo_test_0700,pair_453f,"looks cool, i want it now.",SADNESS,Emotion-Plausible
GoEmo_test_0700,pair_453g,"looks cool, i want it now.",JOY,Emotion-Obvious
GoEmo_test_0701,pair_454a,The applause came from [NAME] and his group.,ANGER,Emotion-Plausible
GoEmo_test_0701,pair_454b,The applause came from [NAME] and his group.,DISGUST,Emotion-Plausible
GoEmo_test_0701,pair_454c,The applause came from [NAME] and his group.,FEAR,Emotion-Plausible
GoEmo_test_0701,pair_454d,The applause came from [NAME] and his group.,SURPRISE,Emotion-Plausible
GoEmo_test_0701,pair_454e,The applause came from [NAME] and his group.,NEUTRAL,Emotion-Obvious
GoEmo_test_0701,pair_454f,The applause came from [NAME] and his group.,SADNESS,Emotion-Plausible
GoEmo_test_0701,pair_454g,The applause came from [NAME] and his group.,JOY,Emotion-Plausible
GoEmo_test_0704,pair_455a,I don't find anything about women appealing.,ANGER,Emotion-Plausible
GoEmo_test_0704,pair_455b,I don't find anything about women appealing.,DISGUST,Emotion-Obvious
GoEmo_test_0704,pair_455c,I don't find anything about women appealing.,FEAR,Emotion-Plausible
GoEmo_test_0704,pair_455d,I don't find anything about women appealing.,SURPRISE,Emotion-Plausible
GoEmo_test_0704,pair_455e,I don't find anything about women appealing.,NEUTRAL,Emotion-Implausible
GoEmo_test_0704,pair_455f,I don't find anything about women appealing.,SADNESS,Emotion-Plausible
GoEmo_test_0704,pair_455g,I don't find anything about women appealing.,JOY,Emotion-Implausible
GoEmo_test_0705,pair_456a,"-30°, then again I'm only 16. Been a while since these temps have come around so it's not pleasant.",ANGER,Emotion-Plausible
GoEmo_test_0705,pair_456b,"-30°, then again I'm only 16. Been a while since these temps have come around so it's not pleasant.",DISGUST,Emotion-Plausible
GoEmo_test_0705,pair_456c,"-30°, then again I'm only 16. Been a while since these temps have come around so it's not pleasant.",FEAR,Emotion-Plausible
GoEmo_test_0705,pair_456d,"-30°, then again I'm only 16. Been a while since these temps have come around so it's not pleasant.",SURPRISE,Emotion-Plausible
GoEmo_test_0705,pair_456e,"-30°, then again I'm only 16. Been a while since these temps have come around so it's not pleasant.",NEUTRAL,Emotion-Implausible
GoEmo_test_0705,pair_456f,"-30°, then again I'm only 16. Been a while since these temps have come around so it's not pleasant.",SADNESS,Emotion-Plausible
GoEmo_test_0705,pair_456g,"-30°, then again I'm only 16. Been a while since these temps have come around so it's not pleasant.",JOY,Emotion-Implausible
GoEmo_test_0707,pair_457a,How did you get them for free?,ANGER,Emotion-Plausible
GoEmo_test_0707,pair_457b,How did you get them for free?,DISGUST,Emotion-Plausible
GoEmo_test_0707,pair_457c,How did you get them for free?,FEAR,Emotion-Plausible
GoEmo_test_0707,pair_457d,How did you get them for free?,SURPRISE,Emotion-Obvious
GoEmo_test_0707,pair_457e,How did you get them for free?,NEUTRAL,Emotion-Plausible
GoEmo_test_0707,pair_457f,How did you get them for free?,SADNESS,Emotion-Plausible
GoEmo_test_0707,pair_457g,How did you get them for free?,JOY,Emotion-Plausible
GoEmo_test_0714,pair_458a,"Maybe with spelling, but his dad watches SNL every week I betcha.",ANGER,Emotion-Plausible
GoEmo_test_0714,pair_458b,"Maybe with spelling, but his dad watches SNL every week I betcha.",DISGUST,Emotion-Plausible
GoEmo_test_0714,pair_458c,"Maybe with spelling, but his dad watches SNL every week I betcha.",FEAR,Emotion-Implausible
GoEmo_test_0714,pair_458d,"Maybe with spelling, but his dad watches SNL every week I betcha.",SURPRISE,Emotion-Plausible
GoEmo_test_0714,pair_458e,"Maybe with spelling, but his dad watches SNL every week I betcha.",NEUTRAL,Emotion-Obvious
GoEmo_test_0714,pair_458f,"Maybe with spelling, but his dad watches SNL every week I betcha.",SADNESS,Emotion-Plausible
GoEmo_test_0714,pair_458g,"Maybe with spelling, but his dad watches SNL every week I betcha.",JOY,Emotion-Plausible
GoEmo_test_0716,pair_459a,This is creepy.,ANGER,Emotion-Plausible
GoEmo_test_0716,pair_459b,This is creepy.,DISGUST,Emotion-Obvious
GoEmo_test_0716,pair_459c,This is creepy.,FEAR,Emotion-Obvious
GoEmo_test_0716,pair_459d,This is creepy.,SURPRISE,Emotion-Plausible
GoEmo_test_0716,pair_459e,This is creepy.,NEUTRAL,Emotion-Implausible
GoEmo_test_0716,pair_459f,This is creepy.,SADNESS,Emotion-Plausible
GoEmo_test_0716,pair_459g,This is creepy.,JOY,Emotion-Plausible
GoEmo_test_0717,pair_460a,Would love to donate as well!,ANGER,Emotion-Plausible
GoEmo_test_0717,pair_460b,Would love to donate as well!,DISGUST,Emotion-Implausible
GoEmo_test_0717,pair_460c,Would love to donate as well!,FEAR,Emotion-Implausible
GoEmo_test_0717,pair_460d,Would love to donate as well!,SURPRISE,Emotion-Implausible
GoEmo_test_0717,pair_460e,Would love to donate as well!,NEUTRAL,Emotion-Implausible
GoEmo_test_0717,pair_460f,Would love to donate as well!,SADNESS,Emotion-Plausible
GoEmo_test_0717,pair_460g,Would love to donate as well!,JOY,Emotion-Obvious
GoEmo_test_0718,pair_461a,"I think my worry would be if another dog attacks mine, they wouldn't be able to defend themselves",ANGER,Emotion-Plausible
GoEmo_test_0718,pair_461b,"I think my worry would be if another dog attacks mine, they wouldn't be able to defend themselves",DISGUST,Emotion-Implausible
GoEmo_test_0718,pair_461c,"I think my worry would be if another dog attacks mine, they wouldn't be able to defend themselves",FEAR,Emotion-Obvious
GoEmo_test_0718,pair_461d,"I think my worry would be if another dog attacks mine, they wouldn't be able to defend themselves",SURPRISE,Emotion-Implausible
GoEmo_test_0718,pair_461e,"I think my worry would be if another dog attacks mine, they wouldn't be able to defend themselves",NEUTRAL,Emotion-Implausible
GoEmo_test_0718,pair_461f,"I think my worry would be if another dog attacks mine, they wouldn't be able to defend themselves",SADNESS,Emotion-Plausible
GoEmo_test_0718,pair_461g,"I think my worry would be if another dog attacks mine, they wouldn't be able to defend themselves",JOY,Emotion-Plausible
GoEmo_test_0720,pair_462a,I'm flattered but I'm a good [RELIGION] scarf,ANGER,Emotion-Plausible
GoEmo_test_0720,pair_462b,I'm flattered but I'm a good [RELIGION] scarf,DISGUST,Emotion-Implausible
GoEmo_test_0720,pair_462c,I'm flattered but I'm a good [RELIGION] scarf,FEAR,Emotion-Plausible
GoEmo_test_0720,pair_462d,I'm flattered but I'm a good [RELIGION] scarf,SURPRISE,Emotion-Plausible
GoEmo_test_0720,pair_462e,I'm flattered but I'm a good [RELIGION] scarf,NEUTRAL,Emotion-Implausible
GoEmo_test_0720,pair_462f,I'm flattered but I'm a good [RELIGION] scarf,SADNESS,Emotion-Plausible
GoEmo_test_0720,pair_462g,I'm flattered but I'm a good [RELIGION] scarf,JOY,Emotion-Obvious
GoEmo_test_0721,pair_463a,"Result of ""I have camera so I'm invincible"" syndrome.",ANGER,Emotion-Obvious
GoEmo_test_0721,pair_463b,"Result of ""I have camera so I'm invincible"" syndrome.",DISGUST,Emotion-Plausible
GoEmo_test_0721,pair_463c,"Result of ""I have camera so I'm invincible"" syndrome.",FEAR,Emotion-Plausible
GoEmo_test_0721,pair_463d,"Result of ""I have camera so I'm invincible"" syndrome.",SURPRISE,Emotion-Plausible
GoEmo_test_0721,pair_463e,"Result of ""I have camera so I'm invincible"" syndrome.",NEUTRAL,Emotion-Plausible
GoEmo_test_0721,pair_463f,"Result of ""I have camera so I'm invincible"" syndrome.",SADNESS,Emotion-Plausible
GoEmo_test_0721,pair_463g,"Result of ""I have camera so I'm invincible"" syndrome.",JOY,Emotion-Plausible
GoEmo_test_0722,pair_464a,Why is neighbour spelt incorrectly?,ANGER,Emotion-Plausible
GoEmo_test_0722,pair_464b,Why is neighbour spelt incorrectly?,DISGUST,Emotion-Plausible
GoEmo_test_0722,pair_464c,Why is neighbour spelt incorrectly?,FEAR,Emotion-Plausible
GoEmo_test_0722,pair_464d,Why is neighbour spelt incorrectly?,SURPRISE,Emotion-Obvious
GoEmo_test_0722,pair_464e,Why is neighbour spelt incorrectly?,NEUTRAL,Emotion-Plausible
GoEmo_test_0722,pair_464f,Why is neighbour spelt incorrectly?,SADNESS,Emotion-Plausible
GoEmo_test_0722,pair_464g,Why is neighbour spelt incorrectly?,JOY,Emotion-Plausible
GoEmo_test_0723,pair_465a,"That would be okay, I guess.",ANGER,Emotion-Plausible
GoEmo_test_0723,pair_465b,"That would be okay, I guess.",DISGUST,Emotion-Implausible
GoEmo_test_0723,pair_465c,"That would be okay, I guess.",FEAR,Emotion-Plausible
GoEmo_test_0723,pair_465d,"That would be okay, I guess.",SURPRISE,Emotion-Implausible
GoEmo_test_0723,pair_465e,"That would be okay, I guess.",NEUTRAL,Emotion-Obvious
GoEmo_test_0723,pair_465f,"That would be okay, I guess.",SADNESS,Emotion-Plausible
GoEmo_test_0723,pair_465g,"That would be okay, I guess.",JOY,Emotion-Plausible
GoEmo_test_0724,pair_466a,"Paraphrasing [NAME], this brought warm feelings to my heart.",ANGER,Emotion-Plausible
GoEmo_test_0724,pair_466b,"Paraphrasing [NAME], this brought warm feelings to my heart.",DISGUST,Emotion-Implausible
GoEmo_test_0724,pair_466c,"Paraphrasing [NAME], this brought warm feelings to my heart.",FEAR,Emotion-Implausible
GoEmo_test_0724,pair_466d,"Paraphrasing [NAME], this brought warm feelings to my heart.",SURPRISE,Emotion-Plausible
GoEmo_test_0724,pair_466e,"Paraphrasing [NAME], this brought warm feelings to my heart.",NEUTRAL,Emotion-Implausible
GoEmo_test_0724,pair_466f,"Paraphrasing [NAME], this brought warm feelings to my heart.",SADNESS,Emotion-Implausible
GoEmo_test_0724,pair_466g,"Paraphrasing [NAME], this brought warm feelings to my heart.",JOY,Emotion-Obvious
GoEmo_test_0725,pair_467a,That's interesting. Have you used it to register on many sites/services?,ANGER,Emotion-Plausible
GoEmo_test_0725,pair_467b,That's interesting. Have you used it to register on many sites/services?,DISGUST,Emotion-Plausible
GoEmo_test_0725,pair_467c,That's interesting. Have you used it to register on many sites/services?,FEAR,Emotion-Plausible
GoEmo_test_0725,pair_467d,That's interesting. Have you used it to register on many sites/services?,SURPRISE,Emotion-Plausible
GoEmo_test_0725,pair_467e,That's interesting. Have you used it to register on many sites/services?,NEUTRAL,Emotion-Obvious
GoEmo_test_0725,pair_467f,That's interesting. Have you used it to register on many sites/services?,SADNESS,Emotion-Plausible
GoEmo_test_0725,pair_467g,That's interesting. Have you used it to register on many sites/services?,JOY,Emotion-Plausible
GoEmo_test_0727,pair_468a,You’re not a loser. You’re a whole and complete person unto yourself.,ANGER,Emotion-Plausible
GoEmo_test_0727,pair_468b,You’re not a loser. You’re a whole and complete person unto yourself.,DISGUST,Emotion-Implausible
GoEmo_test_0727,pair_468c,You’re not a loser. You’re a whole and complete person unto yourself.,FEAR,Emotion-Implausible
GoEmo_test_0727,pair_468d,You’re not a loser. You’re a whole and complete person unto yourself.,SURPRISE,Emotion-Plausible
GoEmo_test_0727,pair_468e,You’re not a loser. You’re a whole and complete person unto yourself.,NEUTRAL,Emotion-Implausible
GoEmo_test_0727,pair_468f,You’re not a loser. You’re a whole and complete person unto yourself.,SADNESS,Emotion-Plausible
GoEmo_test_0727,pair_468g,You’re not a loser. You’re a whole and complete person unto yourself.,JOY,Emotion-Obvious
GoEmo_test_0731,pair_469a,"Lol you're so close to getting it, dude. So close.",ANGER,Emotion-Plausible
GoEmo_test_0731,pair_469b,"Lol you're so close to getting it, dude. So close.",DISGUST,Emotion-Implausible
GoEmo_test_0731,pair_469c,"Lol you're so close to getting it, dude. So close.",FEAR,Emotion-Plausible
GoEmo_test_0731,pair_469d,"Lol you're so close to getting it, dude. So close.",SURPRISE,Emotion-Plausible
GoEmo_test_0731,pair_469e,"Lol you're so close to getting it, dude. So close.",NEUTRAL,Emotion-Implausible
GoEmo_test_0731,pair_469f,"Lol you're so close to getting it, dude. So close.",SADNESS,Emotion-Plausible
GoEmo_test_0731,pair_469g,"Lol you're so close to getting it, dude. So close.",JOY,Emotion-Obvious
GoEmo_test_0732,pair_470a,Yeah mason wasps are nasty little Tucker’s.,ANGER,Emotion-Obvious
GoEmo_test_0732,pair_470b,Yeah mason wasps are nasty little Tucker’s.,DISGUST,Emotion-Obvious
GoEmo_test_0732,pair_470c,Yeah mason wasps are nasty little Tucker’s.,FEAR,Emotion-Plausible
GoEmo_test_0732,pair_470d,Yeah mason wasps are nasty little Tucker’s.,SURPRISE,Emotion-Implausible
GoEmo_test_0732,pair_470e,Yeah mason wasps are nasty little Tucker’s.,NEUTRAL,Emotion-Implausible
GoEmo_test_0732,pair_470f,Yeah mason wasps are nasty little Tucker’s.,SADNESS,Emotion-Plausible
GoEmo_test_0732,pair_470g,Yeah mason wasps are nasty little Tucker’s.,JOY,Emotion-Implausible
GoEmo_test_0733,pair_471a,Thank you for clarifying. I was just thinking about how picky a lot of my family is (adults as much as kids).,ANGER,Emotion-Plausible
GoEmo_test_0733,pair_471b,Thank you for clarifying. I was just thinking about how picky a lot of my family is (adults as much as kids).,DISGUST,Emotion-Plausible
GoEmo_test_0733,pair_471c,Thank you for clarifying. I was just thinking about how picky a lot of my family is (adults as much as kids).,FEAR,Emotion-Plausible
GoEmo_test_0733,pair_471d,Thank you for clarifying. I was just thinking about how picky a lot of my family is (adults as much as kids).,SURPRISE,Emotion-Plausible
GoEmo_test_0733,pair_471e,Thank you for clarifying. I was just thinking about how picky a lot of my family is (adults as much as kids).,NEUTRAL,Emotion-Obvious
GoEmo_test_0733,pair_471f,Thank you for clarifying. I was just thinking about how picky a lot of my family is (adults as much as kids).,SADNESS,Emotion-Plausible
GoEmo_test_0733,pair_471g,Thank you for clarifying. I was just thinking about how picky a lot of my family is (adults as much as kids).,JOY,Emotion-Plausible
GoEmo_test_0738,pair_472a,"Considering how beautiful every single person is, there is far too much ugliness on Earth.",ANGER,Emotion-Plausible
GoEmo_test_0738,pair_472b,"Considering how beautiful every single person is, there is far too much ugliness on Earth.",DISGUST,Emotion-Plausible
GoEmo_test_0738,pair_472c,"Considering how beautiful every single person is, there is far too much ugliness on Earth.",FEAR,Emotion-Plausible
GoEmo_test_0738,pair_472d,"Considering how beautiful every single person is, there is far too much ugliness on Earth.",SURPRISE,Emotion-Plausible
GoEmo_test_0738,pair_472e,"Considering how beautiful every single person is, there is far too much ugliness on Earth.",NEUTRAL,Emotion-Implausible
GoEmo_test_0738,pair_472f,"Considering how beautiful every single person is, there is far too much ugliness on Earth.",SADNESS,Emotion-Obvious
GoEmo_test_0738,pair_472g,"Considering how beautiful every single person is, there is far too much ugliness on Earth.",JOY,Emotion-Plausible
GoEmo_test_0741,pair_473a,Perfect! Put it in a form they can understand!,ANGER,Emotion-Plausible
GoEmo_test_0741,pair_473b,Perfect! Put it in a form they can understand!,DISGUST,Emotion-Plausible
GoEmo_test_0741,pair_473c,Perfect! Put it in a form they can understand!,FEAR,Emotion-Plausible
GoEmo_test_0741,pair_473d,Perfect! Put it in a form they can understand!,SURPRISE,Emotion-Plausible
GoEmo_test_0741,pair_473e,Perfect! Put it in a form they can understand!,NEUTRAL,Emotion-Plausible
GoEmo_test_0741,pair_473f,Perfect! Put it in a form they can understand!,SADNESS,Emotion-Plausible
GoEmo_test_0741,pair_473g,Perfect! Put it in a form they can understand!,JOY,Emotion-Obvious
GoEmo_test_0742,pair_474a,Because your considered “boring”. Girls love drama. It’s a thing.,ANGER,Emotion-Plausible
GoEmo_test_0742,pair_474b,Because your considered “boring”. Girls love drama. It’s a thing.,DISGUST,Emotion-Plausible
GoEmo_test_0742,pair_474c,Because your considered “boring”. Girls love drama. It’s a thing.,FEAR,Emotion-Plausible
GoEmo_test_0742,pair_474d,Because your considered “boring”. Girls love drama. It’s a thing.,SURPRISE,Emotion-Implausible
GoEmo_test_0742,pair_474e,Because your considered “boring”. Girls love drama. It’s a thing.,NEUTRAL,Emotion-Obvious
GoEmo_test_0742,pair_474f,Because your considered “boring”. Girls love drama. It’s a thing.,SADNESS,Emotion-Plausible
GoEmo_test_0742,pair_474g,Because your considered “boring”. Girls love drama. It’s a thing.,JOY,Emotion-Plausible
GoEmo_test_0743,pair_475a,"That made me smile. Thank you!! And yes, definitely replacing her on my reference list lol.",ANGER,Emotion-Implausible
GoEmo_test_0743,pair_475b,"That made me smile. Thank you!! And yes, definitely replacing her on my reference list lol.",DISGUST,Emotion-Implausible
GoEmo_test_0743,pair_475c,"That made me smile. Thank you!! And yes, definitely replacing her on my reference list lol.",FEAR,Emotion-Implausible
GoEmo_test_0743,pair_475d,"That made me smile. Thank you!! And yes, definitely replacing her on my reference list lol.",SURPRISE,Emotion-Plausible
GoEmo_test_0743,pair_475e,"That made me smile. Thank you!! And yes, definitely replacing her on my reference list lol.",NEUTRAL,Emotion-Implausible
GoEmo_test_0743,pair_475f,"That made me smile. Thank you!! And yes, definitely replacing her on my reference list lol.",SADNESS,Emotion-Implausible
GoEmo_test_0743,pair_475g,"That made me smile. Thank you!! And yes, definitely replacing her on my reference list lol.",JOY,Emotion-Obvious
GoEmo_test_0744,pair_476a,Logic and facts are verboten on that sub. Truly bizarre that people are that sensitive.,ANGER,Emotion-Obvious
GoEmo_test_0744,pair_476b,Logic and facts are verboten on that sub. Truly bizarre that people are that sensitive.,DISGUST,Emotion-Obvious
GoEmo_test_0744,pair_476c,Logic and facts are verboten on that sub. Truly bizarre that people are that sensitive.,FEAR,Emotion-Plausible
GoEmo_test_0744,pair_476d,Logic and facts are verboten on that sub. Truly bizarre that people are that sensitive.,SURPRISE,Emotion-Obvious
GoEmo_test_0744,pair_476e,Logic and facts are verboten on that sub. Truly bizarre that people are that sensitive.,NEUTRAL,Emotion-Implausible
GoEmo_test_0744,pair_476f,Logic and facts are verboten on that sub. Truly bizarre that people are that sensitive.,SADNESS,Emotion-Plausible
GoEmo_test_0744,pair_476g,Logic and facts are verboten on that sub. Truly bizarre that people are that sensitive.,JOY,Emotion-Implausible
GoEmo_test_0745,pair_477a,Well the good news is once all the boomers die off you won't have any pesky old people to blame anymore.,ANGER,Emotion-Plausible
GoEmo_test_0745,pair_477b,Well the good news is once all the boomers die off you won't have any pesky old people to blame anymore.,DISGUST,Emotion-Obvious
GoEmo_test_0745,pair_477c,Well the good news is once all the boomers die off you won't have any pesky old people to blame anymore.,FEAR,Emotion-Implausible
GoEmo_test_0745,pair_477d,Well the good news is once all the boomers die off you won't have any pesky old people to blame anymore.,SURPRISE,Emotion-Implausible
GoEmo_test_0745,pair_477e,Well the good news is once all the boomers die off you won't have any pesky old people to blame anymore.,NEUTRAL,Emotion-Implausible
GoEmo_test_0745,pair_477f,Well the good news is once all the boomers die off you won't have any pesky old people to blame anymore.,SADNESS,Emotion-Implausible
GoEmo_test_0745,pair_477g,Well the good news is once all the boomers die off you won't have any pesky old people to blame anymore.,JOY,Emotion-Plausible
GoEmo_test_0746,pair_478a,What a cute little accident you turned out to be,ANGER,Emotion-Plausible
GoEmo_test_0746,pair_478b,What a cute little accident you turned out to be,DISGUST,Emotion-Plausible
GoEmo_test_0746,pair_478c,What a cute little accident you turned out to be,FEAR,Emotion-Implausible
GoEmo_test_0746,pair_478d,What a cute little accident you turned out to be,SURPRISE,Emotion-Obvious
GoEmo_test_0746,pair_478e,What a cute little accident you turned out to be,NEUTRAL,Emotion-Implausible
GoEmo_test_0746,pair_478f,What a cute little accident you turned out to be,SADNESS,Emotion-Plausible
GoEmo_test_0746,pair_478g,What a cute little accident you turned out to be,JOY,Emotion-Obvious
GoEmo_test_0747,pair_479a,Just wanted to mention--Brazos Bend is closed due to flooding until next week.,ANGER,Emotion-Plausible
GoEmo_test_0747,pair_479b,Just wanted to mention--Brazos Bend is closed due to flooding until next week.,DISGUST,Emotion-Implausible
GoEmo_test_0747,pair_479c,Just wanted to mention--Brazos Bend is closed due to flooding until next week.,FEAR,Emotion-Plausible
GoEmo_test_0747,pair_479d,Just wanted to mention--Brazos Bend is closed due to flooding until next week.,SURPRISE,Emotion-Implausible
GoEmo_test_0747,pair_479e,Just wanted to mention--Brazos Bend is closed due to flooding until next week.,NEUTRAL,Emotion-Obvious
GoEmo_test_0747,pair_479f,Just wanted to mention--Brazos Bend is closed due to flooding until next week.,SADNESS,Emotion-Plausible
GoEmo_test_0747,pair_479g,Just wanted to mention--Brazos Bend is closed due to flooding until next week.,JOY,Emotion-Plausible
GoEmo_test_0748,pair_480a,Because making 44% of the team's total TD catches is not enough!?! Please tell me this is BS.,ANGER,Emotion-Obvious
GoEmo_test_0748,pair_480b,Because making 44% of the team's total TD catches is not enough!?! Please tell me this is BS.,DISGUST,Emotion-Obvious
GoEmo_test_0748,pair_480c,Because making 44% of the team's total TD catches is not enough!?! Please tell me this is BS.,FEAR,Emotion-Implausible
GoEmo_test_0748,pair_480d,Because making 44% of the team's total TD catches is not enough!?! Please tell me this is BS.,SURPRISE,Emotion-Obvious
GoEmo_test_0748,pair_480e,Because making 44% of the team's total TD catches is not enough!?! Please tell me this is BS.,NEUTRAL,Emotion-Implausible
GoEmo_test_0748,pair_480f,Because making 44% of the team's total TD catches is not enough!?! Please tell me this is BS.,SADNESS,Emotion-Plausible
GoEmo_test_0748,pair_480g,Because making 44% of the team's total TD catches is not enough!?! Please tell me this is BS.,JOY,Emotion-Implausible
GoEmo_test_0752,pair_481a,Yeah thank you you ungrateful bast.....,ANGER,Emotion-Obvious
GoEmo_test_0752,pair_481b,Yeah thank you you ungrateful bast.....,DISGUST,Emotion-Obvious
GoEmo_test_0752,pair_481c,Yeah thank you you ungrateful bast.....,FEAR,Emotion-Implausible
GoEmo_test_0752,pair_481d,Yeah thank you you ungrateful bast.....,SURPRISE,Emotion-Implausible
GoEmo_test_0752,pair_481e,Yeah thank you you ungrateful bast.....,NEUTRAL,Emotion-Implausible
GoEmo_test_0752,pair_481f,Yeah thank you you ungrateful bast.....,SADNESS,Emotion-Plausible
GoEmo_test_0752,pair_481g,Yeah thank you you ungrateful bast.....,JOY,Emotion-Implausible
GoEmo_test_0755,pair_482a,Yeah I sympathize with this sentiment. The flow of Michigan fans into the cfb subreddit this year was overwhelming. Even as a fan I was irritated.,ANGER,Emotion-Obvious
GoEmo_test_0755,pair_482b,Yeah I sympathize with this sentiment. The flow of Michigan fans into the cfb subreddit this year was overwhelming. Even as a fan I was irritated.,DISGUST,Emotion-Plausible
GoEmo_test_0755,pair_482c,Yeah I sympathize with this sentiment. The flow of Michigan fans into the cfb subreddit this year was overwhelming. Even as a fan I was irritated.,FEAR,Emotion-Plausible
GoEmo_test_0755,pair_482d,Yeah I sympathize with this sentiment. The flow of Michigan fans into the cfb subreddit this year was overwhelming. Even as a fan I was irritated.,SURPRISE,Emotion-Implausible
GoEmo_test_0755,pair_482e,Yeah I sympathize with this sentiment. The flow of Michigan fans into the cfb subreddit this year was overwhelming. Even as a fan I was irritated.,NEUTRAL,Emotion-Implausible
GoEmo_test_0755,pair_482f,Yeah I sympathize with this sentiment. The flow of Michigan fans into the cfb subreddit this year was overwhelming. Even as a fan I was irritated.,SADNESS,Emotion-Plausible
GoEmo_test_0755,pair_482g,Yeah I sympathize with this sentiment. The flow of Michigan fans into the cfb subreddit this year was overwhelming. Even as a fan I was irritated.,JOY,Emotion-Implausible
GoEmo_test_0756,pair_483a,Well [NAME] made me laugh,ANGER,Emotion-Plausible
GoEmo_test_0756,pair_483b,Well [NAME] made me laugh,DISGUST,Emotion-Plausible
GoEmo_test_0756,pair_483c,Well [NAME] made me laugh,FEAR,Emotion-Plausible
GoEmo_test_0756,pair_483d,Well [NAME] made me laugh,SURPRISE,Emotion-Plausible
GoEmo_test_0756,pair_483e,Well [NAME] made me laugh,NEUTRAL,Emotion-Implausible
GoEmo_test_0756,pair_483f,Well [NAME] made me laugh,SADNESS,Emotion-Plausible
GoEmo_test_0756,pair_483g,Well [NAME] made me laugh,JOY,Emotion-Obvious
GoEmo_test_0757,pair_484a,"Ah, a classy man",ANGER,Emotion-Plausible
GoEmo_test_0757,pair_484b,"Ah, a classy man",DISGUST,Emotion-Plausible
GoEmo_test_0757,pair_484c,"Ah, a classy man",FEAR,Emotion-Plausible
GoEmo_test_0757,pair_484d,"Ah, a classy man",SURPRISE,Emotion-Plausible
GoEmo_test_0757,pair_484e,"Ah, a classy man",NEUTRAL,Emotion-Plausible
GoEmo_test_0757,pair_484f,"Ah, a classy man",SADNESS,Emotion-Plausible
GoEmo_test_0757,pair_484g,"Ah, a classy man",JOY,Emotion-Obvious
GoEmo_test_0758,pair_485a,"I swear to [NAME], I'm going to approach you. Instead of running away, I'll come right to you.",ANGER,Emotion-Plausible
GoEmo_test_0758,pair_485b,"I swear to [NAME], I'm going to approach you. Instead of running away, I'll come right to you.",DISGUST,Emotion-Plausible
GoEmo_test_0758,pair_485c,"I swear to [NAME], I'm going to approach you. Instead of running away, I'll come right to you.",FEAR,Emotion-Plausible
GoEmo_test_0758,pair_485d,"I swear to [NAME], I'm going to approach you. Instead of running away, I'll come right to you.",SURPRISE,Emotion-Implausible
GoEmo_test_0758,pair_485e,"I swear to [NAME], I'm going to approach you. Instead of running away, I'll come right to you.",NEUTRAL,Emotion-Implausible
GoEmo_test_0758,pair_485f,"I swear to [NAME], I'm going to approach you. Instead of running away, I'll come right to you.",SADNESS,Emotion-Plausible
GoEmo_test_0758,pair_485g,"I swear to [NAME], I'm going to approach you. Instead of running away, I'll come right to you.",JOY,Emotion-Plausible
GoEmo_test_0759,pair_486a,I always give my disclaimer when he asks for my phone number. I understand and respect my situation could be a deal breaker for some.,ANGER,Emotion-Plausible
GoEmo_test_0759,pair_486b,I always give my disclaimer when he asks for my phone number. I understand and respect my situation could be a deal breaker for some.,DISGUST,Emotion-Implausible
GoEmo_test_0759,pair_486c,I always give my disclaimer when he asks for my phone number. I understand and respect my situation could be a deal breaker for some.,FEAR,Emotion-Plausible
GoEmo_test_0759,pair_486d,I always give my disclaimer when he asks for my phone number. I understand and respect my situation could be a deal breaker for some.,SURPRISE,Emotion-Implausible
GoEmo_test_0759,pair_486e,I always give my disclaimer when he asks for my phone number. I understand and respect my situation could be a deal breaker for some.,NEUTRAL,Emotion-Obvious
GoEmo_test_0759,pair_486f,I always give my disclaimer when he asks for my phone number. I understand and respect my situation could be a deal breaker for some.,SADNESS,Emotion-Plausible
GoEmo_test_0759,pair_486g,I always give my disclaimer when he asks for my phone number. I understand and respect my situation could be a deal breaker for some.,JOY,Emotion-Plausible
GoEmo_test_0760,pair_487a,"[NAME] funny, girl.. not so much",ANGER,Emotion-Plausible
GoEmo_test_0760,pair_487b,"[NAME] funny, girl.. not so much",DISGUST,Emotion-Plausible
GoEmo_test_0760,pair_487c,"[NAME] funny, girl.. not so much",FEAR,Emotion-Plausible
GoEmo_test_0760,pair_487d,"[NAME] funny, girl.. not so much",SURPRISE,Emotion-Plausible
GoEmo_test_0760,pair_487e,"[NAME] funny, girl.. not so much",NEUTRAL,Emotion-Implausible
GoEmo_test_0760,pair_487f,"[NAME] funny, girl.. not so much",SADNESS,Emotion-Plausible
GoEmo_test_0760,pair_487g,"[NAME] funny, girl.. not so much",JOY,Emotion-Plausible
GoEmo_test_0761,pair_488a,My coworker got cheated on by her boyfriend of 8 years and needs a night out so I can't even get out of it sigh.,ANGER,Emotion-Obvious
GoEmo_test_0761,pair_488b,My coworker got cheated on by her boyfriend of 8 years and needs a night out so I can't even get out of it sigh.,DISGUST,Emotion-Plausible
GoEmo_test_0761,pair_488c,My coworker got cheated on by her boyfriend of 8 years and needs a night out so I can't even get out of it sigh.,FEAR,Emotion-Implausible
GoEmo_test_0761,pair_488d,My coworker got cheated on by her boyfriend of 8 years and needs a night out so I can't even get out of it sigh.,SURPRISE,Emotion-Implausible
GoEmo_test_0761,pair_488e,My coworker got cheated on by her boyfriend of 8 years and needs a night out so I can't even get out of it sigh.,NEUTRAL,Emotion-Implausible
GoEmo_test_0761,pair_488f,My coworker got cheated on by her boyfriend of 8 years and needs a night out so I can't even get out of it sigh.,SADNESS,Emotion-Obvious
GoEmo_test_0761,pair_488g,My coworker got cheated on by her boyfriend of 8 years and needs a night out so I can't even get out of it sigh.,JOY,Emotion-Implausible
GoEmo_test_0764,pair_489a,Best NYG draft pick EVER!!!!,ANGER,Emotion-Plausible
GoEmo_test_0764,pair_489b,Best NYG draft pick EVER!!!!,DISGUST,Emotion-Plausible
GoEmo_test_0764,pair_489c,Best NYG draft pick EVER!!!!,FEAR,Emotion-Plausible
GoEmo_test_0764,pair_489d,Best NYG draft pick EVER!!!!,SURPRISE,Emotion-Plausible
GoEmo_test_0764,pair_489e,Best NYG draft pick EVER!!!!,NEUTRAL,Emotion-Implausible
GoEmo_test_0764,pair_489f,Best NYG draft pick EVER!!!!,SADNESS,Emotion-Implausible
GoEmo_test_0764,pair_489g,Best NYG draft pick EVER!!!!,JOY,Emotion-Obvious
GoEmo_test_0765,pair_490a,"Holy smokes, good jobs!!!",ANGER,Emotion-Plausible
GoEmo_test_0765,pair_490b,"Holy smokes, good jobs!!!",DISGUST,Emotion-Implausible
GoEmo_test_0765,pair_490c,"Holy smokes, good jobs!!!",FEAR,Emotion-Implausible
GoEmo_test_0765,pair_490d,"Holy smokes, good jobs!!!",SURPRISE,Emotion-Obvious
GoEmo_test_0765,pair_490e,"Holy smokes, good jobs!!!",NEUTRAL,Emotion-Implausible
GoEmo_test_0765,pair_490f,"Holy smokes, good jobs!!!",SADNESS,Emotion-Implausible
GoEmo_test_0765,pair_490g,"Holy smokes, good jobs!!!",JOY,Emotion-Obvious
GoEmo_test_0766,pair_491a,"I know, that's why it's a little unfortunate they don't have a test.",ANGER,Emotion-Implausible
GoEmo_test_0766,pair_491b,"I know, that's why it's a little unfortunate they don't have a test.",DISGUST,Emotion-Implausible
GoEmo_test_0766,pair_491c,"I know, that's why it's a little unfortunate they don't have a test.",FEAR,Emotion-Plausible
GoEmo_test_0766,pair_491d,"I know, that's why it's a little unfortunate they don't have a test.",SURPRISE,Emotion-Implausible
GoEmo_test_0766,pair_491e,"I know, that's why it's a little unfortunate they don't have a test.",NEUTRAL,Emotion-Implausible
GoEmo_test_0766,pair_491f,"I know, that's why it's a little unfortunate they don't have a test.",SADNESS,Emotion-Obvious
GoEmo_test_0766,pair_491g,"I know, that's why it's a little unfortunate they don't have a test.",JOY,Emotion-Implausible
GoEmo_test_0768,pair_492a,We finally lost a game while I was shuffling my tarot deck and now I can’t decide if I should try again or if the luck ran out,ANGER,Emotion-Plausible
GoEmo_test_0768,pair_492b,We finally lost a game while I was shuffling my tarot deck and now I can’t decide if I should try again or if the luck ran out,DISGUST,Emotion-Implausible
GoEmo_test_0768,pair_492c,We finally lost a game while I was shuffling my tarot deck and now I can’t decide if I should try again or if the luck ran out,FEAR,Emotion-Obvious
GoEmo_test_0768,pair_492d,We finally lost a game while I was shuffling my tarot deck and now I can’t decide if I should try again or if the luck ran out,SURPRISE,Emotion-Plausible
GoEmo_test_0768,pair_492e,We finally lost a game while I was shuffling my tarot deck and now I can’t decide if I should try again or if the luck ran out,NEUTRAL,Emotion-Implausible
GoEmo_test_0768,pair_492f,We finally lost a game while I was shuffling my tarot deck and now I can’t decide if I should try again or if the luck ran out,SADNESS,Emotion-Obvious
GoEmo_test_0768,pair_492g,We finally lost a game while I was shuffling my tarot deck and now I can’t decide if I should try again or if the luck ran out,JOY,Emotion-Implausible
GoEmo_test_0769,pair_493a,Stick your head in a blender and leave it on for all year. Turn it off for October and half of November...then right back into it,ANGER,Emotion-Obvious
GoEmo_test_0769,pair_493b,Stick your head in a blender and leave it on for all year. Turn it off for October and half of November...then right back into it,DISGUST,Emotion-Obvious
GoEmo_test_0769,pair_493c,Stick your head in a blender and leave it on for all year. Turn it off for October and half of November...then right back into it,FEAR,Emotion-Plausible
GoEmo_test_0769,pair_493d,Stick your head in a blender and leave it on for all year. Turn it off for October and half of November...then right back into it,SURPRISE,Emotion-Implausible
GoEmo_test_0769,pair_493e,Stick your head in a blender and leave it on for all year. Turn it off for October and half of November...then right back into it,NEUTRAL,Emotion-Implausible
GoEmo_test_0769,pair_493f,Stick your head in a blender and leave it on for all year. Turn it off for October and half of November...then right back into it,SADNESS,Emotion-Obvious
GoEmo_test_0769,pair_493g,Stick your head in a blender and leave it on for all year. Turn it off for October and half of November...then right back into it,JOY,Emotion-Implausible
GoEmo_test_0771,pair_494a,At least she's correct,ANGER,Emotion-Plausible
GoEmo_test_0771,pair_494b,At least she's correct,DISGUST,Emotion-Plausible
GoEmo_test_0771,pair_494c,At least she's correct,FEAR,Emotion-Plausible
GoEmo_test_0771,pair_494d,At least she's correct,SURPRISE,Emotion-Plausible
GoEmo_test_0771,pair_494e,At least she's correct,NEUTRAL,Emotion-Plausible
GoEmo_test_0771,pair_494f,At least she's correct,SADNESS,Emotion-Plausible
GoEmo_test_0771,pair_494g,At least she's correct,JOY,Emotion-Plausible
GoEmo_test_0777,pair_495a,Dave & Buster’s is a great suggestion!,ANGER,Emotion-Plausible
GoEmo_test_0777,pair_495b,Dave & Buster’s is a great suggestion!,DISGUST,Emotion-Implausible
GoEmo_test_0777,pair_495c,Dave & Buster’s is a great suggestion!,FEAR,Emotion-Plausible
GoEmo_test_0777,pair_495d,Dave & Buster’s is a great suggestion!,SURPRISE,Emotion-Plausible
GoEmo_test_0777,pair_495e,Dave & Buster’s is a great suggestion!,NEUTRAL,Emotion-Implausible
GoEmo_test_0777,pair_495f,Dave & Buster’s is a great suggestion!,SADNESS,Emotion-Implausible
GoEmo_test_0777,pair_495g,Dave & Buster’s is a great suggestion!,JOY,Emotion-Obvious
GoEmo_test_0778,pair_496a,"I can’t help but notice they didn’t show [NAME], [NAME], or the most dramatic transformation of all, [NAME]",ANGER,Emotion-Obvious
GoEmo_test_0778,pair_496b,"I can’t help but notice they didn’t show [NAME], [NAME], or the most dramatic transformation of all, [NAME]",DISGUST,Emotion-Plausible
GoEmo_test_0778,pair_496c,"I can’t help but notice they didn’t show [NAME], [NAME], or the most dramatic transformation of all, [NAME]",FEAR,Emotion-Plausible
GoEmo_test_0778,pair_496d,"I can’t help but notice they didn’t show [NAME], [NAME], or the most dramatic transformation of all, [NAME]",SURPRISE,Emotion-Obvious
GoEmo_test_0778,pair_496e,"I can’t help but notice they didn’t show [NAME], [NAME], or the most dramatic transformation of all, [NAME]",NEUTRAL,Emotion-Plausible
GoEmo_test_0778,pair_496f,"I can’t help but notice they didn’t show [NAME], [NAME], or the most dramatic transformation of all, [NAME]",SADNESS,Emotion-Plausible
GoEmo_test_0778,pair_496g,"I can’t help but notice they didn’t show [NAME], [NAME], or the most dramatic transformation of all, [NAME]",JOY,Emotion-Plausible
GoEmo_test_0779,pair_497a,In other news; Water is still wet.,ANGER,Emotion-Plausible
GoEmo_test_0779,pair_497b,In other news; Water is still wet.,DISGUST,Emotion-Plausible
GoEmo_test_0779,pair_497c,In other news; Water is still wet.,FEAR,Emotion-Implausible
GoEmo_test_0779,pair_497d,In other news; Water is still wet.,SURPRISE,Emotion-Implausible
GoEmo_test_0779,pair_497e,In other news; Water is still wet.,NEUTRAL,Emotion-Obvious
GoEmo_test_0779,pair_497f,In other news; Water is still wet.,SADNESS,Emotion-Plausible
GoEmo_test_0779,pair_497g,In other news; Water is still wet.,JOY,Emotion-Plausible
GoEmo_test_0781,pair_498a,Same. Right after I replaced the screen. So now I have a cracked phone,ANGER,Emotion-Plausible
GoEmo_test_0781,pair_498b,Same. Right after I replaced the screen. So now I have a cracked phone,DISGUST,Emotion-Plausible
GoEmo_test_0781,pair_498c,Same. Right after I replaced the screen. So now I have a cracked phone,FEAR,Emotion-Plausible
GoEmo_test_0781,pair_498d,Same. Right after I replaced the screen. So now I have a cracked phone,SURPRISE,Emotion-Plausible
GoEmo_test_0781,pair_498e,Same. Right after I replaced the screen. So now I have a cracked phone,NEUTRAL,Emotion-Implausible
GoEmo_test_0781,pair_498f,Same. Right after I replaced the screen. So now I have a cracked phone,SADNESS,Emotion-Obvious
GoEmo_test_0781,pair_498g,Same. Right after I replaced the screen. So now I have a cracked phone,JOY,Emotion-Implausible
GoEmo_test_0784,pair_499a,Good luck and have fun,ANGER,Emotion-Plausible
GoEmo_test_0784,pair_499b,Good luck and have fun,DISGUST,Emotion-Implausible
GoEmo_test_0784,pair_499c,Good luck and have fun,FEAR,Emotion-Implausible
GoEmo_test_0784,pair_499d,Good luck and have fun,SURPRISE,Emotion-Implausible
GoEmo_test_0784,pair_499e,Good luck and have fun,NEUTRAL,Emotion-Plausible
GoEmo_test_0784,pair_499f,Good luck and have fun,SADNESS,Emotion-Implausible
GoEmo_test_0784,pair_499g,Good luck and have fun,JOY,Emotion-Obvious
GoEmo_test_0785,pair_500a,"Honestly, I'm just happy I got traded to you guys, rather than a team like the Leafs or H*bs",ANGER,Emotion-Plausible
GoEmo_test_0785,pair_500b,"Honestly, I'm just happy I got traded to you guys, rather than a team like the Leafs or H*bs",DISGUST,Emotion-Plausible
GoEmo_test_0785,pair_500c,"Honestly, I'm just happy I got traded to you guys, rather than a team like the Leafs or H*bs",FEAR,Emotion-Implausible
GoEmo_test_0785,pair_500d,"Honestly, I'm just happy I got traded to you guys, rather than a team like the Leafs or H*bs",SURPRISE,Emotion-Plausible
GoEmo_test_0785,pair_500e,"Honestly, I'm just happy I got traded to you guys, rather than a team like the Leafs or H*bs",NEUTRAL,Emotion-Implausible
GoEmo_test_0785,pair_500f,"Honestly, I'm just happy I got traded to you guys, rather than a team like the Leafs or H*bs",SADNESS,Emotion-Plausible
GoEmo_test_0785,pair_500g,"Honestly, I'm just happy I got traded to you guys, rather than a team like the Leafs or H*bs",JOY,Emotion-Obvious
GoEmo_test_0787,pair_501a,"Ah yes, downvoted somebody for being different. Ever acceptant.",ANGER,Emotion-Obvious
GoEmo_test_0787,pair_501b,"Ah yes, downvoted somebody for being different. Ever acceptant.",DISGUST,Emotion-Obvious
GoEmo_test_0787,pair_501c,"Ah yes, downvoted somebody for being different. Ever acceptant.",FEAR,Emotion-Implausible
GoEmo_test_0787,pair_501d,"Ah yes, downvoted somebody for being different. Ever acceptant.",SURPRISE,Emotion-Plausible
GoEmo_test_0787,pair_501e,"Ah yes, downvoted somebody for being different. Ever acceptant.",NEUTRAL,Emotion-Implausible
GoEmo_test_0787,pair_501f,"Ah yes, downvoted somebody for being different. Ever acceptant.",SADNESS,Emotion-Plausible
GoEmo_test_0787,pair_501g,"Ah yes, downvoted somebody for being different. Ever acceptant.",JOY,Emotion-Plausible
GoEmo_test_0788,pair_502a,If it's true i'm sad he's leaving but I wish him nothing but the best.,ANGER,Emotion-Plausible
GoEmo_test_0788,pair_502b,If it's true i'm sad he's leaving but I wish him nothing but the best.,DISGUST,Emotion-Implausible
GoEmo_test_0788,pair_502c,If it's true i'm sad he's leaving but I wish him nothing but the best.,FEAR,Emotion-Implausible
GoEmo_test_0788,pair_502d,If it's true i'm sad he's leaving but I wish him nothing but the best.,SURPRISE,Emotion-Plausible
GoEmo_test_0788,pair_502e,If it's true i'm sad he's leaving but I wish him nothing but the best.,NEUTRAL,Emotion-Implausible
GoEmo_test_0788,pair_502f,If it's true i'm sad he's leaving but I wish him nothing but the best.,SADNESS,Emotion-Obvious
GoEmo_test_0788,pair_502g,If it's true i'm sad he's leaving but I wish him nothing but the best.,JOY,Emotion-Plausible
GoEmo_test_0789,pair_503a,"I mean, they did just that in Djibouti I believe, and Sri Lanka before. Hopefully Kenya can avoid the debt trap",ANGER,Emotion-Plausible
GoEmo_test_0789,pair_503b,"I mean, they did just that in Djibouti I believe, and Sri Lanka before. Hopefully Kenya can avoid the debt trap",DISGUST,Emotion-Plausible
GoEmo_test_0789,pair_503c,"I mean, they did just that in Djibouti I believe, and Sri Lanka before. Hopefully Kenya can avoid the debt trap",FEAR,Emotion-Obvious
GoEmo_test_0789,pair_503d,"I mean, they did just that in Djibouti I believe, and Sri Lanka before. Hopefully Kenya can avoid the debt trap",SURPRISE,Emotion-Plausible
GoEmo_test_0789,pair_503e,"I mean, they did just that in Djibouti I believe, and Sri Lanka before. Hopefully Kenya can avoid the debt trap",NEUTRAL,Emotion-Plausible
GoEmo_test_0789,pair_503f,"I mean, they did just that in Djibouti I believe, and Sri Lanka before. Hopefully Kenya can avoid the debt trap",SADNESS,Emotion-Plausible
GoEmo_test_0789,pair_503g,"I mean, they did just that in Djibouti I believe, and Sri Lanka before. Hopefully Kenya can avoid the debt trap",JOY,Emotion-Plausible
GoEmo_test_0791,pair_504a,[NAME] is pretty cute...,ANGER,Emotion-Plausible
GoEmo_test_0791,pair_504b,[NAME] is pretty cute...,DISGUST,Emotion-Implausible
GoEmo_test_0791,pair_504c,[NAME] is pretty cute...,FEAR,Emotion-Plausible
GoEmo_test_0791,pair_504d,[NAME] is pretty cute...,SURPRISE,Emotion-Plausible
GoEmo_test_0791,pair_504e,[NAME] is pretty cute...,NEUTRAL,Emotion-Implausible
GoEmo_test_0791,pair_504f,[NAME] is pretty cute...,SADNESS,Emotion-Plausible
GoEmo_test_0791,pair_504g,[NAME] is pretty cute...,JOY,Emotion-Obvious
GoEmo_test_0792,pair_505a,"Interesting read, but horrible format on mobile.",ANGER,Emotion-Obvious
GoEmo_test_0792,pair_505b,"Interesting read, but horrible format on mobile.",DISGUST,Emotion-Plausible
GoEmo_test_0792,pair_505c,"Interesting read, but horrible format on mobile.",FEAR,Emotion-Plausible
GoEmo_test_0792,pair_505d,"Interesting read, but horrible format on mobile.",SURPRISE,Emotion-Plausible
GoEmo_test_0792,pair_505e,"Interesting read, but horrible format on mobile.",NEUTRAL,Emotion-Implausible
GoEmo_test_0792,pair_505f,"Interesting read, but horrible format on mobile.",SADNESS,Emotion-Plausible
GoEmo_test_0792,pair_505g,"Interesting read, but horrible format on mobile.",JOY,Emotion-Plausible
GoEmo_test_0794,pair_506a,You mean I shouldn't be doing treating it that way now?,ANGER,Emotion-Plausible
GoEmo_test_0794,pair_506b,You mean I shouldn't be doing treating it that way now?,DISGUST,Emotion-Implausible
GoEmo_test_0794,pair_506c,You mean I shouldn't be doing treating it that way now?,FEAR,Emotion-Plausible
GoEmo_test_0794,pair_506d,You mean I shouldn't be doing treating it that way now?,SURPRISE,Emotion-Obvious
GoEmo_test_0794,pair_506e,You mean I shouldn't be doing treating it that way now?,NEUTRAL,Emotion-Implausible
GoEmo_test_0794,pair_506f,You mean I shouldn't be doing treating it that way now?,SADNESS,Emotion-Plausible
GoEmo_test_0794,pair_506g,You mean I shouldn't be doing treating it that way now?,JOY,Emotion-Plausible
GoEmo_test_0798,pair_507a,I hear you buddy. I rage so hard my jaws lock,ANGER,Emotion-Obvious
GoEmo_test_0798,pair_507b,I hear you buddy. I rage so hard my jaws lock,DISGUST,Emotion-Implausible
GoEmo_test_0798,pair_507c,I hear you buddy. I rage so hard my jaws lock,FEAR,Emotion-Implausible
GoEmo_test_0798,pair_507d,I hear you buddy. I rage so hard my jaws lock,SURPRISE,Emotion-Implausible
GoEmo_test_0798,pair_507e,I hear you buddy. I rage so hard my jaws lock,NEUTRAL,Emotion-Implausible
GoEmo_test_0798,pair_507f,I hear you buddy. I rage so hard my jaws lock,SADNESS,Emotion-Implausible
GoEmo_test_0798,pair_507g,I hear you buddy. I rage so hard my jaws lock,JOY,Emotion-Plausible
GoEmo_test_0799,pair_508a,I haven't seen a single [NAME] article. But there have been a few [NAME] articles around recently.,ANGER,Emotion-Plausible
GoEmo_test_0799,pair_508b,I haven't seen a single [NAME] article. But there have been a few [NAME] articles around recently.,DISGUST,Emotion-Plausible
GoEmo_test_0799,pair_508c,I haven't seen a single [NAME] article. But there have been a few [NAME] articles around recently.,FEAR,Emotion-Plausible
GoEmo_test_0799,pair_508d,I haven't seen a single [NAME] article. But there have been a few [NAME] articles around recently.,SURPRISE,Emotion-Plausible
GoEmo_test_0799,pair_508e,I haven't seen a single [NAME] article. But there have been a few [NAME] articles around recently.,NEUTRAL,Emotion-Obvious
GoEmo_test_0799,pair_508f,I haven't seen a single [NAME] article. But there have been a few [NAME] articles around recently.,SADNESS,Emotion-Plausible
GoEmo_test_0799,pair_508g,I haven't seen a single [NAME] article. But there have been a few [NAME] articles around recently.,JOY,Emotion-Plausible
GoEmo_test_0800,pair_509a,It still wouldn't make sense. The problem isn't the looks,ANGER,Emotion-Plausible
GoEmo_test_0800,pair_509b,It still wouldn't make sense. The problem isn't the looks,DISGUST,Emotion-Plausible
GoEmo_test_0800,pair_509c,It still wouldn't make sense. The problem isn't the looks,FEAR,Emotion-Plausible
GoEmo_test_0800,pair_509d,It still wouldn't make sense. The problem isn't the looks,SURPRISE,Emotion-Implausible
GoEmo_test_0800,pair_509e,It still wouldn't make sense. The problem isn't the looks,NEUTRAL,Emotion-Implausible
GoEmo_test_0800,pair_509f,It still wouldn't make sense. The problem isn't the looks,SADNESS,Emotion-Plausible
GoEmo_test_0800,pair_509g,It still wouldn't make sense. The problem isn't the looks,JOY,Emotion-Implausible
GoEmo_test_0801,pair_510a,they already ruined their own lives by having an affair. the other spouse knowing is just a consequence of their selfish actions.,ANGER,Emotion-Obvious
GoEmo_test_0801,pair_510b,they already ruined their own lives by having an affair. the other spouse knowing is just a consequence of their selfish actions.,DISGUST,Emotion-Obvious
GoEmo_test_0801,pair_510c,they already ruined their own lives by having an affair. the other spouse knowing is just a consequence of their selfish actions.,FEAR,Emotion-Implausible
GoEmo_test_0801,pair_510d,they already ruined their own lives by having an affair. the other spouse knowing is just a consequence of their selfish actions.,SURPRISE,Emotion-Implausible
GoEmo_test_0801,pair_510e,they already ruined their own lives by having an affair. the other spouse knowing is just a consequence of their selfish actions.,NEUTRAL,Emotion-Implausible
GoEmo_test_0801,pair_510f,they already ruined their own lives by having an affair. the other spouse knowing is just a consequence of their selfish actions.,SADNESS,Emotion-Plausible
GoEmo_test_0801,pair_510g,they already ruined their own lives by having an affair. the other spouse knowing is just a consequence of their selfish actions.,JOY,Emotion-Plausible
GoEmo_test_0805,pair_511a,Fixed That For You,ANGER,Emotion-Plausible
GoEmo_test_0805,pair_511b,Fixed That For You,DISGUST,Emotion-Plausible
GoEmo_test_0805,pair_511c,Fixed That For You,FEAR,Emotion-Plausible
GoEmo_test_0805,pair_511d,Fixed That For You,SURPRISE,Emotion-Plausible
GoEmo_test_0805,pair_511e,Fixed That For You,NEUTRAL,Emotion-Plausible
GoEmo_test_0805,pair_511f,Fixed That For You,SADNESS,Emotion-Plausible
GoEmo_test_0805,pair_511g,Fixed That For You,JOY,Emotion-Plausible
GoEmo_test_0806,pair_512a,And then they got shot down,ANGER,Emotion-Plausible
GoEmo_test_0806,pair_512b,And then they got shot down,DISGUST,Emotion-Plausible
GoEmo_test_0806,pair_512c,And then they got shot down,FEAR,Emotion-Plausible
GoEmo_test_0806,pair_512d,And then they got shot down,SURPRISE,Emotion-Plausible
GoEmo_test_0806,pair_512e,And then they got shot down,NEUTRAL,Emotion-Implausible
GoEmo_test_0806,pair_512f,And then they got shot down,SADNESS,Emotion-Obvious
GoEmo_test_0806,pair_512g,And then they got shot down,JOY,Emotion-Plausible
GoEmo_test_0808,pair_513a,... [NAME] derangement syndrome sufferer spotted. What drivel you crazy lunatics say... The lies and falsehoods along with the out of place fearmongering is getting really annoying...,ANGER,Emotion-Obvious
GoEmo_test_0808,pair_513b,... [NAME] derangement syndrome sufferer spotted. What drivel you crazy lunatics say... The lies and falsehoods along with the out of place fearmongering is getting really annoying...,DISGUST,Emotion-Obvious
GoEmo_test_0808,pair_513c,... [NAME] derangement syndrome sufferer spotted. What drivel you crazy lunatics say... The lies and falsehoods along with the out of place fearmongering is getting really annoying...,FEAR,Emotion-Implausible
GoEmo_test_0808,pair_513d,... [NAME] derangement syndrome sufferer spotted. What drivel you crazy lunatics say... The lies and falsehoods along with the out of place fearmongering is getting really annoying...,SURPRISE,Emotion-Implausible
GoEmo_test_0808,pair_513e,... [NAME] derangement syndrome sufferer spotted. What drivel you crazy lunatics say... The lies and falsehoods along with the out of place fearmongering is getting really annoying...,NEUTRAL,Emotion-Implausible
GoEmo_test_0808,pair_513f,... [NAME] derangement syndrome sufferer spotted. What drivel you crazy lunatics say... The lies and falsehoods along with the out of place fearmongering is getting really annoying...,SADNESS,Emotion-Plausible
GoEmo_test_0808,pair_513g,... [NAME] derangement syndrome sufferer spotted. What drivel you crazy lunatics say... The lies and falsehoods along with the out of place fearmongering is getting really annoying...,JOY,Emotion-Implausible
GoEmo_test_0811,pair_514a,Do not use logic dude. Not cool.,ANGER,Emotion-Plausible
GoEmo_test_0811,pair_514b,Do not use logic dude. Not cool.,DISGUST,Emotion-Plausible
GoEmo_test_0811,pair_514c,Do not use logic dude. Not cool.,FEAR,Emotion-Plausible
GoEmo_test_0811,pair_514d,Do not use logic dude. Not cool.,SURPRISE,Emotion-Plausible
GoEmo_test_0811,pair_514e,Do not use logic dude. Not cool.,NEUTRAL,Emotion-Implausible
GoEmo_test_0811,pair_514f,Do not use logic dude. Not cool.,SADNESS,Emotion-Plausible
GoEmo_test_0811,pair_514g,Do not use logic dude. Not cool.,JOY,Emotion-Plausible
GoEmo_test_0812,pair_515a,AOC used the exact version that [NAME] had been pushing for years. So it's no surprise that its nuclear-phobic.,ANGER,Emotion-Obvious
GoEmo_test_0812,pair_515b,AOC used the exact version that [NAME] had been pushing for years. So it's no surprise that its nuclear-phobic.,DISGUST,Emotion-Plausible
GoEmo_test_0812,pair_515c,AOC used the exact version that [NAME] had been pushing for years. So it's no surprise that its nuclear-phobic.,FEAR,Emotion-Plausible
GoEmo_test_0812,pair_515d,AOC used the exact version that [NAME] had been pushing for years. So it's no surprise that its nuclear-phobic.,SURPRISE,Emotion-Implausible
GoEmo_test_0812,pair_515e,AOC used the exact version that [NAME] had been pushing for years. So it's no surprise that its nuclear-phobic.,NEUTRAL,Emotion-Implausible
GoEmo_test_0812,pair_515f,AOC used the exact version that [NAME] had been pushing for years. So it's no surprise that its nuclear-phobic.,SADNESS,Emotion-Plausible
GoEmo_test_0812,pair_515g,AOC used the exact version that [NAME] had been pushing for years. So it's no surprise that its nuclear-phobic.,JOY,Emotion-Plausible
GoEmo_test_0813,pair_516a,4. Go out and show [NAME] is still a stud and free agents should want to come here and play with our young core,ANGER,Emotion-Plausible
GoEmo_test_0813,pair_516b,4. Go out and show [NAME] is still a stud and free agents should want to come here and play with our young core,DISGUST,Emotion-Implausible
GoEmo_test_0813,pair_516c,4. Go out and show [NAME] is still a stud and free agents should want to come here and play with our young core,FEAR,Emotion-Implausible
GoEmo_test_0813,pair_516d,4. Go out and show [NAME] is still a stud and free agents should want to come here and play with our young core,SURPRISE,Emotion-Plausible
GoEmo_test_0813,pair_516e,4. Go out and show [NAME] is still a stud and free agents should want to come here and play with our young core,NEUTRAL,Emotion-Implausible
GoEmo_test_0813,pair_516f,4. Go out and show [NAME] is still a stud and free agents should want to come here and play with our young core,SADNESS,Emotion-Plausible
GoEmo_test_0813,pair_516g,4. Go out and show [NAME] is still a stud and free agents should want to come here and play with our young core,JOY,Emotion-Obvious
GoEmo_test_0815,pair_517a,Want too big and lean to be naturally achievable.,ANGER,Emotion-Plausible
GoEmo_test_0815,pair_517b,Want too big and lean to be naturally achievable.,DISGUST,Emotion-Plausible
GoEmo_test_0815,pair_517c,Want too big and lean to be naturally achievable.,FEAR,Emotion-Plausible
GoEmo_test_0815,pair_517d,Want too big and lean to be naturally achievable.,SURPRISE,Emotion-Plausible
GoEmo_test_0815,pair_517e,Want too big and lean to be naturally achievable.,NEUTRAL,Emotion-Implausible
GoEmo_test_0815,pair_517f,Want too big and lean to be naturally achievable.,SADNESS,Emotion-Plausible
GoEmo_test_0815,pair_517g,Want too big and lean to be naturally achievable.,JOY,Emotion-Plausible
GoEmo_test_0817,pair_518a,Drive safely now.,ANGER,Emotion-Plausible
GoEmo_test_0817,pair_518b,Drive safely now.,DISGUST,Emotion-Implausible
GoEmo_test_0817,pair_518c,Drive safely now.,FEAR,Emotion-Plausible
GoEmo_test_0817,pair_518d,Drive safely now.,SURPRISE,Emotion-Plausible
GoEmo_test_0817,pair_518e,Drive safely now.,NEUTRAL,Emotion-Obvious
GoEmo_test_0817,pair_518f,Drive safely now.,SADNESS,Emotion-Plausible
GoEmo_test_0817,pair_518g,Drive safely now.,JOY,Emotion-Plausible
GoEmo_test_0818,pair_519a,Uhhh I want someone to do this for me!,ANGER,Emotion-Plausible
GoEmo_test_0818,pair_519b,Uhhh I want someone to do this for me!,DISGUST,Emotion-Plausible
GoEmo_test_0818,pair_519c,Uhhh I want someone to do this for me!,FEAR,Emotion-Implausible
GoEmo_test_0818,pair_519d,Uhhh I want someone to do this for me!,SURPRISE,Emotion-Implausible
GoEmo_test_0818,pair_519e,Uhhh I want someone to do this for me!,NEUTRAL,Emotion-Implausible
GoEmo_test_0818,pair_519f,Uhhh I want someone to do this for me!,SADNESS,Emotion-Plausible
GoEmo_test_0818,pair_519g,Uhhh I want someone to do this for me!,JOY,Emotion-Plausible
GoEmo_test_0819,pair_520a,Really? First I’ve heard of it lol.,ANGER,Emotion-Implausible
GoEmo_test_0819,pair_520b,Really? First I’ve heard of it lol.,DISGUST,Emotion-Implausible
GoEmo_test_0819,pair_520c,Really? First I’ve heard of it lol.,FEAR,Emotion-Plausible
GoEmo_test_0819,pair_520d,Really? First I’ve heard of it lol.,SURPRISE,Emotion-Obvious
GoEmo_test_0819,pair_520e,Really? First I’ve heard of it lol.,NEUTRAL,Emotion-Implausible
GoEmo_test_0819,pair_520f,Really? First I’ve heard of it lol.,SADNESS,Emotion-Plausible
GoEmo_test_0819,pair_520g,Really? First I’ve heard of it lol.,JOY,Emotion-Obvious
GoEmo_test_0822,pair_521a,Please treat me with modern medicine. I have gastroparisis.,ANGER,Emotion-Plausible
GoEmo_test_0822,pair_521b,Please treat me with modern medicine. I have gastroparisis.,DISGUST,Emotion-Implausible
GoEmo_test_0822,pair_521c,Please treat me with modern medicine. I have gastroparisis.,FEAR,Emotion-Plausible
GoEmo_test_0822,pair_521d,Please treat me with modern medicine. I have gastroparisis.,SURPRISE,Emotion-Implausible
GoEmo_test_0822,pair_521e,Please treat me with modern medicine. I have gastroparisis.,NEUTRAL,Emotion-Obvious
GoEmo_test_0822,pair_521f,Please treat me with modern medicine. I have gastroparisis.,SADNESS,Emotion-Plausible
GoEmo_test_0822,pair_521g,Please treat me with modern medicine. I have gastroparisis.,JOY,Emotion-Implausible
GoEmo_test_0823,pair_522a,Again it's weed not heroin. Smoke it. Or sell it.,ANGER,Emotion-Obvious
GoEmo_test_0823,pair_522b,Again it's weed not heroin. Smoke it. Or sell it.,DISGUST,Emotion-Plausible
GoEmo_test_0823,pair_522c,Again it's weed not heroin. Smoke it. Or sell it.,FEAR,Emotion-Implausible
GoEmo_test_0823,pair_522d,Again it's weed not heroin. Smoke it. Or sell it.,SURPRISE,Emotion-Plausible
GoEmo_test_0823,pair_522e,Again it's weed not heroin. Smoke it. Or sell it.,NEUTRAL,Emotion-Implausible
GoEmo_test_0823,pair_522f,Again it's weed not heroin. Smoke it. Or sell it.,SADNESS,Emotion-Plausible
GoEmo_test_0823,pair_522g,Again it's weed not heroin. Smoke it. Or sell it.,JOY,Emotion-Plausible
GoEmo_test_0826,pair_523a,Praise the [NAME] for REALITY! WOOF!!!!!,ANGER,Emotion-Plausible
GoEmo_test_0826,pair_523b,Praise the [NAME] for REALITY! WOOF!!!!!,DISGUST,Emotion-Plausible
GoEmo_test_0826,pair_523c,Praise the [NAME] for REALITY! WOOF!!!!!,FEAR,Emotion-Implausible
GoEmo_test_0826,pair_523d,Praise the [NAME] for REALITY! WOOF!!!!!,SURPRISE,Emotion-Plausible
GoEmo_test_0826,pair_523e,Praise the [NAME] for REALITY! WOOF!!!!!,NEUTRAL,Emotion-Implausible
GoEmo_test_0826,pair_523f,Praise the [NAME] for REALITY! WOOF!!!!!,SADNESS,Emotion-Implausible
GoEmo_test_0826,pair_523g,Praise the [NAME] for REALITY! WOOF!!!!!,JOY,Emotion-Obvious
GoEmo_test_0827,pair_524a,"No, it means you have a problem with homophobia and paranoia. A big one. No pun intended.",ANGER,Emotion-Plausible
GoEmo_test_0827,pair_524b,"No, it means you have a problem with homophobia and paranoia. A big one. No pun intended.",DISGUST,Emotion-Implausible
GoEmo_test_0827,pair_524c,"No, it means you have a problem with homophobia and paranoia. A big one. No pun intended.",FEAR,Emotion-Plausible
GoEmo_test_0827,pair_524d,"No, it means you have a problem with homophobia and paranoia. A big one. No pun intended.",SURPRISE,Emotion-Implausible
GoEmo_test_0827,pair_524e,"No, it means you have a problem with homophobia and paranoia. A big one. No pun intended.",NEUTRAL,Emotion-Implausible
GoEmo_test_0827,pair_524f,"No, it means you have a problem with homophobia and paranoia. A big one. No pun intended.",SADNESS,Emotion-Implausible
GoEmo_test_0827,pair_524g,"No, it means you have a problem with homophobia and paranoia. A big one. No pun intended.",JOY,Emotion-Implausible
GoEmo_test_0828,pair_525a,You have to have a high IQ to understand Rick and Morty.,ANGER,Emotion-Plausible
GoEmo_test_0828,pair_525b,You have to have a high IQ to understand Rick and Morty.,DISGUST,Emotion-Implausible
GoEmo_test_0828,pair_525c,You have to have a high IQ to understand Rick and Morty.,FEAR,Emotion-Plausible
GoEmo_test_0828,pair_525d,You have to have a high IQ to understand Rick and Morty.,SURPRISE,Emotion-Plausible
GoEmo_test_0828,pair_525e,You have to have a high IQ to understand Rick and Morty.,NEUTRAL,Emotion-Plausible
GoEmo_test_0828,pair_525f,You have to have a high IQ to understand Rick and Morty.,SADNESS,Emotion-Plausible
GoEmo_test_0828,pair_525g,You have to have a high IQ to understand Rick and Morty.,JOY,Emotion-Plausible
GoEmo_test_0829,pair_526a,One of the most posted things on reddit. Please delete,ANGER,Emotion-Obvious
GoEmo_test_0829,pair_526b,One of the most posted things on reddit. Please delete,DISGUST,Emotion-Plausible
GoEmo_test_0829,pair_526c,One of the most posted things on reddit. Please delete,FEAR,Emotion-Implausible
GoEmo_test_0829,pair_526d,One of the most posted things on reddit. Please delete,SURPRISE,Emotion-Implausible
GoEmo_test_0829,pair_526e,One of the most posted things on reddit. Please delete,NEUTRAL,Emotion-Plausible
GoEmo_test_0829,pair_526f,One of the most posted things on reddit. Please delete,SADNESS,Emotion-Plausible
GoEmo_test_0829,pair_526g,One of the most posted things on reddit. Please delete,JOY,Emotion-Plausible
GoEmo_test_0830,pair_527a,Not sure if guys like that are better or worse than regular Incels.,ANGER,Emotion-Plausible
GoEmo_test_0830,pair_527b,Not sure if guys like that are better or worse than regular Incels.,DISGUST,Emotion-Plausible
GoEmo_test_0830,pair_527c,Not sure if guys like that are better or worse than regular Incels.,FEAR,Emotion-Plausible
GoEmo_test_0830,pair_527d,Not sure if guys like that are better or worse than regular Incels.,SURPRISE,Emotion-Plausible
GoEmo_test_0830,pair_527e,Not sure if guys like that are better or worse than regular Incels.,NEUTRAL,Emotion-Implausible
GoEmo_test_0830,pair_527f,Not sure if guys like that are better or worse than regular Incels.,SADNESS,Emotion-Plausible
GoEmo_test_0830,pair_527g,Not sure if guys like that are better or worse than regular Incels.,JOY,Emotion-Plausible
GoEmo_test_0832,pair_528a,Then why isn't he the one wanding people?,ANGER,Emotion-Obvious
GoEmo_test_0832,pair_528b,Then why isn't he the one wanding people?,DISGUST,Emotion-Plausible
GoEmo_test_0832,pair_528c,Then why isn't he the one wanding people?,FEAR,Emotion-Plausible
GoEmo_test_0832,pair_528d,Then why isn't he the one wanding people?,SURPRISE,Emotion-Obvious
GoEmo_test_0832,pair_528e,Then why isn't he the one wanding people?,NEUTRAL,Emotion-Plausible
GoEmo_test_0832,pair_528f,Then why isn't he the one wanding people?,SADNESS,Emotion-Plausible
GoEmo_test_0832,pair_528g,Then why isn't he the one wanding people?,JOY,Emotion-Plausible
GoEmo_test_0834,pair_529a,What a finish,ANGER,Emotion-Plausible
GoEmo_test_0834,pair_529b,What a finish,DISGUST,Emotion-Plausible
GoEmo_test_0834,pair_529c,What a finish,FEAR,Emotion-Plausible
GoEmo_test_0834,pair_529d,What a finish,SURPRISE,Emotion-Obvious
GoEmo_test_0834,pair_529e,What a finish,NEUTRAL,Emotion-Implausible
GoEmo_test_0834,pair_529f,What a finish,SADNESS,Emotion-Plausible
GoEmo_test_0834,pair_529g,What a finish,JOY,Emotion-Obvious
GoEmo_test_0835,pair_530a,That’s funny to me because all of the teachers of the month this year (with 1 exception) have been science.,ANGER,Emotion-Plausible
GoEmo_test_0835,pair_530b,That’s funny to me because all of the teachers of the month this year (with 1 exception) have been science.,DISGUST,Emotion-Plausible
GoEmo_test_0835,pair_530c,That’s funny to me because all of the teachers of the month this year (with 1 exception) have been science.,FEAR,Emotion-Implausible
GoEmo_test_0835,pair_530d,That’s funny to me because all of the teachers of the month this year (with 1 exception) have been science.,SURPRISE,Emotion-Plausible
GoEmo_test_0835,pair_530e,That’s funny to me because all of the teachers of the month this year (with 1 exception) have been science.,NEUTRAL,Emotion-Implausible
GoEmo_test_0835,pair_530f,That’s funny to me because all of the teachers of the month this year (with 1 exception) have been science.,SADNESS,Emotion-Implausible
GoEmo_test_0835,pair_530g,That’s funny to me because all of the teachers of the month this year (with 1 exception) have been science.,JOY,Emotion-Plausible
GoEmo_test_0836,pair_531a,These refs are remarkably terrible tonight. So are the sabres but wow some terrible calls.,ANGER,Emotion-Plausible
GoEmo_test_0836,pair_531b,These refs are remarkably terrible tonight. So are the sabres but wow some terrible calls.,DISGUST,Emotion-Obvious
GoEmo_test_0836,pair_531c,These refs are remarkably terrible tonight. So are the sabres but wow some terrible calls.,FEAR,Emotion-Plausible
GoEmo_test_0836,pair_531d,These refs are remarkably terrible tonight. So are the sabres but wow some terrible calls.,SURPRISE,Emotion-Obvious
GoEmo_test_0836,pair_531e,These refs are remarkably terrible tonight. So are the sabres but wow some terrible calls.,NEUTRAL,Emotion-Implausible
GoEmo_test_0836,pair_531f,These refs are remarkably terrible tonight. So are the sabres but wow some terrible calls.,SADNESS,Emotion-Plausible
GoEmo_test_0836,pair_531g,These refs are remarkably terrible tonight. So are the sabres but wow some terrible calls.,JOY,Emotion-Implausible
GoEmo_test_0837,pair_532a,I'm glad you have someone to help you out! Perhaps over time you'll find it easier.,ANGER,Emotion-Plausible
GoEmo_test_0837,pair_532b,I'm glad you have someone to help you out! Perhaps over time you'll find it easier.,DISGUST,Emotion-Implausible
GoEmo_test_0837,pair_532c,I'm glad you have someone to help you out! Perhaps over time you'll find it easier.,FEAR,Emotion-Implausible
GoEmo_test_0837,pair_532d,I'm glad you have someone to help you out! Perhaps over time you'll find it easier.,SURPRISE,Emotion-Plausible
GoEmo_test_0837,pair_532e,I'm glad you have someone to help you out! Perhaps over time you'll find it easier.,NEUTRAL,Emotion-Implausible
GoEmo_test_0837,pair_532f,I'm glad you have someone to help you out! Perhaps over time you'll find it easier.,SADNESS,Emotion-Plausible
GoEmo_test_0837,pair_532g,I'm glad you have someone to help you out! Perhaps over time you'll find it easier.,JOY,Emotion-Obvious
GoEmo_test_0838,pair_533a,What a nutbar lol,ANGER,Emotion-Plausible
GoEmo_test_0838,pair_533b,What a nutbar lol,DISGUST,Emotion-Plausible
GoEmo_test_0838,pair_533c,What a nutbar lol,FEAR,Emotion-Plausible
GoEmo_test_0838,pair_533d,What a nutbar lol,SURPRISE,Emotion-Obvious
GoEmo_test_0838,pair_533e,What a nutbar lol,NEUTRAL,Emotion-Implausible
GoEmo_test_0838,pair_533f,What a nutbar lol,SADNESS,Emotion-Implausible
GoEmo_test_0838,pair_533g,What a nutbar lol,JOY,Emotion-Obvious
GoEmo_test_0840,pair_534a,Guilty as well!,ANGER,Emotion-Plausible
GoEmo_test_0840,pair_534b,Guilty as well!,DISGUST,Emotion-Plausible
GoEmo_test_0840,pair_534c,Guilty as well!,FEAR,Emotion-Plausible
GoEmo_test_0840,pair_534d,Guilty as well!,SURPRISE,Emotion-Plausible
GoEmo_test_0840,pair_534e,Guilty as well!,NEUTRAL,Emotion-Implausible
GoEmo_test_0840,pair_534f,Guilty as well!,SADNESS,Emotion-Plausible
GoEmo_test_0840,pair_534g,Guilty as well!,JOY,Emotion-Plausible
GoEmo_test_0841,pair_535a,I have crowns and I thought I needed a mouth guard but it seems like I don’t anymore.,ANGER,Emotion-Plausible
GoEmo_test_0841,pair_535b,I have crowns and I thought I needed a mouth guard but it seems like I don’t anymore.,DISGUST,Emotion-Implausible
GoEmo_test_0841,pair_535c,I have crowns and I thought I needed a mouth guard but it seems like I don’t anymore.,FEAR,Emotion-Plausible
GoEmo_test_0841,pair_535d,I have crowns and I thought I needed a mouth guard but it seems like I don’t anymore.,SURPRISE,Emotion-Plausible
GoEmo_test_0841,pair_535e,I have crowns and I thought I needed a mouth guard but it seems like I don’t anymore.,NEUTRAL,Emotion-Plausible
GoEmo_test_0841,pair_535f,I have crowns and I thought I needed a mouth guard but it seems like I don’t anymore.,SADNESS,Emotion-Implausible
GoEmo_test_0841,pair_535g,I have crowns and I thought I needed a mouth guard but it seems like I don’t anymore.,JOY,Emotion-Obvious
GoEmo_test_0842,pair_536a,"Thanks so much, I appreciate the feedback and will send it along the way.",ANGER,Emotion-Plausible
GoEmo_test_0842,pair_536b,"Thanks so much, I appreciate the feedback and will send it along the way.",DISGUST,Emotion-Implausible
GoEmo_test_0842,pair_536c,"Thanks so much, I appreciate the feedback and will send it along the way.",FEAR,Emotion-Implausible
GoEmo_test_0842,pair_536d,"Thanks so much, I appreciate the feedback and will send it along the way.",SURPRISE,Emotion-Plausible
GoEmo_test_0842,pair_536e,"Thanks so much, I appreciate the feedback and will send it along the way.",NEUTRAL,Emotion-Implausible
GoEmo_test_0842,pair_536f,"Thanks so much, I appreciate the feedback and will send it along the way.",SADNESS,Emotion-Implausible
GoEmo_test_0842,pair_536g,"Thanks so much, I appreciate the feedback and will send it along the way.",JOY,Emotion-Obvious
GoEmo_test_0843,pair_537a,I'll be surprised if *Monty Python's Life of Brian* wasn't one of those.,ANGER,Emotion-Plausible
GoEmo_test_0843,pair_537b,I'll be surprised if *Monty Python's Life of Brian* wasn't one of those.,DISGUST,Emotion-Implausible
GoEmo_test_0843,pair_537c,I'll be surprised if *Monty Python's Life of Brian* wasn't one of those.,FEAR,Emotion-Plausible
GoEmo_test_0843,pair_537d,I'll be surprised if *Monty Python's Life of Brian* wasn't one of those.,SURPRISE,Emotion-Obvious
GoEmo_test_0843,pair_537e,I'll be surprised if *Monty Python's Life of Brian* wasn't one of those.,NEUTRAL,Emotion-Implausible
GoEmo_test_0843,pair_537f,I'll be surprised if *Monty Python's Life of Brian* wasn't one of those.,SADNESS,Emotion-Plausible
GoEmo_test_0843,pair_537g,I'll be surprised if *Monty Python's Life of Brian* wasn't one of those.,JOY,Emotion-Plausible
GoEmo_test_0844,pair_538a,Well that's disgusting,ANGER,Emotion-Plausible
GoEmo_test_0844,pair_538b,Well that's disgusting,DISGUST,Emotion-Obvious
GoEmo_test_0844,pair_538c,Well that's disgusting,FEAR,Emotion-Plausible
GoEmo_test_0844,pair_538d,Well that's disgusting,SURPRISE,Emotion-Plausible
GoEmo_test_0844,pair_538e,Well that's disgusting,NEUTRAL,Emotion-Implausible
GoEmo_test_0844,pair_538f,Well that's disgusting,SADNESS,Emotion-Plausible
GoEmo_test_0844,pair_538g,Well that's disgusting,JOY,Emotion-Implausible
GoEmo_test_0845,pair_539a,"Like at the time, he wasn't one of the best defenders in the league. But grew into one.",ANGER,Emotion-Plausible
GoEmo_test_0845,pair_539b,"Like at the time, he wasn't one of the best defenders in the league. But grew into one.",DISGUST,Emotion-Implausible
GoEmo_test_0845,pair_539c,"Like at the time, he wasn't one of the best defenders in the league. But grew into one.",FEAR,Emotion-Implausible
GoEmo_test_0845,pair_539d,"Like at the time, he wasn't one of the best defenders in the league. But grew into one.",SURPRISE,Emotion-Plausible
GoEmo_test_0845,pair_539e,"Like at the time, he wasn't one of the best defenders in the league. But grew into one.",NEUTRAL,Emotion-Obvious
GoEmo_test_0845,pair_539f,"Like at the time, he wasn't one of the best defenders in the league. But grew into one.",SADNESS,Emotion-Implausible
GoEmo_test_0845,pair_539g,"Like at the time, he wasn't one of the best defenders in the league. But grew into one.",JOY,Emotion-Plausible
GoEmo_test_0846,pair_540a,"Yeah, and in Brazil we write only in cursive so I don't get those people.",ANGER,Emotion-Obvious
GoEmo_test_0846,pair_540b,"Yeah, and in Brazil we write only in cursive so I don't get those people.",DISGUST,Emotion-Plausible
GoEmo_test_0846,pair_540c,"Yeah, and in Brazil we write only in cursive so I don't get those people.",FEAR,Emotion-Implausible
GoEmo_test_0846,pair_540d,"Yeah, and in Brazil we write only in cursive so I don't get those people.",SURPRISE,Emotion-Plausible
GoEmo_test_0846,pair_540e,"Yeah, and in Brazil we write only in cursive so I don't get those people.",NEUTRAL,Emotion-Plausible
GoEmo_test_0846,pair_540f,"Yeah, and in Brazil we write only in cursive so I don't get those people.",SADNESS,Emotion-Plausible
GoEmo_test_0846,pair_540g,"Yeah, and in Brazil we write only in cursive so I don't get those people.",JOY,Emotion-Plausible
GoEmo_test_0847,pair_541a,It hasn’t happened yet. Just talk to the supervisor or HR. In the meantime don’t borrow trouble.,ANGER,Emotion-Plausible
GoEmo_test_0847,pair_541b,It hasn’t happened yet. Just talk to the supervisor or HR. In the meantime don’t borrow trouble.,DISGUST,Emotion-Implausible
GoEmo_test_0847,pair_541c,It hasn’t happened yet. Just talk to the supervisor or HR. In the meantime don’t borrow trouble.,FEAR,Emotion-Plausible
GoEmo_test_0847,pair_541d,It hasn’t happened yet. Just talk to the supervisor or HR. In the meantime don’t borrow trouble.,SURPRISE,Emotion-Plausible
GoEmo_test_0847,pair_541e,It hasn’t happened yet. Just talk to the supervisor or HR. In the meantime don’t borrow trouble.,NEUTRAL,Emotion-Obvious
GoEmo_test_0847,pair_541f,It hasn’t happened yet. Just talk to the supervisor or HR. In the meantime don’t borrow trouble.,SADNESS,Emotion-Plausible
GoEmo_test_0847,pair_541g,It hasn’t happened yet. Just talk to the supervisor or HR. In the meantime don’t borrow trouble.,JOY,Emotion-Plausible
GoEmo_test_0850,pair_542a,They are both good in their own way. But the us is funnier lol,ANGER,Emotion-Implausible
GoEmo_test_0850,pair_542b,They are both good in their own way. But the us is funnier lol,DISGUST,Emotion-Implausible
GoEmo_test_0850,pair_542c,They are both good in their own way. But the us is funnier lol,FEAR,Emotion-Implausible
GoEmo_test_0850,pair_542d,They are both good in their own way. But the us is funnier lol,SURPRISE,Emotion-Plausible
GoEmo_test_0850,pair_542e,They are both good in their own way. But the us is funnier lol,NEUTRAL,Emotion-Implausible
GoEmo_test_0850,pair_542f,They are both good in their own way. But the us is funnier lol,SADNESS,Emotion-Implausible
GoEmo_test_0850,pair_542g,They are both good in their own way. But the us is funnier lol,JOY,Emotion-Obvious
GoEmo_test_0851,pair_543a,Did you kill the shark to get the shark teeth for your necklace yourself or was it premade? Thanks [NAME]!,ANGER,Emotion-Plausible
GoEmo_test_0851,pair_543b,Did you kill the shark to get the shark teeth for your necklace yourself or was it premade? Thanks [NAME]!,DISGUST,Emotion-Plausible
GoEmo_test_0851,pair_543c,Did you kill the shark to get the shark teeth for your necklace yourself or was it premade? Thanks [NAME]!,FEAR,Emotion-Plausible
GoEmo_test_0851,pair_543d,Did you kill the shark to get the shark teeth for your necklace yourself or was it premade? Thanks [NAME]!,SURPRISE,Emotion-Plausible
GoEmo_test_0851,pair_543e,Did you kill the shark to get the shark teeth for your necklace yourself or was it premade? Thanks [NAME]!,NEUTRAL,Emotion-Obvious
GoEmo_test_0851,pair_543f,Did you kill the shark to get the shark teeth for your necklace yourself or was it premade? Thanks [NAME]!,SADNESS,Emotion-Plausible
GoEmo_test_0851,pair_543g,Did you kill the shark to get the shark teeth for your necklace yourself or was it premade? Thanks [NAME]!,JOY,Emotion-Plausible
GoEmo_test_0852,pair_544a,I’m starting to worry that [NAME] is not okay,ANGER,Emotion-Plausible
GoEmo_test_0852,pair_544b,I’m starting to worry that [NAME] is not okay,DISGUST,Emotion-Plausible
GoEmo_test_0852,pair_544c,I’m starting to worry that [NAME] is not okay,FEAR,Emotion-Obvious
GoEmo_test_0852,pair_544d,I’m starting to worry that [NAME] is not okay,SURPRISE,Emotion-Plausible
GoEmo_test_0852,pair_544e,I’m starting to worry that [NAME] is not okay,NEUTRAL,Emotion-Implausible
GoEmo_test_0852,pair_544f,I’m starting to worry that [NAME] is not okay,SADNESS,Emotion-Obvious
GoEmo_test_0852,pair_544g,I’m starting to worry that [NAME] is not okay,JOY,Emotion-Implausible
GoEmo_test_0853,pair_545a,"I'll see what I can do, thanks man.",ANGER,Emotion-Implausible
GoEmo_test_0853,pair_545b,"I'll see what I can do, thanks man.",DISGUST,Emotion-Implausible
GoEmo_test_0853,pair_545c,"I'll see what I can do, thanks man.",FEAR,Emotion-Plausible
GoEmo_test_0853,pair_545d,"I'll see what I can do, thanks man.",SURPRISE,Emotion-Implausible
GoEmo_test_0853,pair_545e,"I'll see what I can do, thanks man.",NEUTRAL,Emotion-Obvious
GoEmo_test_0853,pair_545f,"I'll see what I can do, thanks man.",SADNESS,Emotion-Plausible
GoEmo_test_0853,pair_545g,"I'll see what I can do, thanks man.",JOY,Emotion-Plausible
GoEmo_test_0855,pair_546a,"well, most of them won't even get that far because the second you start explaining it they plug their ears and start screaming about socialism.",ANGER,Emotion-Obvious
GoEmo_test_0855,pair_546b,"well, most of them won't even get that far because the second you start explaining it they plug their ears and start screaming about socialism.",DISGUST,Emotion-Plausible
GoEmo_test_0855,pair_546c,"well, most of them won't even get that far because the second you start explaining it they plug their ears and start screaming about socialism.",FEAR,Emotion-Plausible
GoEmo_test_0855,pair_546d,"well, most of them won't even get that far because the second you start explaining it they plug their ears and start screaming about socialism.",SURPRISE,Emotion-Implausible
GoEmo_test_0855,pair_546e,"well, most of them won't even get that far because the second you start explaining it they plug their ears and start screaming about socialism.",NEUTRAL,Emotion-Implausible
GoEmo_test_0855,pair_546f,"well, most of them won't even get that far because the second you start explaining it they plug their ears and start screaming about socialism.",SADNESS,Emotion-Plausible
GoEmo_test_0855,pair_546g,"well, most of them won't even get that far because the second you start explaining it they plug their ears and start screaming about socialism.",JOY,Emotion-Plausible
GoEmo_test_0856,pair_547a,"""Moose killed my parents.""",ANGER,Emotion-Plausible
GoEmo_test_0856,pair_547b,"""Moose killed my parents.""",DISGUST,Emotion-Implausible
GoEmo_test_0856,pair_547c,"""Moose killed my parents.""",FEAR,Emotion-Plausible
GoEmo_test_0856,pair_547d,"""Moose killed my parents.""",SURPRISE,Emotion-Obvious
GoEmo_test_0856,pair_547e,"""Moose killed my parents.""",NEUTRAL,Emotion-Plausible
GoEmo_test_0856,pair_547f,"""Moose killed my parents.""",SADNESS,Emotion-Obvious
GoEmo_test_0856,pair_547g,"""Moose killed my parents.""",JOY,Emotion-Plausible
GoEmo_test_0857,pair_548a,I’ve exposed on social media. It made me feel better so I don’t care what anyway has to say about it.,ANGER,Emotion-Obvious
GoEmo_test_0857,pair_548b,I’ve exposed on social media. It made me feel better so I don’t care what anyway has to say about it.,DISGUST,Emotion-Plausible
GoEmo_test_0857,pair_548c,I’ve exposed on social media. It made me feel better so I don’t care what anyway has to say about it.,FEAR,Emotion-Implausible
GoEmo_test_0857,pair_548d,I’ve exposed on social media. It made me feel better so I don’t care what anyway has to say about it.,SURPRISE,Emotion-Implausible
GoEmo_test_0857,pair_548e,I’ve exposed on social media. It made me feel better so I don’t care what anyway has to say about it.,NEUTRAL,Emotion-Implausible
GoEmo_test_0857,pair_548f,I’ve exposed on social media. It made me feel better so I don’t care what anyway has to say about it.,SADNESS,Emotion-Plausible
GoEmo_test_0857,pair_548g,I’ve exposed on social media. It made me feel better so I don’t care what anyway has to say about it.,JOY,Emotion-Obvious
GoEmo_test_0858,pair_549a,"It doesn’t work as well as you’d think, but thanks either way",ANGER,Emotion-Plausible
GoEmo_test_0858,pair_549b,"It doesn’t work as well as you’d think, but thanks either way",DISGUST,Emotion-Implausible
GoEmo_test_0858,pair_549c,"It doesn’t work as well as you’d think, but thanks either way",FEAR,Emotion-Implausible
GoEmo_test_0858,pair_549d,"It doesn’t work as well as you’d think, but thanks either way",SURPRISE,Emotion-Plausible
GoEmo_test_0858,pair_549e,"It doesn’t work as well as you’d think, but thanks either way",NEUTRAL,Emotion-Obvious
GoEmo_test_0858,pair_549f,"It doesn’t work as well as you’d think, but thanks either way",SADNESS,Emotion-Plausible
GoEmo_test_0858,pair_549g,"It doesn’t work as well as you’d think, but thanks either way",JOY,Emotion-Plausible
GoEmo_test_0859,pair_550a,This was very helpful to me. Thanks for explaining it so well.,ANGER,Emotion-Plausible
GoEmo_test_0859,pair_550b,This was very helpful to me. Thanks for explaining it so well.,DISGUST,Emotion-Plausible
GoEmo_test_0859,pair_550c,This was very helpful to me. Thanks for explaining it so well.,FEAR,Emotion-Implausible
GoEmo_test_0859,pair_550d,This was very helpful to me. Thanks for explaining it so well.,SURPRISE,Emotion-Plausible
GoEmo_test_0859,pair_550e,This was very helpful to me. Thanks for explaining it so well.,NEUTRAL,Emotion-Implausible
GoEmo_test_0859,pair_550f,This was very helpful to me. Thanks for explaining it so well.,SADNESS,Emotion-Implausible
GoEmo_test_0859,pair_550g,This was very helpful to me. Thanks for explaining it so well.,JOY,Emotion-Obvious
GoEmo_test_0860,pair_551a,This made my rainy day,ANGER,Emotion-Plausible
GoEmo_test_0860,pair_551b,This made my rainy day,DISGUST,Emotion-Plausible
GoEmo_test_0860,pair_551c,This made my rainy day,FEAR,Emotion-Plausible
GoEmo_test_0860,pair_551d,This made my rainy day,SURPRISE,Emotion-Plausible
GoEmo_test_0860,pair_551e,This made my rainy day,NEUTRAL,Emotion-Implausible
GoEmo_test_0860,pair_551f,This made my rainy day,SADNESS,Emotion-Plausible
GoEmo_test_0860,pair_551g,This made my rainy day,JOY,Emotion-Plausible
GoEmo_test_0862,pair_552a,"Some people just need reassurance that they are, in fact, dumb.",ANGER,Emotion-Obvious
GoEmo_test_0862,pair_552b,"Some people just need reassurance that they are, in fact, dumb.",DISGUST,Emotion-Plausible
GoEmo_test_0862,pair_552c,"Some people just need reassurance that they are, in fact, dumb.",FEAR,Emotion-Implausible
GoEmo_test_0862,pair_552d,"Some people just need reassurance that they are, in fact, dumb.",SURPRISE,Emotion-Implausible
GoEmo_test_0862,pair_552e,"Some people just need reassurance that they are, in fact, dumb.",NEUTRAL,Emotion-Implausible
GoEmo_test_0862,pair_552f,"Some people just need reassurance that they are, in fact, dumb.",SADNESS,Emotion-Implausible
GoEmo_test_0862,pair_552g,"Some people just need reassurance that they are, in fact, dumb.",JOY,Emotion-Plausible
GoEmo_test_0865,pair_553a,at least it wasn’t the evil [NAME].,ANGER,Emotion-Plausible
GoEmo_test_0865,pair_553b,at least it wasn’t the evil [NAME].,DISGUST,Emotion-Plausible
GoEmo_test_0865,pair_553c,at least it wasn’t the evil [NAME].,FEAR,Emotion-Plausible
GoEmo_test_0865,pair_553d,at least it wasn’t the evil [NAME].,SURPRISE,Emotion-Implausible
GoEmo_test_0865,pair_553e,at least it wasn’t the evil [NAME].,NEUTRAL,Emotion-Implausible
GoEmo_test_0865,pair_553f,at least it wasn’t the evil [NAME].,SADNESS,Emotion-Implausible
GoEmo_test_0865,pair_553g,at least it wasn’t the evil [NAME].,JOY,Emotion-Plausible
GoEmo_test_0866,pair_554a,"Thanks for having that self awareness, as a physician in training I feel stupid daily. It's a very humbling job",ANGER,Emotion-Plausible
GoEmo_test_0866,pair_554b,"Thanks for having that self awareness, as a physician in training I feel stupid daily. It's a very humbling job",DISGUST,Emotion-Implausible
GoEmo_test_0866,pair_554c,"Thanks for having that self awareness, as a physician in training I feel stupid daily. It's a very humbling job",FEAR,Emotion-Plausible
GoEmo_test_0866,pair_554d,"Thanks for having that self awareness, as a physician in training I feel stupid daily. It's a very humbling job",SURPRISE,Emotion-Implausible
GoEmo_test_0866,pair_554e,"Thanks for having that self awareness, as a physician in training I feel stupid daily. It's a very humbling job",NEUTRAL,Emotion-Implausible
GoEmo_test_0866,pair_554f,"Thanks for having that self awareness, as a physician in training I feel stupid daily. It's a very humbling job",SADNESS,Emotion-Obvious
GoEmo_test_0866,pair_554g,"Thanks for having that self awareness, as a physician in training I feel stupid daily. It's a very humbling job",JOY,Emotion-Plausible
GoEmo_test_0868,pair_555a,"me too, always smoke a cig with the joint, they are best friends",ANGER,Emotion-Plausible
GoEmo_test_0868,pair_555b,"me too, always smoke a cig with the joint, they are best friends",DISGUST,Emotion-Implausible
GoEmo_test_0868,pair_555c,"me too, always smoke a cig with the joint, they are best friends",FEAR,Emotion-Implausible
GoEmo_test_0868,pair_555d,"me too, always smoke a cig with the joint, they are best friends",SURPRISE,Emotion-Plausible
GoEmo_test_0868,pair_555e,"me too, always smoke a cig with the joint, they are best friends",NEUTRAL,Emotion-Implausible
GoEmo_test_0868,pair_555f,"me too, always smoke a cig with the joint, they are best friends",SADNESS,Emotion-Implausible
GoEmo_test_0868,pair_555g,"me too, always smoke a cig with the joint, they are best friends",JOY,Emotion-Obvious
GoEmo_test_0869,pair_556a,It's real enough sadly. Kin have been around for awhile in their own corners of the net.,ANGER,Emotion-Plausible
GoEmo_test_0869,pair_556b,It's real enough sadly. Kin have been around for awhile in their own corners of the net.,DISGUST,Emotion-Implausible
GoEmo_test_0869,pair_556c,It's real enough sadly. Kin have been around for awhile in their own corners of the net.,FEAR,Emotion-Plausible
GoEmo_test_0869,pair_556d,It's real enough sadly. Kin have been around for awhile in their own corners of the net.,SURPRISE,Emotion-Plausible
GoEmo_test_0869,pair_556e,It's real enough sadly. Kin have been around for awhile in their own corners of the net.,NEUTRAL,Emotion-Implausible
GoEmo_test_0869,pair_556f,It's real enough sadly. Kin have been around for awhile in their own corners of the net.,SADNESS,Emotion-Plausible
GoEmo_test_0869,pair_556g,It's real enough sadly. Kin have been around for awhile in their own corners of the net.,JOY,Emotion-Plausible
GoEmo_test_0870,pair_557a,Yeah I wish they could just finish 9th every year in the conference,ANGER,Emotion-Obvious
GoEmo_test_0870,pair_557b,Yeah I wish they could just finish 9th every year in the conference,DISGUST,Emotion-Plausible
GoEmo_test_0870,pair_557c,Yeah I wish they could just finish 9th every year in the conference,FEAR,Emotion-Implausible
GoEmo_test_0870,pair_557d,Yeah I wish they could just finish 9th every year in the conference,SURPRISE,Emotion-Implausible
GoEmo_test_0870,pair_557e,Yeah I wish they could just finish 9th every year in the conference,NEUTRAL,Emotion-Implausible
GoEmo_test_0870,pair_557f,Yeah I wish they could just finish 9th every year in the conference,SADNESS,Emotion-Obvious
GoEmo_test_0870,pair_557g,Yeah I wish they could just finish 9th every year in the conference,JOY,Emotion-Plausible
GoEmo_test_0872,pair_558a,oh cool! Must be tiring for [NAME] though. Looking forward to watching them!,ANGER,Emotion-Implausible
GoEmo_test_0872,pair_558b,oh cool! Must be tiring for [NAME] though. Looking forward to watching them!,DISGUST,Emotion-Plausible
GoEmo_test_0872,pair_558c,oh cool! Must be tiring for [NAME] though. Looking forward to watching them!,FEAR,Emotion-Plausible
GoEmo_test_0872,pair_558d,oh cool! Must be tiring for [NAME] though. Looking forward to watching them!,SURPRISE,Emotion-Plausible
GoEmo_test_0872,pair_558e,oh cool! Must be tiring for [NAME] though. Looking forward to watching them!,NEUTRAL,Emotion-Implausible
GoEmo_test_0872,pair_558f,oh cool! Must be tiring for [NAME] though. Looking forward to watching them!,SADNESS,Emotion-Plausible
GoEmo_test_0872,pair_558g,oh cool! Must be tiring for [NAME] though. Looking forward to watching them!,JOY,Emotion-Obvious
GoEmo_test_0873,pair_559a,">Pay workers more and charge customers less. I mean, they're a publicly traded company",ANGER,Emotion-Obvious
GoEmo_test_0873,pair_559b,">Pay workers more and charge customers less. I mean, they're a publicly traded company",DISGUST,Emotion-Plausible
GoEmo_test_0873,pair_559c,">Pay workers more and charge customers less. I mean, they're a publicly traded company",FEAR,Emotion-Implausible
GoEmo_test_0873,pair_559d,">Pay workers more and charge customers less. I mean, they're a publicly traded company",SURPRISE,Emotion-Plausible
GoEmo_test_0873,pair_559e,">Pay workers more and charge customers less. I mean, they're a publicly traded company",NEUTRAL,Emotion-Plausible
GoEmo_test_0873,pair_559f,">Pay workers more and charge customers less. I mean, they're a publicly traded company",SADNESS,Emotion-Plausible
GoEmo_test_0873,pair_559g,">Pay workers more and charge customers less. I mean, they're a publicly traded company",JOY,Emotion-Plausible
GoEmo_test_0874,pair_560a,Apologize to [NAME],ANGER,Emotion-Obvious
GoEmo_test_0874,pair_560b,Apologize to [NAME],DISGUST,Emotion-Implausible
GoEmo_test_0874,pair_560c,Apologize to [NAME],FEAR,Emotion-Plausible
GoEmo_test_0874,pair_560d,Apologize to [NAME],SURPRISE,Emotion-Plausible
GoEmo_test_0874,pair_560e,Apologize to [NAME],NEUTRAL,Emotion-Plausible
GoEmo_test_0874,pair_560f,Apologize to [NAME],SADNESS,Emotion-Plausible
GoEmo_test_0874,pair_560g,Apologize to [NAME],JOY,Emotion-Implausible
GoEmo_test_0875,pair_561a,That took a turn.,ANGER,Emotion-Plausible
GoEmo_test_0875,pair_561b,That took a turn.,DISGUST,Emotion-Plausible
GoEmo_test_0875,pair_561c,That took a turn.,FEAR,Emotion-Plausible
GoEmo_test_0875,pair_561d,That took a turn.,SURPRISE,Emotion-Plausible
GoEmo_test_0875,pair_561e,That took a turn.,NEUTRAL,Emotion-Plausible
GoEmo_test_0875,pair_561f,That took a turn.,SADNESS,Emotion-Plausible
GoEmo_test_0875,pair_561g,That took a turn.,JOY,Emotion-Plausible
GoEmo_test_0876,pair_562a,Seems like [NAME] got shot by the **japanising beam**,ANGER,Emotion-Plausible
GoEmo_test_0876,pair_562b,Seems like [NAME] got shot by the **japanising beam**,DISGUST,Emotion-Plausible
GoEmo_test_0876,pair_562c,Seems like [NAME] got shot by the **japanising beam**,FEAR,Emotion-Plausible
GoEmo_test_0876,pair_562d,Seems like [NAME] got shot by the **japanising beam**,SURPRISE,Emotion-Plausible
GoEmo_test_0876,pair_562e,Seems like [NAME] got shot by the **japanising beam**,NEUTRAL,Emotion-Implausible
GoEmo_test_0876,pair_562f,Seems like [NAME] got shot by the **japanising beam**,SADNESS,Emotion-Plausible
GoEmo_test_0876,pair_562g,Seems like [NAME] got shot by the **japanising beam**,JOY,Emotion-Obvious
GoEmo_test_0877,pair_563a,The [NAME] story is pretty amazing. Excellent stuff! My ears are both firmly attached. Thanks.,ANGER,Emotion-Implausible
GoEmo_test_0877,pair_563b,The [NAME] story is pretty amazing. Excellent stuff! My ears are both firmly attached. Thanks.,DISGUST,Emotion-Implausible
GoEmo_test_0877,pair_563c,The [NAME] story is pretty amazing. Excellent stuff! My ears are both firmly attached. Thanks.,FEAR,Emotion-Implausible
GoEmo_test_0877,pair_563d,The [NAME] story is pretty amazing. Excellent stuff! My ears are both firmly attached. Thanks.,SURPRISE,Emotion-Plausible
GoEmo_test_0877,pair_563e,The [NAME] story is pretty amazing. Excellent stuff! My ears are both firmly attached. Thanks.,NEUTRAL,Emotion-Implausible
GoEmo_test_0877,pair_563f,The [NAME] story is pretty amazing. Excellent stuff! My ears are both firmly attached. Thanks.,SADNESS,Emotion-Implausible
GoEmo_test_0877,pair_563g,The [NAME] story is pretty amazing. Excellent stuff! My ears are both firmly attached. Thanks.,JOY,Emotion-Obvious
GoEmo_test_0878,pair_564a,So no. All you have is lies and delusions. Thanks for the confirmation,ANGER,Emotion-Obvious
GoEmo_test_0878,pair_564b,So no. All you have is lies and delusions. Thanks for the confirmation,DISGUST,Emotion-Obvious
GoEmo_test_0878,pair_564c,So no. All you have is lies and delusions. Thanks for the confirmation,FEAR,Emotion-Plausible
GoEmo_test_0878,pair_564d,So no. All you have is lies and delusions. Thanks for the confirmation,SURPRISE,Emotion-Implausible
GoEmo_test_0878,pair_564e,So no. All you have is lies and delusions. Thanks for the confirmation,NEUTRAL,Emotion-Implausible
GoEmo_test_0878,pair_564f,So no. All you have is lies and delusions. Thanks for the confirmation,SADNESS,Emotion-Plausible
GoEmo_test_0878,pair_564g,So no. All you have is lies and delusions. Thanks for the confirmation,JOY,Emotion-Plausible
GoEmo_test_0882,pair_565a,Added to my meme folder. Thanks!,ANGER,Emotion-Plausible
GoEmo_test_0882,pair_565b,Added to my meme folder. Thanks!,DISGUST,Emotion-Plausible
GoEmo_test_0882,pair_565c,Added to my meme folder. Thanks!,FEAR,Emotion-Implausible
GoEmo_test_0882,pair_565d,Added to my meme folder. Thanks!,SURPRISE,Emotion-Plausible
GoEmo_test_0882,pair_565e,Added to my meme folder. Thanks!,NEUTRAL,Emotion-Plausible
GoEmo_test_0882,pair_565f,Added to my meme folder. Thanks!,SADNESS,Emotion-Plausible
GoEmo_test_0882,pair_565g,Added to my meme folder. Thanks!,JOY,Emotion-Obvious
GoEmo_test_0883,pair_566a,"Thank you for the great recommendation. I'll get on that as soon as I can, and keep you updated.",ANGER,Emotion-Plausible
GoEmo_test_0883,pair_566b,"Thank you for the great recommendation. I'll get on that as soon as I can, and keep you updated.",DISGUST,Emotion-Implausible
GoEmo_test_0883,pair_566c,"Thank you for the great recommendation. I'll get on that as soon as I can, and keep you updated.",FEAR,Emotion-Implausible
GoEmo_test_0883,pair_566d,"Thank you for the great recommendation. I'll get on that as soon as I can, and keep you updated.",SURPRISE,Emotion-Plausible
GoEmo_test_0883,pair_566e,"Thank you for the great recommendation. I'll get on that as soon as I can, and keep you updated.",NEUTRAL,Emotion-Implausible
GoEmo_test_0883,pair_566f,"Thank you for the great recommendation. I'll get on that as soon as I can, and keep you updated.",SADNESS,Emotion-Plausible
GoEmo_test_0883,pair_566g,"Thank you for the great recommendation. I'll get on that as soon as I can, and keep you updated.",JOY,Emotion-Obvious
GoEmo_test_0885,pair_567a,"I like having roads, schools, and drinkable water? You confuse a man for a paranoid.",ANGER,Emotion-Obvious
GoEmo_test_0885,pair_567b,"I like having roads, schools, and drinkable water? You confuse a man for a paranoid.",DISGUST,Emotion-Plausible
GoEmo_test_0885,pair_567c,"I like having roads, schools, and drinkable water? You confuse a man for a paranoid.",FEAR,Emotion-Plausible
GoEmo_test_0885,pair_567d,"I like having roads, schools, and drinkable water? You confuse a man for a paranoid.",SURPRISE,Emotion-Obvious
GoEmo_test_0885,pair_567e,"I like having roads, schools, and drinkable water? You confuse a man for a paranoid.",NEUTRAL,Emotion-Implausible
GoEmo_test_0885,pair_567f,"I like having roads, schools, and drinkable water? You confuse a man for a paranoid.",SADNESS,Emotion-Plausible
GoEmo_test_0885,pair_567g,"I like having roads, schools, and drinkable water? You confuse a man for a paranoid.",JOY,Emotion-Plausible
GoEmo_test_0886,pair_568a,Feels good man,ANGER,Emotion-Implausible
GoEmo_test_0886,pair_568b,Feels good man,DISGUST,Emotion-Implausible
GoEmo_test_0886,pair_568c,Feels good man,FEAR,Emotion-Implausible
GoEmo_test_0886,pair_568d,Feels good man,SURPRISE,Emotion-Plausible
GoEmo_test_0886,pair_568e,Feels good man,NEUTRAL,Emotion-Implausible
GoEmo_test_0886,pair_568f,Feels good man,SADNESS,Emotion-Plausible
GoEmo_test_0886,pair_568g,Feels good man,JOY,Emotion-Obvious
GoEmo_test_0888,pair_569a,So... she just won the lottery!!,ANGER,Emotion-Plausible
GoEmo_test_0888,pair_569b,So... she just won the lottery!!,DISGUST,Emotion-Plausible
GoEmo_test_0888,pair_569c,So... she just won the lottery!!,FEAR,Emotion-Plausible
GoEmo_test_0888,pair_569d,So... she just won the lottery!!,SURPRISE,Emotion-Obvious
GoEmo_test_0888,pair_569e,So... she just won the lottery!!,NEUTRAL,Emotion-Implausible
GoEmo_test_0888,pair_569f,So... she just won the lottery!!,SADNESS,Emotion-Plausible
GoEmo_test_0888,pair_569g,So... she just won the lottery!!,JOY,Emotion-Obvious
GoEmo_test_0889,pair_570a,"I'm struggling to find what you're referring to here, could you maybe add something that points to it?",ANGER,Emotion-Plausible
GoEmo_test_0889,pair_570b,"I'm struggling to find what you're referring to here, could you maybe add something that points to it?",DISGUST,Emotion-Implausible
GoEmo_test_0889,pair_570c,"I'm struggling to find what you're referring to here, could you maybe add something that points to it?",FEAR,Emotion-Plausible
GoEmo_test_0889,pair_570d,"I'm struggling to find what you're referring to here, could you maybe add something that points to it?",SURPRISE,Emotion-Plausible
GoEmo_test_0889,pair_570e,"I'm struggling to find what you're referring to here, could you maybe add something that points to it?",NEUTRAL,Emotion-Obvious
GoEmo_test_0889,pair_570f,"I'm struggling to find what you're referring to here, could you maybe add something that points to it?",SADNESS,Emotion-Plausible
GoEmo_test_0889,pair_570g,"I'm struggling to find what you're referring to here, could you maybe add something that points to it?",JOY,Emotion-Implausible
GoEmo_test_0890,pair_571a,"Thank you, I know you’re right, I’m just overthinking for sure",ANGER,Emotion-Plausible
GoEmo_test_0890,pair_571b,"Thank you, I know you’re right, I’m just overthinking for sure",DISGUST,Emotion-Implausible
GoEmo_test_0890,pair_571c,"Thank you, I know you’re right, I’m just overthinking for sure",FEAR,Emotion-Plausible
GoEmo_test_0890,pair_571d,"Thank you, I know you’re right, I’m just overthinking for sure",SURPRISE,Emotion-Implausible
GoEmo_test_0890,pair_571e,"Thank you, I know you’re right, I’m just overthinking for sure",NEUTRAL,Emotion-Plausible
GoEmo_test_0890,pair_571f,"Thank you, I know you’re right, I’m just overthinking for sure",SADNESS,Emotion-Plausible
GoEmo_test_0890,pair_571g,"Thank you, I know you’re right, I’m just overthinking for sure",JOY,Emotion-Obvious
GoEmo_test_0892,pair_572a,I’ve woken up next to some shocking things but just imagine finding the top of a police car in your room.,ANGER,Emotion-Plausible
GoEmo_test_0892,pair_572b,I’ve woken up next to some shocking things but just imagine finding the top of a police car in your room.,DISGUST,Emotion-Plausible
GoEmo_test_0892,pair_572c,I’ve woken up next to some shocking things but just imagine finding the top of a police car in your room.,FEAR,Emotion-Obvious
GoEmo_test_0892,pair_572d,I’ve woken up next to some shocking things but just imagine finding the top of a police car in your room.,SURPRISE,Emotion-Obvious
GoEmo_test_0892,pair_572e,I’ve woken up next to some shocking things but just imagine finding the top of a police car in your room.,NEUTRAL,Emotion-Implausible
GoEmo_test_0892,pair_572f,I’ve woken up next to some shocking things but just imagine finding the top of a police car in your room.,SADNESS,Emotion-Plausible
GoEmo_test_0892,pair_572g,I’ve woken up next to some shocking things but just imagine finding the top of a police car in your room.,JOY,Emotion-Plausible
GoEmo_test_0898,pair_573a,"Best not let [NAME] near him, what with her oils and all...",ANGER,Emotion-Plausible
GoEmo_test_0898,pair_573b,"Best not let [NAME] near him, what with her oils and all...",DISGUST,Emotion-Plausible
GoEmo_test_0898,pair_573c,"Best not let [NAME] near him, what with her oils and all...",FEAR,Emotion-Obvious
GoEmo_test_0898,pair_573d,"Best not let [NAME] near him, what with her oils and all...",SURPRISE,Emotion-Implausible
GoEmo_test_0898,pair_573e,"Best not let [NAME] near him, what with her oils and all...",NEUTRAL,Emotion-Implausible
GoEmo_test_0898,pair_573f,"Best not let [NAME] near him, what with her oils and all...",SADNESS,Emotion-Plausible
GoEmo_test_0898,pair_573g,"Best not let [NAME] near him, what with her oils and all...",JOY,Emotion-Plausible
GoEmo_test_0899,pair_574a,Too many injuries. I predict he will be off the roster by September.,ANGER,Emotion-Plausible
GoEmo_test_0899,pair_574b,Too many injuries. I predict he will be off the roster by September.,DISGUST,Emotion-Plausible
GoEmo_test_0899,pair_574c,Too many injuries. I predict he will be off the roster by September.,FEAR,Emotion-Plausible
GoEmo_test_0899,pair_574d,Too many injuries. I predict he will be off the roster by September.,SURPRISE,Emotion-Implausible
GoEmo_test_0899,pair_574e,Too many injuries. I predict he will be off the roster by September.,NEUTRAL,Emotion-Obvious
GoEmo_test_0899,pair_574f,Too many injuries. I predict he will be off the roster by September.,SADNESS,Emotion-Plausible
GoEmo_test_0899,pair_574g,Too many injuries. I predict he will be off the roster by September.,JOY,Emotion-Plausible
GoEmo_test_0900,pair_575a,"What was that behind the back nonsense, criminy. TO THE BENCH",ANGER,Emotion-Obvious
GoEmo_test_0900,pair_575b,"What was that behind the back nonsense, criminy. TO THE BENCH",DISGUST,Emotion-Obvious
GoEmo_test_0900,pair_575c,"What was that behind the back nonsense, criminy. TO THE BENCH",FEAR,Emotion-Implausible
GoEmo_test_0900,pair_575d,"What was that behind the back nonsense, criminy. TO THE BENCH",SURPRISE,Emotion-Plausible
GoEmo_test_0900,pair_575e,"What was that behind the back nonsense, criminy. TO THE BENCH",NEUTRAL,Emotion-Implausible
GoEmo_test_0900,pair_575f,"What was that behind the back nonsense, criminy. TO THE BENCH",SADNESS,Emotion-Implausible
GoEmo_test_0900,pair_575g,"What was that behind the back nonsense, criminy. TO THE BENCH",JOY,Emotion-Implausible
GoEmo_test_0902,pair_576a,"I’ve learned to just laugh these off, and try not to dwell on them.",ANGER,Emotion-Plausible
GoEmo_test_0902,pair_576b,"I’ve learned to just laugh these off, and try not to dwell on them.",DISGUST,Emotion-Plausible
GoEmo_test_0902,pair_576c,"I’ve learned to just laugh these off, and try not to dwell on them.",FEAR,Emotion-Plausible
GoEmo_test_0902,pair_576d,"I’ve learned to just laugh these off, and try not to dwell on them.",SURPRISE,Emotion-Implausible
GoEmo_test_0902,pair_576e,"I’ve learned to just laugh these off, and try not to dwell on them.",NEUTRAL,Emotion-Plausible
GoEmo_test_0902,pair_576f,"I’ve learned to just laugh these off, and try not to dwell on them.",SADNESS,Emotion-Plausible
GoEmo_test_0902,pair_576g,"I’ve learned to just laugh these off, and try not to dwell on them.",JOY,Emotion-Obvious
GoEmo_test_0903,pair_577a,It’s a nice basket.,ANGER,Emotion-Plausible
GoEmo_test_0903,pair_577b,It’s a nice basket.,DISGUST,Emotion-Plausible
GoEmo_test_0903,pair_577c,It’s a nice basket.,FEAR,Emotion-Plausible
GoEmo_test_0903,pair_577d,It’s a nice basket.,SURPRISE,Emotion-Plausible
GoEmo_test_0903,pair_577e,It’s a nice basket.,NEUTRAL,Emotion-Obvious
GoEmo_test_0903,pair_577f,It’s a nice basket.,SADNESS,Emotion-Plausible
GoEmo_test_0903,pair_577g,It’s a nice basket.,JOY,Emotion-Plausible
GoEmo_test_0904,pair_578a,"Maybe he *did* leave the building. If you can't find him, he could've left without you knowing. Is that better or worse?",ANGER,Emotion-Implausible
GoEmo_test_0904,pair_578b,"Maybe he *did* leave the building. If you can't find him, he could've left without you knowing. Is that better or worse?",DISGUST,Emotion-Implausible
GoEmo_test_0904,pair_578c,"Maybe he *did* leave the building. If you can't find him, he could've left without you knowing. Is that better or worse?",FEAR,Emotion-Plausible
GoEmo_test_0904,pair_578d,"Maybe he *did* leave the building. If you can't find him, he could've left without you knowing. Is that better or worse?",SURPRISE,Emotion-Plausible
GoEmo_test_0904,pair_578e,"Maybe he *did* leave the building. If you can't find him, he could've left without you knowing. Is that better or worse?",NEUTRAL,Emotion-Obvious
GoEmo_test_0904,pair_578f,"Maybe he *did* leave the building. If you can't find him, he could've left without you knowing. Is that better or worse?",SADNESS,Emotion-Plausible
GoEmo_test_0904,pair_578g,"Maybe he *did* leave the building. If you can't find him, he could've left without you knowing. Is that better or worse?",JOY,Emotion-Plausible
GoEmo_test_0905,pair_579a,Threatening to drive your sisters into the ocean is illegal. It's called making a terroristic threat or menacing and can cause her to lose access to your sisters,ANGER,Emotion-Plausible
GoEmo_test_0905,pair_579b,Threatening to drive your sisters into the ocean is illegal. It's called making a terroristic threat or menacing and can cause her to lose access to your sisters,DISGUST,Emotion-Plausible
GoEmo_test_0905,pair_579c,Threatening to drive your sisters into the ocean is illegal. It's called making a terroristic threat or menacing and can cause her to lose access to your sisters,FEAR,Emotion-Plausible
GoEmo_test_0905,pair_579d,Threatening to drive your sisters into the ocean is illegal. It's called making a terroristic threat or menacing and can cause her to lose access to your sisters,SURPRISE,Emotion-Plausible
GoEmo_test_0905,pair_579e,Threatening to drive your sisters into the ocean is illegal. It's called making a terroristic threat or menacing and can cause her to lose access to your sisters,NEUTRAL,Emotion-Obvious
GoEmo_test_0905,pair_579f,Threatening to drive your sisters into the ocean is illegal. It's called making a terroristic threat or menacing and can cause her to lose access to your sisters,SADNESS,Emotion-Implausible
GoEmo_test_0905,pair_579g,Threatening to drive your sisters into the ocean is illegal. It's called making a terroristic threat or menacing and can cause her to lose access to your sisters,JOY,Emotion-Implausible
GoEmo_test_0907,pair_580a,Haha yes! Ill do that to my cat all the time. He seeems to appreciate the assist,ANGER,Emotion-Plausible
GoEmo_test_0907,pair_580b,Haha yes! Ill do that to my cat all the time. He seeems to appreciate the assist,DISGUST,Emotion-Plausible
GoEmo_test_0907,pair_580c,Haha yes! Ill do that to my cat all the time. He seeems to appreciate the assist,FEAR,Emotion-Implausible
GoEmo_test_0907,pair_580d,Haha yes! Ill do that to my cat all the time. He seeems to appreciate the assist,SURPRISE,Emotion-Plausible
GoEmo_test_0907,pair_580e,Haha yes! Ill do that to my cat all the time. He seeems to appreciate the assist,NEUTRAL,Emotion-Implausible
GoEmo_test_0907,pair_580f,Haha yes! Ill do that to my cat all the time. He seeems to appreciate the assist,SADNESS,Emotion-Implausible
GoEmo_test_0907,pair_580g,Haha yes! Ill do that to my cat all the time. He seeems to appreciate the assist,JOY,Emotion-Obvious
GoEmo_test_0908,pair_581a,"Yep, minimizing massively",ANGER,Emotion-Plausible
GoEmo_test_0908,pair_581b,"Yep, minimizing massively",DISGUST,Emotion-Plausible
GoEmo_test_0908,pair_581c,"Yep, minimizing massively",FEAR,Emotion-Plausible
GoEmo_test_0908,pair_581d,"Yep, minimizing massively",SURPRISE,Emotion-Plausible
GoEmo_test_0908,pair_581e,"Yep, minimizing massively",NEUTRAL,Emotion-Plausible
GoEmo_test_0908,pair_581f,"Yep, minimizing massively",SADNESS,Emotion-Plausible
GoEmo_test_0908,pair_581g,"Yep, minimizing massively",JOY,Emotion-Plausible
GoEmo_test_0909,pair_582a,But a worker who earns wealth can invest it and become a capital investor. In that case he is literally providing the capital.,ANGER,Emotion-Plausible
GoEmo_test_0909,pair_582b,But a worker who earns wealth can invest it and become a capital investor. In that case he is literally providing the capital.,DISGUST,Emotion-Plausible
GoEmo_test_0909,pair_582c,But a worker who earns wealth can invest it and become a capital investor. In that case he is literally providing the capital.,FEAR,Emotion-Implausible
GoEmo_test_0909,pair_582d,But a worker who earns wealth can invest it and become a capital investor. In that case he is literally providing the capital.,SURPRISE,Emotion-Plausible
GoEmo_test_0909,pair_582e,But a worker who earns wealth can invest it and become a capital investor. In that case he is literally providing the capital.,NEUTRAL,Emotion-Obvious
GoEmo_test_0909,pair_582f,But a worker who earns wealth can invest it and become a capital investor. In that case he is literally providing the capital.,SADNESS,Emotion-Implausible
GoEmo_test_0909,pair_582g,But a worker who earns wealth can invest it and become a capital investor. In that case he is literally providing the capital.,JOY,Emotion-Plausible
GoEmo_test_0911,pair_583a,"To be fair, I’m not slaughtering my own food",ANGER,Emotion-Plausible
GoEmo_test_0911,pair_583b,"To be fair, I’m not slaughtering my own food",DISGUST,Emotion-Obvious
GoEmo_test_0911,pair_583c,"To be fair, I’m not slaughtering my own food",FEAR,Emotion-Plausible
GoEmo_test_0911,pair_583d,"To be fair, I’m not slaughtering my own food",SURPRISE,Emotion-Implausible
GoEmo_test_0911,pair_583e,"To be fair, I’m not slaughtering my own food",NEUTRAL,Emotion-Implausible
GoEmo_test_0911,pair_583f,"To be fair, I’m not slaughtering my own food",SADNESS,Emotion-Plausible
GoEmo_test_0911,pair_583g,"To be fair, I’m not slaughtering my own food",JOY,Emotion-Plausible
GoEmo_test_0913,pair_584a,Been saying horford has been overrated since he got that fat contract,ANGER,Emotion-Obvious
GoEmo_test_0913,pair_584b,Been saying horford has been overrated since he got that fat contract,DISGUST,Emotion-Obvious
GoEmo_test_0913,pair_584c,Been saying horford has been overrated since he got that fat contract,FEAR,Emotion-Plausible
GoEmo_test_0913,pair_584d,Been saying horford has been overrated since he got that fat contract,SURPRISE,Emotion-Implausible
GoEmo_test_0913,pair_584e,Been saying horford has been overrated since he got that fat contract,NEUTRAL,Emotion-Implausible
GoEmo_test_0913,pair_584f,Been saying horford has been overrated since he got that fat contract,SADNESS,Emotion-Implausible
GoEmo_test_0913,pair_584g,Been saying horford has been overrated since he got that fat contract,JOY,Emotion-Implausible
GoEmo_test_0914,pair_585a,Wow you think 15 downvotes in Reddit from the YIMBY cult has any meaning? I didn't say anything pertaining to economics.,ANGER,Emotion-Obvious
GoEmo_test_0914,pair_585b,Wow you think 15 downvotes in Reddit from the YIMBY cult has any meaning? I didn't say anything pertaining to economics.,DISGUST,Emotion-Plausible
GoEmo_test_0914,pair_585c,Wow you think 15 downvotes in Reddit from the YIMBY cult has any meaning? I didn't say anything pertaining to economics.,FEAR,Emotion-Implausible
GoEmo_test_0914,pair_585d,Wow you think 15 downvotes in Reddit from the YIMBY cult has any meaning? I didn't say anything pertaining to economics.,SURPRISE,Emotion-Obvious
GoEmo_test_0914,pair_585e,Wow you think 15 downvotes in Reddit from the YIMBY cult has any meaning? I didn't say anything pertaining to economics.,NEUTRAL,Emotion-Implausible
GoEmo_test_0914,pair_585f,Wow you think 15 downvotes in Reddit from the YIMBY cult has any meaning? I didn't say anything pertaining to economics.,SADNESS,Emotion-Implausible
GoEmo_test_0914,pair_585g,Wow you think 15 downvotes in Reddit from the YIMBY cult has any meaning? I didn't say anything pertaining to economics.,JOY,Emotion-Plausible
GoEmo_test_0915,pair_586a,It’s funny because this is the summary of most discussion posts on this sub,ANGER,Emotion-Plausible
GoEmo_test_0915,pair_586b,It’s funny because this is the summary of most discussion posts on this sub,DISGUST,Emotion-Plausible
GoEmo_test_0915,pair_586c,It’s funny because this is the summary of most discussion posts on this sub,FEAR,Emotion-Implausible
GoEmo_test_0915,pair_586d,It’s funny because this is the summary of most discussion posts on this sub,SURPRISE,Emotion-Plausible
GoEmo_test_0915,pair_586e,It’s funny because this is the summary of most discussion posts on this sub,NEUTRAL,Emotion-Implausible
GoEmo_test_0915,pair_586f,It’s funny because this is the summary of most discussion posts on this sub,SADNESS,Emotion-Plausible
GoEmo_test_0915,pair_586g,It’s funny because this is the summary of most discussion posts on this sub,JOY,Emotion-Obvious
GoEmo_test_0916,pair_587a,Wow they got them [NAME]? Those US agents are some lucky guys,ANGER,Emotion-Plausible
GoEmo_test_0916,pair_587b,Wow they got them [NAME]? Those US agents are some lucky guys,DISGUST,Emotion-Implausible
GoEmo_test_0916,pair_587c,Wow they got them [NAME]? Those US agents are some lucky guys,FEAR,Emotion-Plausible
GoEmo_test_0916,pair_587d,Wow they got them [NAME]? Those US agents are some lucky guys,SURPRISE,Emotion-Obvious
GoEmo_test_0916,pair_587e,Wow they got them [NAME]? Those US agents are some lucky guys,NEUTRAL,Emotion-Implausible
GoEmo_test_0916,pair_587f,Wow they got them [NAME]? Those US agents are some lucky guys,SADNESS,Emotion-Plausible
GoEmo_test_0916,pair_587g,Wow they got them [NAME]? Those US agents are some lucky guys,JOY,Emotion-Plausible
GoEmo_test_0918,pair_588a,"Anything intelligent to say, sometime maybe perhaps?",ANGER,Emotion-Plausible
GoEmo_test_0918,pair_588b,"Anything intelligent to say, sometime maybe perhaps?",DISGUST,Emotion-Plausible
GoEmo_test_0918,pair_588c,"Anything intelligent to say, sometime maybe perhaps?",FEAR,Emotion-Plausible
GoEmo_test_0918,pair_588d,"Anything intelligent to say, sometime maybe perhaps?",SURPRISE,Emotion-Plausible
GoEmo_test_0918,pair_588e,"Anything intelligent to say, sometime maybe perhaps?",NEUTRAL,Emotion-Implausible
GoEmo_test_0918,pair_588f,"Anything intelligent to say, sometime maybe perhaps?",SADNESS,Emotion-Implausible
GoEmo_test_0918,pair_588g,"Anything intelligent to say, sometime maybe perhaps?",JOY,Emotion-Plausible
GoEmo_test_0919,pair_589a,I’m sorry but [NAME] has better memes,ANGER,Emotion-Implausible
GoEmo_test_0919,pair_589b,I’m sorry but [NAME] has better memes,DISGUST,Emotion-Plausible
GoEmo_test_0919,pair_589c,I’m sorry but [NAME] has better memes,FEAR,Emotion-Plausible
GoEmo_test_0919,pair_589d,I’m sorry but [NAME] has better memes,SURPRISE,Emotion-Plausible
GoEmo_test_0919,pair_589e,I’m sorry but [NAME] has better memes,NEUTRAL,Emotion-Implausible
GoEmo_test_0919,pair_589f,I’m sorry but [NAME] has better memes,SADNESS,Emotion-Obvious
GoEmo_test_0919,pair_589g,I’m sorry but [NAME] has better memes,JOY,Emotion-Plausible
GoEmo_test_0922,pair_590a,"“[NAME], I tried to make ramen in the coffee pot and I broke everything” - [NAME]",ANGER,Emotion-Plausible
GoEmo_test_0922,pair_590b,"“[NAME], I tried to make ramen in the coffee pot and I broke everything” - [NAME]",DISGUST,Emotion-Plausible
GoEmo_test_0922,pair_590c,"“[NAME], I tried to make ramen in the coffee pot and I broke everything” - [NAME]",FEAR,Emotion-Implausible
GoEmo_test_0922,pair_590d,"“[NAME], I tried to make ramen in the coffee pot and I broke everything” - [NAME]",SURPRISE,Emotion-Implausible
GoEmo_test_0922,pair_590e,"“[NAME], I tried to make ramen in the coffee pot and I broke everything” - [NAME]",NEUTRAL,Emotion-Obvious
GoEmo_test_0922,pair_590f,"“[NAME], I tried to make ramen in the coffee pot and I broke everything” - [NAME]",SADNESS,Emotion-Plausible
GoEmo_test_0922,pair_590g,"“[NAME], I tried to make ramen in the coffee pot and I broke everything” - [NAME]",JOY,Emotion-Plausible
GoEmo_test_0923,pair_591a,This made me snort while laughing. Well done!,ANGER,Emotion-Implausible
GoEmo_test_0923,pair_591b,This made me snort while laughing. Well done!,DISGUST,Emotion-Implausible
GoEmo_test_0923,pair_591c,This made me snort while laughing. Well done!,FEAR,Emotion-Implausible
GoEmo_test_0923,pair_591d,This made me snort while laughing. Well done!,SURPRISE,Emotion-Plausible
GoEmo_test_0923,pair_591e,This made me snort while laughing. Well done!,NEUTRAL,Emotion-Implausible
GoEmo_test_0923,pair_591f,This made me snort while laughing. Well done!,SADNESS,Emotion-Implausible
GoEmo_test_0923,pair_591g,This made me snort while laughing. Well done!,JOY,Emotion-Obvious
GoEmo_test_0925,pair_592a,She looks just like that dude from Santa Clarita Diet,ANGER,Emotion-Plausible
GoEmo_test_0925,pair_592b,She looks just like that dude from Santa Clarita Diet,DISGUST,Emotion-Plausible
GoEmo_test_0925,pair_592c,She looks just like that dude from Santa Clarita Diet,FEAR,Emotion-Plausible
GoEmo_test_0925,pair_592d,She looks just like that dude from Santa Clarita Diet,SURPRISE,Emotion-Plausible
GoEmo_test_0925,pair_592e,She looks just like that dude from Santa Clarita Diet,NEUTRAL,Emotion-Obvious
GoEmo_test_0925,pair_592f,She looks just like that dude from Santa Clarita Diet,SADNESS,Emotion-Plausible
GoEmo_test_0925,pair_592g,She looks just like that dude from Santa Clarita Diet,JOY,Emotion-Plausible
GoEmo_test_0927,pair_593a,shes married to the [NAME] the singer from silverchair,ANGER,Emotion-Plausible
GoEmo_test_0927,pair_593b,shes married to the [NAME] the singer from silverchair,DISGUST,Emotion-Plausible
GoEmo_test_0927,pair_593c,shes married to the [NAME] the singer from silverchair,FEAR,Emotion-Plausible
GoEmo_test_0927,pair_593d,shes married to the [NAME] the singer from silverchair,SURPRISE,Emotion-Plausible
GoEmo_test_0927,pair_593e,shes married to the [NAME] the singer from silverchair,NEUTRAL,Emotion-Obvious
GoEmo_test_0927,pair_593f,shes married to the [NAME] the singer from silverchair,SADNESS,Emotion-Plausible
GoEmo_test_0927,pair_593g,shes married to the [NAME] the singer from silverchair,JOY,Emotion-Plausible
GoEmo_test_0928,pair_594a,The edit... what? Why is he playing on an account that was registered by someone else?,ANGER,Emotion-Plausible
GoEmo_test_0928,pair_594b,The edit... what? Why is he playing on an account that was registered by someone else?,DISGUST,Emotion-Plausible
GoEmo_test_0928,pair_594c,The edit... what? Why is he playing on an account that was registered by someone else?,FEAR,Emotion-Plausible
GoEmo_test_0928,pair_594d,The edit... what? Why is he playing on an account that was registered by someone else?,SURPRISE,Emotion-Obvious
GoEmo_test_0928,pair_594e,The edit... what? Why is he playing on an account that was registered by someone else?,NEUTRAL,Emotion-Implausible
GoEmo_test_0928,pair_594f,The edit... what? Why is he playing on an account that was registered by someone else?,SADNESS,Emotion-Implausible
GoEmo_test_0928,pair_594g,The edit... what? Why is he playing on an account that was registered by someone else?,JOY,Emotion-Plausible
GoEmo_test_0931,pair_595a,THE PACK RUNS DEEP AND HARD. I WOULD SHARE MY KRAFT MAC AND CHEESE WITH YOU ANY DAY. AROOOOOOOOO,ANGER,Emotion-Plausible
GoEmo_test_0931,pair_595b,THE PACK RUNS DEEP AND HARD. I WOULD SHARE MY KRAFT MAC AND CHEESE WITH YOU ANY DAY. AROOOOOOOOO,DISGUST,Emotion-Implausible
GoEmo_test_0931,pair_595c,THE PACK RUNS DEEP AND HARD. I WOULD SHARE MY KRAFT MAC AND CHEESE WITH YOU ANY DAY. AROOOOOOOOO,FEAR,Emotion-Implausible
GoEmo_test_0931,pair_595d,THE PACK RUNS DEEP AND HARD. I WOULD SHARE MY KRAFT MAC AND CHEESE WITH YOU ANY DAY. AROOOOOOOOO,SURPRISE,Emotion-Implausible
GoEmo_test_0931,pair_595e,THE PACK RUNS DEEP AND HARD. I WOULD SHARE MY KRAFT MAC AND CHEESE WITH YOU ANY DAY. AROOOOOOOOO,NEUTRAL,Emotion-Implausible
GoEmo_test_0931,pair_595f,THE PACK RUNS DEEP AND HARD. I WOULD SHARE MY KRAFT MAC AND CHEESE WITH YOU ANY DAY. AROOOOOOOOO,SADNESS,Emotion-Implausible
GoEmo_test_0931,pair_595g,THE PACK RUNS DEEP AND HARD. I WOULD SHARE MY KRAFT MAC AND CHEESE WITH YOU ANY DAY. AROOOOOOOOO,JOY,Emotion-Obvious
GoEmo_test_0934,pair_596a,"""what you want"" is a populated, limited set, and thus discrete.",ANGER,Emotion-Plausible
GoEmo_test_0934,pair_596b,"""what you want"" is a populated, limited set, and thus discrete.",DISGUST,Emotion-Plausible
GoEmo_test_0934,pair_596c,"""what you want"" is a populated, limited set, and thus discrete.",FEAR,Emotion-Plausible
GoEmo_test_0934,pair_596d,"""what you want"" is a populated, limited set, and thus discrete.",SURPRISE,Emotion-Plausible
GoEmo_test_0934,pair_596e,"""what you want"" is a populated, limited set, and thus discrete.",NEUTRAL,Emotion-Obvious
GoEmo_test_0934,pair_596f,"""what you want"" is a populated, limited set, and thus discrete.",SADNESS,Emotion-Plausible
GoEmo_test_0934,pair_596g,"""what you want"" is a populated, limited set, and thus discrete.",JOY,Emotion-Plausible
GoEmo_test_0935,pair_597a,"Thanks man, my brother and my girlfriend just told me to laugh it off; but the thought doesn't stop haunting me.",ANGER,Emotion-Plausible
GoEmo_test_0935,pair_597b,"Thanks man, my brother and my girlfriend just told me to laugh it off; but the thought doesn't stop haunting me.",DISGUST,Emotion-Plausible
GoEmo_test_0935,pair_597c,"Thanks man, my brother and my girlfriend just told me to laugh it off; but the thought doesn't stop haunting me.",FEAR,Emotion-Obvious
GoEmo_test_0935,pair_597d,"Thanks man, my brother and my girlfriend just told me to laugh it off; but the thought doesn't stop haunting me.",SURPRISE,Emotion-Plausible
GoEmo_test_0935,pair_597e,"Thanks man, my brother and my girlfriend just told me to laugh it off; but the thought doesn't stop haunting me.",NEUTRAL,Emotion-Implausible
GoEmo_test_0935,pair_597f,"Thanks man, my brother and my girlfriend just told me to laugh it off; but the thought doesn't stop haunting me.",SADNESS,Emotion-Obvious
GoEmo_test_0935,pair_597g,"Thanks man, my brother and my girlfriend just told me to laugh it off; but the thought doesn't stop haunting me.",JOY,Emotion-Implausible
GoEmo_test_0936,pair_598a,I dont think thats too far off. There are 200k homes in most suburbs.,ANGER,Emotion-Plausible
GoEmo_test_0936,pair_598b,I dont think thats too far off. There are 200k homes in most suburbs.,DISGUST,Emotion-Implausible
GoEmo_test_0936,pair_598c,I dont think thats too far off. There are 200k homes in most suburbs.,FEAR,Emotion-Plausible
GoEmo_test_0936,pair_598d,I dont think thats too far off. There are 200k homes in most suburbs.,SURPRISE,Emotion-Implausible
GoEmo_test_0936,pair_598e,I dont think thats too far off. There are 200k homes in most suburbs.,NEUTRAL,Emotion-Obvious
GoEmo_test_0936,pair_598f,I dont think thats too far off. There are 200k homes in most suburbs.,SADNESS,Emotion-Plausible
GoEmo_test_0936,pair_598g,I dont think thats too far off. There are 200k homes in most suburbs.,JOY,Emotion-Plausible
GoEmo_test_0937,pair_599a,It would be really bad for relations between the two cities if we took Memphis' NBA team.,ANGER,Emotion-Plausible
GoEmo_test_0937,pair_599b,It would be really bad for relations between the two cities if we took Memphis' NBA team.,DISGUST,Emotion-Implausible
GoEmo_test_0937,pair_599c,It would be really bad for relations between the two cities if we took Memphis' NBA team.,FEAR,Emotion-Obvious
GoEmo_test_0937,pair_599d,It would be really bad for relations between the two cities if we took Memphis' NBA team.,SURPRISE,Emotion-Implausible
GoEmo_test_0937,pair_599e,It would be really bad for relations between the two cities if we took Memphis' NBA team.,NEUTRAL,Emotion-Implausible
GoEmo_test_0937,pair_599f,It would be really bad for relations between the two cities if we took Memphis' NBA team.,SADNESS,Emotion-Plausible
GoEmo_test_0937,pair_599g,It would be really bad for relations between the two cities if we took Memphis' NBA team.,JOY,Emotion-Plausible
GoEmo_test_0938,pair_600a,"Really? wow. I just reinstalled chrome from scratch, again. So it was Ghostery that caused the full screen issues?",ANGER,Emotion-Obvious
GoEmo_test_0938,pair_600b,"Really? wow. I just reinstalled chrome from scratch, again. So it was Ghostery that caused the full screen issues?",DISGUST,Emotion-Implausible
GoEmo_test_0938,pair_600c,"Really? wow. I just reinstalled chrome from scratch, again. So it was Ghostery that caused the full screen issues?",FEAR,Emotion-Plausible
GoEmo_test_0938,pair_600d,"Really? wow. I just reinstalled chrome from scratch, again. So it was Ghostery that caused the full screen issues?",SURPRISE,Emotion-Obvious
GoEmo_test_0938,pair_600e,"Really? wow. I just reinstalled chrome from scratch, again. So it was Ghostery that caused the full screen issues?",NEUTRAL,Emotion-Implausible
GoEmo_test_0938,pair_600f,"Really? wow. I just reinstalled chrome from scratch, again. So it was Ghostery that caused the full screen issues?",SADNESS,Emotion-Plausible
GoEmo_test_0938,pair_600g,"Really? wow. I just reinstalled chrome from scratch, again. So it was Ghostery that caused the full screen issues?",JOY,Emotion-Plausible
GoEmo_test_0939,pair_601a,At home with a viral infection right now! Praying for death and to the god of paracetamol. Ugh.,ANGER,Emotion-Plausible
GoEmo_test_0939,pair_601b,At home with a viral infection right now! Praying for death and to the god of paracetamol. Ugh.,DISGUST,Emotion-Obvious
GoEmo_test_0939,pair_601c,At home with a viral infection right now! Praying for death and to the god of paracetamol. Ugh.,FEAR,Emotion-Plausible
GoEmo_test_0939,pair_601d,At home with a viral infection right now! Praying for death and to the god of paracetamol. Ugh.,SURPRISE,Emotion-Plausible
GoEmo_test_0939,pair_601e,At home with a viral infection right now! Praying for death and to the god of paracetamol. Ugh.,NEUTRAL,Emotion-Implausible
GoEmo_test_0939,pair_601f,At home with a viral infection right now! Praying for death and to the god of paracetamol. Ugh.,SADNESS,Emotion-Obvious
GoEmo_test_0939,pair_601g,At home with a viral infection right now! Praying for death and to the god of paracetamol. Ugh.,JOY,Emotion-Implausible
GoEmo_test_0940,pair_602a,Thank you for posting this. I never heard this particular interview before.,ANGER,Emotion-Plausible
GoEmo_test_0940,pair_602b,Thank you for posting this. I never heard this particular interview before.,DISGUST,Emotion-Plausible
GoEmo_test_0940,pair_602c,Thank you for posting this. I never heard this particular interview before.,FEAR,Emotion-Implausible
GoEmo_test_0940,pair_602d,Thank you for posting this. I never heard this particular interview before.,SURPRISE,Emotion-Plausible
GoEmo_test_0940,pair_602e,Thank you for posting this. I never heard this particular interview before.,NEUTRAL,Emotion-Plausible
GoEmo_test_0940,pair_602f,Thank you for posting this. I never heard this particular interview before.,SADNESS,Emotion-Plausible
GoEmo_test_0940,pair_602g,Thank you for posting this. I never heard this particular interview before.,JOY,Emotion-Obvious
GoEmo_test_0941,pair_603a,Just got a bit worried because it's always showed up instantly for me before,ANGER,Emotion-Plausible
GoEmo_test_0941,pair_603b,Just got a bit worried because it's always showed up instantly for me before,DISGUST,Emotion-Implausible
GoEmo_test_0941,pair_603c,Just got a bit worried because it's always showed up instantly for me before,FEAR,Emotion-Obvious
GoEmo_test_0941,pair_603d,Just got a bit worried because it's always showed up instantly for me before,SURPRISE,Emotion-Plausible
GoEmo_test_0941,pair_603e,Just got a bit worried because it's always showed up instantly for me before,NEUTRAL,Emotion-Implausible
GoEmo_test_0941,pair_603f,Just got a bit worried because it's always showed up instantly for me before,SADNESS,Emotion-Plausible
GoEmo_test_0941,pair_603g,Just got a bit worried because it's always showed up instantly for me before,JOY,Emotion-Implausible
GoEmo_test_0943,pair_604a,That windshield crack from his skull!,ANGER,Emotion-Plausible
GoEmo_test_0943,pair_604b,That windshield crack from his skull!,DISGUST,Emotion-Plausible
GoEmo_test_0943,pair_604c,That windshield crack from his skull!,FEAR,Emotion-Plausible
GoEmo_test_0943,pair_604d,That windshield crack from his skull!,SURPRISE,Emotion-Obvious
GoEmo_test_0943,pair_604e,That windshield crack from his skull!,NEUTRAL,Emotion-Implausible
GoEmo_test_0943,pair_604f,That windshield crack from his skull!,SADNESS,Emotion-Plausible
GoEmo_test_0943,pair_604g,That windshield crack from his skull!,JOY,Emotion-Plausible
GoEmo_test_0944,pair_605a,"Yay, coming out is hard, you're lucky that they didnt avoid you for the next month, I'm happy for you",ANGER,Emotion-Plausible
GoEmo_test_0944,pair_605b,"Yay, coming out is hard, you're lucky that they didnt avoid you for the next month, I'm happy for you",DISGUST,Emotion-Implausible
GoEmo_test_0944,pair_605c,"Yay, coming out is hard, you're lucky that they didnt avoid you for the next month, I'm happy for you",FEAR,Emotion-Implausible
GoEmo_test_0944,pair_605d,"Yay, coming out is hard, you're lucky that they didnt avoid you for the next month, I'm happy for you",SURPRISE,Emotion-Plausible
GoEmo_test_0944,pair_605e,"Yay, coming out is hard, you're lucky that they didnt avoid you for the next month, I'm happy for you",NEUTRAL,Emotion-Implausible
GoEmo_test_0944,pair_605f,"Yay, coming out is hard, you're lucky that they didnt avoid you for the next month, I'm happy for you",SADNESS,Emotion-Plausible
GoEmo_test_0944,pair_605g,"Yay, coming out is hard, you're lucky that they didnt avoid you for the next month, I'm happy for you",JOY,Emotion-Obvious
GoEmo_test_0945,pair_606a,i hate [NAME] and 20 good men,ANGER,Emotion-Obvious
GoEmo_test_0945,pair_606b,i hate [NAME] and 20 good men,DISGUST,Emotion-Obvious
GoEmo_test_0945,pair_606c,i hate [NAME] and 20 good men,FEAR,Emotion-Implausible
GoEmo_test_0945,pair_606d,i hate [NAME] and 20 good men,SURPRISE,Emotion-Implausible
GoEmo_test_0945,pair_606e,i hate [NAME] and 20 good men,NEUTRAL,Emotion-Implausible
GoEmo_test_0945,pair_606f,i hate [NAME] and 20 good men,SADNESS,Emotion-Implausible
GoEmo_test_0945,pair_606g,i hate [NAME] and 20 good men,JOY,Emotion-Implausible
GoEmo_test_0946,pair_607a,Personally I would take some time to myself and work on spending time with my family since I love them more than my job.,ANGER,Emotion-Plausible
GoEmo_test_0946,pair_607b,Personally I would take some time to myself and work on spending time with my family since I love them more than my job.,DISGUST,Emotion-Implausible
GoEmo_test_0946,pair_607c,Personally I would take some time to myself and work on spending time with my family since I love them more than my job.,FEAR,Emotion-Plausible
GoEmo_test_0946,pair_607d,Personally I would take some time to myself and work on spending time with my family since I love them more than my job.,SURPRISE,Emotion-Implausible
GoEmo_test_0946,pair_607e,Personally I would take some time to myself and work on spending time with my family since I love them more than my job.,NEUTRAL,Emotion-Plausible
GoEmo_test_0946,pair_607f,Personally I would take some time to myself and work on spending time with my family since I love them more than my job.,SADNESS,Emotion-Plausible
GoEmo_test_0946,pair_607g,Personally I would take some time to myself and work on spending time with my family since I love them more than my job.,JOY,Emotion-Obvious
GoEmo_test_0947,pair_608a,"She is during her week of taking sugar pills. Yea I do wish she had mentioned it anyway, I can’t sleep",ANGER,Emotion-Plausible
GoEmo_test_0947,pair_608b,"She is during her week of taking sugar pills. Yea I do wish she had mentioned it anyway, I can’t sleep",DISGUST,Emotion-Plausible
GoEmo_test_0947,pair_608c,"She is during her week of taking sugar pills. Yea I do wish she had mentioned it anyway, I can’t sleep",FEAR,Emotion-Implausible
GoEmo_test_0947,pair_608d,"She is during her week of taking sugar pills. Yea I do wish she had mentioned it anyway, I can’t sleep",SURPRISE,Emotion-Implausible
GoEmo_test_0947,pair_608e,"She is during her week of taking sugar pills. Yea I do wish she had mentioned it anyway, I can’t sleep",NEUTRAL,Emotion-Implausible
GoEmo_test_0947,pair_608f,"She is during her week of taking sugar pills. Yea I do wish she had mentioned it anyway, I can’t sleep",SADNESS,Emotion-Obvious
GoEmo_test_0947,pair_608g,"She is during her week of taking sugar pills. Yea I do wish she had mentioned it anyway, I can’t sleep",JOY,Emotion-Implausible
GoEmo_test_0948,pair_609a,She’s gonna spend all her time whining about [NAME],ANGER,Emotion-Obvious
GoEmo_test_0948,pair_609b,She’s gonna spend all her time whining about [NAME],DISGUST,Emotion-Obvious
GoEmo_test_0948,pair_609c,She’s gonna spend all her time whining about [NAME],FEAR,Emotion-Plausible
GoEmo_test_0948,pair_609d,She’s gonna spend all her time whining about [NAME],SURPRISE,Emotion-Plausible
GoEmo_test_0948,pair_609e,She’s gonna spend all her time whining about [NAME],NEUTRAL,Emotion-Implausible
GoEmo_test_0948,pair_609f,She’s gonna spend all her time whining about [NAME],SADNESS,Emotion-Plausible
GoEmo_test_0948,pair_609g,She’s gonna spend all her time whining about [NAME],JOY,Emotion-Plausible
GoEmo_test_0950,pair_610a,As it should be. Great.,ANGER,Emotion-Plausible
GoEmo_test_0950,pair_610b,As it should be. Great.,DISGUST,Emotion-Implausible
GoEmo_test_0950,pair_610c,As it should be. Great.,FEAR,Emotion-Implausible
GoEmo_test_0950,pair_610d,As it should be. Great.,SURPRISE,Emotion-Plausible
GoEmo_test_0950,pair_610e,As it should be. Great.,NEUTRAL,Emotion-Plausible
GoEmo_test_0950,pair_610f,As it should be. Great.,SADNESS,Emotion-Plausible
GoEmo_test_0950,pair_610g,As it should be. Great.,JOY,Emotion-Obvious
GoEmo_test_0951,pair_611a,i should just quit yikes,ANGER,Emotion-Plausible
GoEmo_test_0951,pair_611b,i should just quit yikes,DISGUST,Emotion-Plausible
GoEmo_test_0951,pair_611c,i should just quit yikes,FEAR,Emotion-Plausible
GoEmo_test_0951,pair_611d,i should just quit yikes,SURPRISE,Emotion-Plausible
GoEmo_test_0951,pair_611e,i should just quit yikes,NEUTRAL,Emotion-Implausible
GoEmo_test_0951,pair_611f,i should just quit yikes,SADNESS,Emotion-Plausible
GoEmo_test_0951,pair_611g,i should just quit yikes,JOY,Emotion-Implausible
GoEmo_test_0953,pair_612a,"Well that sucks. But still if you refuses the test you'd probably have been charged, which is worse.",ANGER,Emotion-Obvious
GoEmo_test_0953,pair_612b,"Well that sucks. But still if you refuses the test you'd probably have been charged, which is worse.",DISGUST,Emotion-Plausible
GoEmo_test_0953,pair_612c,"Well that sucks. But still if you refuses the test you'd probably have been charged, which is worse.",FEAR,Emotion-Plausible
GoEmo_test_0953,pair_612d,"Well that sucks. But still if you refuses the test you'd probably have been charged, which is worse.",SURPRISE,Emotion-Implausible
GoEmo_test_0953,pair_612e,"Well that sucks. But still if you refuses the test you'd probably have been charged, which is worse.",NEUTRAL,Emotion-Implausible
GoEmo_test_0953,pair_612f,"Well that sucks. But still if you refuses the test you'd probably have been charged, which is worse.",SADNESS,Emotion-Obvious
GoEmo_test_0953,pair_612g,"Well that sucks. But still if you refuses the test you'd probably have been charged, which is worse.",JOY,Emotion-Implausible
GoEmo_test_0954,pair_613a,I didn’t know I’m sorry,ANGER,Emotion-Plausible
GoEmo_test_0954,pair_613b,I didn’t know I’m sorry,DISGUST,Emotion-Implausible
GoEmo_test_0954,pair_613c,I didn’t know I’m sorry,FEAR,Emotion-Plausible
GoEmo_test_0954,pair_613d,I didn’t know I’m sorry,SURPRISE,Emotion-Plausible
GoEmo_test_0954,pair_613e,I didn’t know I’m sorry,NEUTRAL,Emotion-Plausible
GoEmo_test_0954,pair_613f,I didn’t know I’m sorry,SADNESS,Emotion-Obvious
GoEmo_test_0954,pair_613g,I didn’t know I’m sorry,JOY,Emotion-Implausible
GoEmo_test_0956,pair_614a,You always choose mum bro. What are you thinking,ANGER,Emotion-Obvious
GoEmo_test_0956,pair_614b,You always choose mum bro. What are you thinking,DISGUST,Emotion-Plausible
GoEmo_test_0956,pair_614c,You always choose mum bro. What are you thinking,FEAR,Emotion-Plausible
GoEmo_test_0956,pair_614d,You always choose mum bro. What are you thinking,SURPRISE,Emotion-Obvious
GoEmo_test_0956,pair_614e,You always choose mum bro. What are you thinking,NEUTRAL,Emotion-Plausible
GoEmo_test_0956,pair_614f,You always choose mum bro. What are you thinking,SADNESS,Emotion-Plausible
GoEmo_test_0956,pair_614g,You always choose mum bro. What are you thinking,JOY,Emotion-Plausible
GoEmo_test_0958,pair_615a,Brilliant! I have absolutely no idea what's going on.,ANGER,Emotion-Plausible
GoEmo_test_0958,pair_615b,Brilliant! I have absolutely no idea what's going on.,DISGUST,Emotion-Plausible
GoEmo_test_0958,pair_615c,Brilliant! I have absolutely no idea what's going on.,FEAR,Emotion-Plausible
GoEmo_test_0958,pair_615d,Brilliant! I have absolutely no idea what's going on.,SURPRISE,Emotion-Obvious
GoEmo_test_0958,pair_615e,Brilliant! I have absolutely no idea what's going on.,NEUTRAL,Emotion-Implausible
GoEmo_test_0958,pair_615f,Brilliant! I have absolutely no idea what's going on.,SADNESS,Emotion-Plausible
GoEmo_test_0958,pair_615g,Brilliant! I have absolutely no idea what's going on.,JOY,Emotion-Plausible
GoEmo_test_0962,pair_616a,you really think the walls gonna cost 5 billion?,ANGER,Emotion-Plausible
GoEmo_test_0962,pair_616b,you really think the walls gonna cost 5 billion?,DISGUST,Emotion-Implausible
GoEmo_test_0962,pair_616c,you really think the walls gonna cost 5 billion?,FEAR,Emotion-Plausible
GoEmo_test_0962,pair_616d,you really think the walls gonna cost 5 billion?,SURPRISE,Emotion-Obvious
GoEmo_test_0962,pair_616e,you really think the walls gonna cost 5 billion?,NEUTRAL,Emotion-Implausible
GoEmo_test_0962,pair_616f,you really think the walls gonna cost 5 billion?,SADNESS,Emotion-Plausible
GoEmo_test_0962,pair_616g,you really think the walls gonna cost 5 billion?,JOY,Emotion-Plausible
GoEmo_test_0963,pair_617a,"Yeah, that changes everything.",ANGER,Emotion-Plausible
GoEmo_test_0963,pair_617b,"Yeah, that changes everything.",DISGUST,Emotion-Plausible
GoEmo_test_0963,pair_617c,"Yeah, that changes everything.",FEAR,Emotion-Plausible
GoEmo_test_0963,pair_617d,"Yeah, that changes everything.",SURPRISE,Emotion-Plausible
GoEmo_test_0963,pair_617e,"Yeah, that changes everything.",NEUTRAL,Emotion-Plausible
GoEmo_test_0963,pair_617f,"Yeah, that changes everything.",SADNESS,Emotion-Plausible
GoEmo_test_0963,pair_617g,"Yeah, that changes everything.",JOY,Emotion-Plausible
GoEmo_test_0964,pair_618a,Is that a tooter lol,ANGER,Emotion-Implausible
GoEmo_test_0964,pair_618b,Is that a tooter lol,DISGUST,Emotion-Plausible
GoEmo_test_0964,pair_618c,Is that a tooter lol,FEAR,Emotion-Implausible
GoEmo_test_0964,pair_618d,Is that a tooter lol,SURPRISE,Emotion-Obvious
GoEmo_test_0964,pair_618e,Is that a tooter lol,NEUTRAL,Emotion-Implausible
GoEmo_test_0964,pair_618f,Is that a tooter lol,SADNESS,Emotion-Implausible
GoEmo_test_0964,pair_618g,Is that a tooter lol,JOY,Emotion-Obvious
GoEmo_test_0965,pair_619a,"Don't apologize. Go grab your favorite drink, some popcorn and watch 500 days of summer instead",ANGER,Emotion-Plausible
GoEmo_test_0965,pair_619b,"Don't apologize. Go grab your favorite drink, some popcorn and watch 500 days of summer instead",DISGUST,Emotion-Implausible
GoEmo_test_0965,pair_619c,"Don't apologize. Go grab your favorite drink, some popcorn and watch 500 days of summer instead",FEAR,Emotion-Implausible
GoEmo_test_0965,pair_619d,"Don't apologize. Go grab your favorite drink, some popcorn and watch 500 days of summer instead",SURPRISE,Emotion-Implausible
GoEmo_test_0965,pair_619e,"Don't apologize. Go grab your favorite drink, some popcorn and watch 500 days of summer instead",NEUTRAL,Emotion-Obvious
GoEmo_test_0965,pair_619f,"Don't apologize. Go grab your favorite drink, some popcorn and watch 500 days of summer instead",SADNESS,Emotion-Plausible
GoEmo_test_0965,pair_619g,"Don't apologize. Go grab your favorite drink, some popcorn and watch 500 days of summer instead",JOY,Emotion-Plausible
GoEmo_test_0966,pair_620a,"oh.. actual physical mail, hehehe I hear ya",ANGER,Emotion-Plausible
GoEmo_test_0966,pair_620b,"oh.. actual physical mail, hehehe I hear ya",DISGUST,Emotion-Implausible
GoEmo_test_0966,pair_620c,"oh.. actual physical mail, hehehe I hear ya",FEAR,Emotion-Implausible
GoEmo_test_0966,pair_620d,"oh.. actual physical mail, hehehe I hear ya",SURPRISE,Emotion-Obvious
GoEmo_test_0966,pair_620e,"oh.. actual physical mail, hehehe I hear ya",NEUTRAL,Emotion-Implausible
GoEmo_test_0966,pair_620f,"oh.. actual physical mail, hehehe I hear ya",SADNESS,Emotion-Plausible
GoEmo_test_0966,pair_620g,"oh.. actual physical mail, hehehe I hear ya",JOY,Emotion-Obvious
GoEmo_test_0968,pair_621a,Would you like a friend? I sure could use one.,ANGER,Emotion-Plausible
GoEmo_test_0968,pair_621b,Would you like a friend? I sure could use one.,DISGUST,Emotion-Implausible
GoEmo_test_0968,pair_621c,Would you like a friend? I sure could use one.,FEAR,Emotion-Plausible
GoEmo_test_0968,pair_621d,Would you like a friend? I sure could use one.,SURPRISE,Emotion-Implausible
GoEmo_test_0968,pair_621e,Would you like a friend? I sure could use one.,NEUTRAL,Emotion-Implausible
GoEmo_test_0968,pair_621f,Would you like a friend? I sure could use one.,SADNESS,Emotion-Plausible
GoEmo_test_0968,pair_621g,Would you like a friend? I sure could use one.,JOY,Emotion-Plausible
GoEmo_test_0969,pair_622a,"None, I know nobody or have anyone nearby who can help.",ANGER,Emotion-Plausible
GoEmo_test_0969,pair_622b,"None, I know nobody or have anyone nearby who can help.",DISGUST,Emotion-Implausible
GoEmo_test_0969,pair_622c,"None, I know nobody or have anyone nearby who can help.",FEAR,Emotion-Plausible
GoEmo_test_0969,pair_622d,"None, I know nobody or have anyone nearby who can help.",SURPRISE,Emotion-Implausible
GoEmo_test_0969,pair_622e,"None, I know nobody or have anyone nearby who can help.",NEUTRAL,Emotion-Plausible
GoEmo_test_0969,pair_622f,"None, I know nobody or have anyone nearby who can help.",SADNESS,Emotion-Obvious
GoEmo_test_0969,pair_622g,"None, I know nobody or have anyone nearby who can help.",JOY,Emotion-Implausible
GoEmo_test_0972,pair_623a,"You have to live for you. Go get that education, go get that career. Rediscover yourself.",ANGER,Emotion-Plausible
GoEmo_test_0972,pair_623b,"You have to live for you. Go get that education, go get that career. Rediscover yourself.",DISGUST,Emotion-Implausible
GoEmo_test_0972,pair_623c,"You have to live for you. Go get that education, go get that career. Rediscover yourself.",FEAR,Emotion-Plausible
GoEmo_test_0972,pair_623d,"You have to live for you. Go get that education, go get that career. Rediscover yourself.",SURPRISE,Emotion-Plausible
GoEmo_test_0972,pair_623e,"You have to live for you. Go get that education, go get that career. Rediscover yourself.",NEUTRAL,Emotion-Implausible
GoEmo_test_0972,pair_623f,"You have to live for you. Go get that education, go get that career. Rediscover yourself.",SADNESS,Emotion-Plausible
GoEmo_test_0972,pair_623g,"You have to live for you. Go get that education, go get that career. Rediscover yourself.",JOY,Emotion-Obvious
GoEmo_test_0973,pair_624a,I felt bad for laughing,ANGER,Emotion-Plausible
GoEmo_test_0973,pair_624b,I felt bad for laughing,DISGUST,Emotion-Implausible
GoEmo_test_0973,pair_624c,I felt bad for laughing,FEAR,Emotion-Plausible
GoEmo_test_0973,pair_624d,I felt bad for laughing,SURPRISE,Emotion-Plausible
GoEmo_test_0973,pair_624e,I felt bad for laughing,NEUTRAL,Emotion-Implausible
GoEmo_test_0973,pair_624f,I felt bad for laughing,SADNESS,Emotion-Obvious
GoEmo_test_0973,pair_624g,I felt bad for laughing,JOY,Emotion-Plausible
GoEmo_test_0974,pair_625a,Lol you could have just said that,ANGER,Emotion-Plausible
GoEmo_test_0974,pair_625b,Lol you could have just said that,DISGUST,Emotion-Implausible
GoEmo_test_0974,pair_625c,Lol you could have just said that,FEAR,Emotion-Implausible
GoEmo_test_0974,pair_625d,Lol you could have just said that,SURPRISE,Emotion-Plausible
GoEmo_test_0974,pair_625e,Lol you could have just said that,NEUTRAL,Emotion-Plausible
GoEmo_test_0974,pair_625f,Lol you could have just said that,SADNESS,Emotion-Plausible
GoEmo_test_0974,pair_625g,Lol you could have just said that,JOY,Emotion-Obvious
GoEmo_test_0975,pair_626a,"Ah yes, the United States Mutant Ninja Turtles. They would dominate every sport.",ANGER,Emotion-Plausible
GoEmo_test_0975,pair_626b,"Ah yes, the United States Mutant Ninja Turtles. They would dominate every sport.",DISGUST,Emotion-Plausible
GoEmo_test_0975,pair_626c,"Ah yes, the United States Mutant Ninja Turtles. They would dominate every sport.",FEAR,Emotion-Plausible
GoEmo_test_0975,pair_626d,"Ah yes, the United States Mutant Ninja Turtles. They would dominate every sport.",SURPRISE,Emotion-Plausible
GoEmo_test_0975,pair_626e,"Ah yes, the United States Mutant Ninja Turtles. They would dominate every sport.",NEUTRAL,Emotion-Implausible
GoEmo_test_0975,pair_626f,"Ah yes, the United States Mutant Ninja Turtles. They would dominate every sport.",SADNESS,Emotion-Plausible
GoEmo_test_0975,pair_626g,"Ah yes, the United States Mutant Ninja Turtles. They would dominate every sport.",JOY,Emotion-Obvious
GoEmo_test_0976,pair_627a,"I binged that podcast in about 2 days at work. Amazing. The convention for Limelight, and how emotional they got for those poor women was heartbreaking.",ANGER,Emotion-Plausible
GoEmo_test_0976,pair_627b,"I binged that podcast in about 2 days at work. Amazing. The convention for Limelight, and how emotional they got for those poor women was heartbreaking.",DISGUST,Emotion-Implausible
GoEmo_test_0976,pair_627c,"I binged that podcast in about 2 days at work. Amazing. The convention for Limelight, and how emotional they got for those poor women was heartbreaking.",FEAR,Emotion-Implausible
GoEmo_test_0976,pair_627d,"I binged that podcast in about 2 days at work. Amazing. The convention for Limelight, and how emotional they got for those poor women was heartbreaking.",SURPRISE,Emotion-Plausible
GoEmo_test_0976,pair_627e,"I binged that podcast in about 2 days at work. Amazing. The convention for Limelight, and how emotional they got for those poor women was heartbreaking.",NEUTRAL,Emotion-Implausible
GoEmo_test_0976,pair_627f,"I binged that podcast in about 2 days at work. Amazing. The convention for Limelight, and how emotional they got for those poor women was heartbreaking.",SADNESS,Emotion-Obvious
GoEmo_test_0976,pair_627g,"I binged that podcast in about 2 days at work. Amazing. The convention for Limelight, and how emotional they got for those poor women was heartbreaking.",JOY,Emotion-Obvious
GoEmo_test_0977,pair_628a,Lol just leave it bruh it adds character,ANGER,Emotion-Plausible
GoEmo_test_0977,pair_628b,Lol just leave it bruh it adds character,DISGUST,Emotion-Plausible
GoEmo_test_0977,pair_628c,Lol just leave it bruh it adds character,FEAR,Emotion-Implausible
GoEmo_test_0977,pair_628d,Lol just leave it bruh it adds character,SURPRISE,Emotion-Implausible
GoEmo_test_0977,pair_628e,Lol just leave it bruh it adds character,NEUTRAL,Emotion-Plausible
GoEmo_test_0977,pair_628f,Lol just leave it bruh it adds character,SADNESS,Emotion-Plausible
GoEmo_test_0977,pair_628g,Lol just leave it bruh it adds character,JOY,Emotion-Obvious
GoEmo_test_0980,pair_629a,just wait till [NAME] gets his less than 10 years deal.,ANGER,Emotion-Plausible
GoEmo_test_0980,pair_629b,just wait till [NAME] gets his less than 10 years deal.,DISGUST,Emotion-Plausible
GoEmo_test_0980,pair_629c,just wait till [NAME] gets his less than 10 years deal.,FEAR,Emotion-Plausible
GoEmo_test_0980,pair_629d,just wait till [NAME] gets his less than 10 years deal.,SURPRISE,Emotion-Implausible
GoEmo_test_0980,pair_629e,just wait till [NAME] gets his less than 10 years deal.,NEUTRAL,Emotion-Obvious
GoEmo_test_0980,pair_629f,just wait till [NAME] gets his less than 10 years deal.,SADNESS,Emotion-Plausible
GoEmo_test_0980,pair_629g,just wait till [NAME] gets his less than 10 years deal.,JOY,Emotion-Plausible
GoEmo_test_0981,pair_630a,"Link pls, I need to see this! ( I bet he dropped it)",ANGER,Emotion-Plausible
GoEmo_test_0981,pair_630b,"Link pls, I need to see this! ( I bet he dropped it)",DISGUST,Emotion-Implausible
GoEmo_test_0981,pair_630c,"Link pls, I need to see this! ( I bet he dropped it)",FEAR,Emotion-Plausible
GoEmo_test_0981,pair_630d,"Link pls, I need to see this! ( I bet he dropped it)",SURPRISE,Emotion-Plausible
GoEmo_test_0981,pair_630e,"Link pls, I need to see this! ( I bet he dropped it)",NEUTRAL,Emotion-Implausible
GoEmo_test_0981,pair_630f,"Link pls, I need to see this! ( I bet he dropped it)",SADNESS,Emotion-Plausible
GoEmo_test_0981,pair_630g,"Link pls, I need to see this! ( I bet he dropped it)",JOY,Emotion-Obvious
GoEmo_test_0983,pair_631a,cant wait to go through a rebranded version of this pain again in college too,ANGER,Emotion-Obvious
GoEmo_test_0983,pair_631b,cant wait to go through a rebranded version of this pain again in college too,DISGUST,Emotion-Plausible
GoEmo_test_0983,pair_631c,cant wait to go through a rebranded version of this pain again in college too,FEAR,Emotion-Plausible
GoEmo_test_0983,pair_631d,cant wait to go through a rebranded version of this pain again in college too,SURPRISE,Emotion-Plausible
GoEmo_test_0983,pair_631e,cant wait to go through a rebranded version of this pain again in college too,NEUTRAL,Emotion-Implausible
GoEmo_test_0983,pair_631f,cant wait to go through a rebranded version of this pain again in college too,SADNESS,Emotion-Obvious
GoEmo_test_0983,pair_631g,cant wait to go through a rebranded version of this pain again in college too,JOY,Emotion-Implausible
GoEmo_test_0984,pair_632a,Baby rape. Can’t make a funny joke about it.,ANGER,Emotion-Obvious
GoEmo_test_0984,pair_632b,Baby rape. Can’t make a funny joke about it.,DISGUST,Emotion-Obvious
GoEmo_test_0984,pair_632c,Baby rape. Can’t make a funny joke about it.,FEAR,Emotion-Plausible
GoEmo_test_0984,pair_632d,Baby rape. Can’t make a funny joke about it.,SURPRISE,Emotion-Plausible
GoEmo_test_0984,pair_632e,Baby rape. Can’t make a funny joke about it.,NEUTRAL,Emotion-Implausible
GoEmo_test_0984,pair_632f,Baby rape. Can’t make a funny joke about it.,SADNESS,Emotion-Obvious
GoEmo_test_0984,pair_632g,Baby rape. Can’t make a funny joke about it.,JOY,Emotion-Implausible
GoEmo_test_0986,pair_633a,"The reason most people don't get the joke is because it's such a bad one, that they think that it's not meant to be one.",ANGER,Emotion-Plausible
GoEmo_test_0986,pair_633b,"The reason most people don't get the joke is because it's such a bad one, that they think that it's not meant to be one.",DISGUST,Emotion-Plausible
GoEmo_test_0986,pair_633c,"The reason most people don't get the joke is because it's such a bad one, that they think that it's not meant to be one.",FEAR,Emotion-Implausible
GoEmo_test_0986,pair_633d,"The reason most people don't get the joke is because it's such a bad one, that they think that it's not meant to be one.",SURPRISE,Emotion-Plausible
GoEmo_test_0986,pair_633e,"The reason most people don't get the joke is because it's such a bad one, that they think that it's not meant to be one.",NEUTRAL,Emotion-Obvious
GoEmo_test_0986,pair_633f,"The reason most people don't get the joke is because it's such a bad one, that they think that it's not meant to be one.",SADNESS,Emotion-Plausible
GoEmo_test_0986,pair_633g,"The reason most people don't get the joke is because it's such a bad one, that they think that it's not meant to be one.",JOY,Emotion-Implausible
GoEmo_test_0987,pair_634a,Laxatives in brownies. Itching powder in shoes. Remove toilet paper from bathroom. Kill him Sharpie his face when he goes to sleep Put a stink bomb in his booksack Steal his girl.,ANGER,Emotion-Obvious
GoEmo_test_0987,pair_634b,Laxatives in brownies. Itching powder in shoes. Remove toilet paper from bathroom. Kill him Sharpie his face when he goes to sleep Put a stink bomb in his booksack Steal his girl.,DISGUST,Emotion-Plausible
GoEmo_test_0987,pair_634c,Laxatives in brownies. Itching powder in shoes. Remove toilet paper from bathroom. Kill him Sharpie his face when he goes to sleep Put a stink bomb in his booksack Steal his girl.,FEAR,Emotion-Implausible
GoEmo_test_0987,pair_634d,Laxatives in brownies. Itching powder in shoes. Remove toilet paper from bathroom. Kill him Sharpie his face when he goes to sleep Put a stink bomb in his booksack Steal his girl.,SURPRISE,Emotion-Implausible
GoEmo_test_0987,pair_634e,Laxatives in brownies. Itching powder in shoes. Remove toilet paper from bathroom. Kill him Sharpie his face when he goes to sleep Put a stink bomb in his booksack Steal his girl.,NEUTRAL,Emotion-Implausible
GoEmo_test_0987,pair_634f,Laxatives in brownies. Itching powder in shoes. Remove toilet paper from bathroom. Kill him Sharpie his face when he goes to sleep Put a stink bomb in his booksack Steal his girl.,SADNESS,Emotion-Implausible
GoEmo_test_0987,pair_634g,Laxatives in brownies. Itching powder in shoes. Remove toilet paper from bathroom. Kill him Sharpie his face when he goes to sleep Put a stink bomb in his booksack Steal his girl.,JOY,Emotion-Plausible
GoEmo_test_0988,pair_635a,What's the streamer's name? I want to find the aftermath of this,ANGER,Emotion-Plausible
GoEmo_test_0988,pair_635b,What's the streamer's name? I want to find the aftermath of this,DISGUST,Emotion-Plausible
GoEmo_test_0988,pair_635c,What's the streamer's name? I want to find the aftermath of this,FEAR,Emotion-Plausible
GoEmo_test_0988,pair_635d,What's the streamer's name? I want to find the aftermath of this,SURPRISE,Emotion-Plausible
GoEmo_test_0988,pair_635e,What's the streamer's name? I want to find the aftermath of this,NEUTRAL,Emotion-Plausible
GoEmo_test_0988,pair_635f,What's the streamer's name? I want to find the aftermath of this,SADNESS,Emotion-Plausible
GoEmo_test_0988,pair_635g,What's the streamer's name? I want to find the aftermath of this,JOY,Emotion-Plausible
GoEmo_test_0990,pair_636a,The complete series is on Hulu just finished watching it. Definitely recommend,ANGER,Emotion-Implausible
GoEmo_test_0990,pair_636b,The complete series is on Hulu just finished watching it. Definitely recommend,DISGUST,Emotion-Implausible
GoEmo_test_0990,pair_636c,The complete series is on Hulu just finished watching it. Definitely recommend,FEAR,Emotion-Implausible
GoEmo_test_0990,pair_636d,The complete series is on Hulu just finished watching it. Definitely recommend,SURPRISE,Emotion-Plausible
GoEmo_test_0990,pair_636e,The complete series is on Hulu just finished watching it. Definitely recommend,NEUTRAL,Emotion-Implausible
GoEmo_test_0990,pair_636f,The complete series is on Hulu just finished watching it. Definitely recommend,SADNESS,Emotion-Implausible
GoEmo_test_0990,pair_636g,The complete series is on Hulu just finished watching it. Definitely recommend,JOY,Emotion-Obvious
GoEmo_test_0991,pair_637a,Yeah... I get that. it's like the conversion has already been had before you entered the room and your opinion has been disregarded...,ANGER,Emotion-Obvious
GoEmo_test_0991,pair_637b,Yeah... I get that. it's like the conversion has already been had before you entered the room and your opinion has been disregarded...,DISGUST,Emotion-Plausible
GoEmo_test_0991,pair_637c,Yeah... I get that. it's like the conversion has already been had before you entered the room and your opinion has been disregarded...,FEAR,Emotion-Plausible
GoEmo_test_0991,pair_637d,Yeah... I get that. it's like the conversion has already been had before you entered the room and your opinion has been disregarded...,SURPRISE,Emotion-Implausible
GoEmo_test_0991,pair_637e,Yeah... I get that. it's like the conversion has already been had before you entered the room and your opinion has been disregarded...,NEUTRAL,Emotion-Implausible
GoEmo_test_0991,pair_637f,Yeah... I get that. it's like the conversion has already been had before you entered the room and your opinion has been disregarded...,SADNESS,Emotion-Obvious
GoEmo_test_0991,pair_637g,Yeah... I get that. it's like the conversion has already been had before you entered the room and your opinion has been disregarded...,JOY,Emotion-Plausible
GoEmo_test_0992,pair_638a,He's really likeable but has some flaws. I hope I'm wrong but i don't see him being a phenom like [NAME],ANGER,Emotion-Plausible
GoEmo_test_0992,pair_638b,He's really likeable but has some flaws. I hope I'm wrong but i don't see him being a phenom like [NAME],DISGUST,Emotion-Plausible
GoEmo_test_0992,pair_638c,He's really likeable but has some flaws. I hope I'm wrong but i don't see him being a phenom like [NAME],FEAR,Emotion-Obvious
GoEmo_test_0992,pair_638d,He's really likeable but has some flaws. I hope I'm wrong but i don't see him being a phenom like [NAME],SURPRISE,Emotion-Implausible
GoEmo_test_0992,pair_638e,He's really likeable but has some flaws. I hope I'm wrong but i don't see him being a phenom like [NAME],NEUTRAL,Emotion-Plausible
GoEmo_test_0992,pair_638f,He's really likeable but has some flaws. I hope I'm wrong but i don't see him being a phenom like [NAME],SADNESS,Emotion-Obvious
GoEmo_test_0992,pair_638g,He's really likeable but has some flaws. I hope I'm wrong but i don't see him being a phenom like [NAME],JOY,Emotion-Plausible
GoEmo_test_0993,pair_639a,"Any one of us could be a journalist, and that level of journalism feeding the masses is mildly scary.",ANGER,Emotion-Plausible
GoEmo_test_0993,pair_639b,"Any one of us could be a journalist, and that level of journalism feeding the masses is mildly scary.",DISGUST,Emotion-Plausible
GoEmo_test_0993,pair_639c,"Any one of us could be a journalist, and that level of journalism feeding the masses is mildly scary.",FEAR,Emotion-Obvious
GoEmo_test_0993,pair_639d,"Any one of us could be a journalist, and that level of journalism feeding the masses is mildly scary.",SURPRISE,Emotion-Implausible
GoEmo_test_0993,pair_639e,"Any one of us could be a journalist, and that level of journalism feeding the masses is mildly scary.",NEUTRAL,Emotion-Implausible
GoEmo_test_0993,pair_639f,"Any one of us could be a journalist, and that level of journalism feeding the masses is mildly scary.",SADNESS,Emotion-Plausible
GoEmo_test_0993,pair_639g,"Any one of us could be a journalist, and that level of journalism feeding the masses is mildly scary.",JOY,Emotion-Implausible
GoEmo_test_0994,pair_640a,Somehow I got banned for replying to a troll. The mods over there have itchy trigger fingers.,ANGER,Emotion-Obvious
GoEmo_test_0994,pair_640b,Somehow I got banned for replying to a troll. The mods over there have itchy trigger fingers.,DISGUST,Emotion-Plausible
GoEmo_test_0994,pair_640c,Somehow I got banned for replying to a troll. The mods over there have itchy trigger fingers.,FEAR,Emotion-Plausible
GoEmo_test_0994,pair_640d,Somehow I got banned for replying to a troll. The mods over there have itchy trigger fingers.,SURPRISE,Emotion-Obvious
GoEmo_test_0994,pair_640e,Somehow I got banned for replying to a troll. The mods over there have itchy trigger fingers.,NEUTRAL,Emotion-Implausible
GoEmo_test_0994,pair_640f,Somehow I got banned for replying to a troll. The mods over there have itchy trigger fingers.,SADNESS,Emotion-Plausible
GoEmo_test_0994,pair_640g,Somehow I got banned for replying to a troll. The mods over there have itchy trigger fingers.,JOY,Emotion-Implausible
GoEmo_test_0996,pair_641a,"says you, too bad you're totally wrong.",ANGER,Emotion-Obvious
GoEmo_test_0996,pair_641b,"says you, too bad you're totally wrong.",DISGUST,Emotion-Plausible
GoEmo_test_0996,pair_641c,"says you, too bad you're totally wrong.",FEAR,Emotion-Implausible
GoEmo_test_0996,pair_641d,"says you, too bad you're totally wrong.",SURPRISE,Emotion-Plausible
GoEmo_test_0996,pair_641e,"says you, too bad you're totally wrong.",NEUTRAL,Emotion-Implausible
GoEmo_test_0996,pair_641f,"says you, too bad you're totally wrong.",SADNESS,Emotion-Plausible
GoEmo_test_0996,pair_641g,"says you, too bad you're totally wrong.",JOY,Emotion-Plausible
GoEmo_test_0998,pair_642a,Where did I state I wanted to keep Syria going? Is making things up just a usual part of your arguements?,ANGER,Emotion-Obvious
GoEmo_test_0998,pair_642b,Where did I state I wanted to keep Syria going? Is making things up just a usual part of your arguements?,DISGUST,Emotion-Obvious
GoEmo_test_0998,pair_642c,Where did I state I wanted to keep Syria going? Is making things up just a usual part of your arguements?,FEAR,Emotion-Plausible
GoEmo_test_0998,pair_642d,Where did I state I wanted to keep Syria going? Is making things up just a usual part of your arguements?,SURPRISE,Emotion-Plausible
GoEmo_test_0998,pair_642e,Where did I state I wanted to keep Syria going? Is making things up just a usual part of your arguements?,NEUTRAL,Emotion-Implausible
GoEmo_test_0998,pair_642f,Where did I state I wanted to keep Syria going? Is making things up just a usual part of your arguements?,SADNESS,Emotion-Implausible
GoEmo_test_0998,pair_642g,Where did I state I wanted to keep Syria going? Is making things up just a usual part of your arguements?,JOY,Emotion-Implausible
GoEmo_test_1000,pair_643a,What a legend,ANGER,Emotion-Plausible
GoEmo_test_1000,pair_643b,What a legend,DISGUST,Emotion-Implausible
GoEmo_test_1000,pair_643c,What a legend,FEAR,Emotion-Plausible
GoEmo_test_1000,pair_643d,What a legend,SURPRISE,Emotion-Obvious
GoEmo_test_1000,pair_643e,What a legend,NEUTRAL,Emotion-Implausible
GoEmo_test_1000,pair_643f,What a legend,SADNESS,Emotion-Plausible
GoEmo_test_1000,pair_643g,What a legend,JOY,Emotion-Obvious
GoEmo_test_1003,pair_644a,They literally don’t have enough time on the planet to regret their actions.,ANGER,Emotion-Obvious
GoEmo_test_1003,pair_644b,They literally don’t have enough time on the planet to regret their actions.,DISGUST,Emotion-Obvious
GoEmo_test_1003,pair_644c,They literally don’t have enough time on the planet to regret their actions.,FEAR,Emotion-Implausible
GoEmo_test_1003,pair_644d,They literally don’t have enough time on the planet to regret their actions.,SURPRISE,Emotion-Plausible
GoEmo_test_1003,pair_644e,They literally don’t have enough time on the planet to regret their actions.,NEUTRAL,Emotion-Implausible
GoEmo_test_1003,pair_644f,They literally don’t have enough time on the planet to regret their actions.,SADNESS,Emotion-Plausible
GoEmo_test_1003,pair_644g,They literally don’t have enough time on the planet to regret their actions.,JOY,Emotion-Plausible
GoEmo_test_1004,pair_645a,"The best advice I have, which it seems most people completely overlook: Have fun.",ANGER,Emotion-Plausible
GoEmo_test_1004,pair_645b,"The best advice I have, which it seems most people completely overlook: Have fun.",DISGUST,Emotion-Implausible
GoEmo_test_1004,pair_645c,"The best advice I have, which it seems most people completely overlook: Have fun.",FEAR,Emotion-Implausible
GoEmo_test_1004,pair_645d,"The best advice I have, which it seems most people completely overlook: Have fun.",SURPRISE,Emotion-Plausible
GoEmo_test_1004,pair_645e,"The best advice I have, which it seems most people completely overlook: Have fun.",NEUTRAL,Emotion-Obvious
GoEmo_test_1004,pair_645f,"The best advice I have, which it seems most people completely overlook: Have fun.",SADNESS,Emotion-Plausible
GoEmo_test_1004,pair_645g,"The best advice I have, which it seems most people completely overlook: Have fun.",JOY,Emotion-Plausible
GoEmo_test_1005,pair_646a,"But one-third jokey, one-third pissed and one-third dead serious just doesnt have the same ring does it?",ANGER,Emotion-Obvious
GoEmo_test_1005,pair_646b,"But one-third jokey, one-third pissed and one-third dead serious just doesnt have the same ring does it?",DISGUST,Emotion-Plausible
GoEmo_test_1005,pair_646c,"But one-third jokey, one-third pissed and one-third dead serious just doesnt have the same ring does it?",FEAR,Emotion-Plausible
GoEmo_test_1005,pair_646d,"But one-third jokey, one-third pissed and one-third dead serious just doesnt have the same ring does it?",SURPRISE,Emotion-Plausible
GoEmo_test_1005,pair_646e,"But one-third jokey, one-third pissed and one-third dead serious just doesnt have the same ring does it?",NEUTRAL,Emotion-Implausible
GoEmo_test_1005,pair_646f,"But one-third jokey, one-third pissed and one-third dead serious just doesnt have the same ring does it?",SADNESS,Emotion-Plausible
GoEmo_test_1005,pair_646g,"But one-third jokey, one-third pissed and one-third dead serious just doesnt have the same ring does it?",JOY,Emotion-Plausible
GoEmo_test_1007,pair_647a,Don't you're making me paranoid man,ANGER,Emotion-Obvious
GoEmo_test_1007,pair_647b,Don't you're making me paranoid man,DISGUST,Emotion-Implausible
GoEmo_test_1007,pair_647c,Don't you're making me paranoid man,FEAR,Emotion-Obvious
GoEmo_test_1007,pair_647d,Don't you're making me paranoid man,SURPRISE,Emotion-Implausible
GoEmo_test_1007,pair_647e,Don't you're making me paranoid man,NEUTRAL,Emotion-Implausible
GoEmo_test_1007,pair_647f,Don't you're making me paranoid man,SADNESS,Emotion-Plausible
GoEmo_test_1007,pair_647g,Don't you're making me paranoid man,JOY,Emotion-Implausible
GoEmo_test_1008,pair_648a,Lmao the brigading is real,ANGER,Emotion-Plausible
GoEmo_test_1008,pair_648b,Lmao the brigading is real,DISGUST,Emotion-Plausible
GoEmo_test_1008,pair_648c,Lmao the brigading is real,FEAR,Emotion-Plausible
GoEmo_test_1008,pair_648d,Lmao the brigading is real,SURPRISE,Emotion-Plausible
GoEmo_test_1008,pair_648e,Lmao the brigading is real,NEUTRAL,Emotion-Implausible
GoEmo_test_1008,pair_648f,Lmao the brigading is real,SADNESS,Emotion-Plausible
GoEmo_test_1008,pair_648g,Lmao the brigading is real,JOY,Emotion-Obvious
GoEmo_test_1009,pair_649a,The barriers in large only exist with respect to Canadian oil. Other producers (with the exclusion of Venezuela ) seem to be enjoying a very profitable time.,ANGER,Emotion-Plausible
GoEmo_test_1009,pair_649b,The barriers in large only exist with respect to Canadian oil. Other producers (with the exclusion of Venezuela ) seem to be enjoying a very profitable time.,DISGUST,Emotion-Plausible
GoEmo_test_1009,pair_649c,The barriers in large only exist with respect to Canadian oil. Other producers (with the exclusion of Venezuela ) seem to be enjoying a very profitable time.,FEAR,Emotion-Plausible
GoEmo_test_1009,pair_649d,The barriers in large only exist with respect to Canadian oil. Other producers (with the exclusion of Venezuela ) seem to be enjoying a very profitable time.,SURPRISE,Emotion-Plausible
GoEmo_test_1009,pair_649e,The barriers in large only exist with respect to Canadian oil. Other producers (with the exclusion of Venezuela ) seem to be enjoying a very profitable time.,NEUTRAL,Emotion-Plausible
GoEmo_test_1009,pair_649f,The barriers in large only exist with respect to Canadian oil. Other producers (with the exclusion of Venezuela ) seem to be enjoying a very profitable time.,SADNESS,Emotion-Plausible
GoEmo_test_1009,pair_649g,The barriers in large only exist with respect to Canadian oil. Other producers (with the exclusion of Venezuela ) seem to be enjoying a very profitable time.,JOY,Emotion-Plausible
GoEmo_test_1010,pair_650a,I can't wait to tell my daughter how she used to love me so much she even wanted to watch me poop.,ANGER,Emotion-Plausible
GoEmo_test_1010,pair_650b,I can't wait to tell my daughter how she used to love me so much she even wanted to watch me poop.,DISGUST,Emotion-Plausible
GoEmo_test_1010,pair_650c,I can't wait to tell my daughter how she used to love me so much she even wanted to watch me poop.,FEAR,Emotion-Implausible
GoEmo_test_1010,pair_650d,I can't wait to tell my daughter how she used to love me so much she even wanted to watch me poop.,SURPRISE,Emotion-Implausible
GoEmo_test_1010,pair_650e,I can't wait to tell my daughter how she used to love me so much she even wanted to watch me poop.,NEUTRAL,Emotion-Implausible
GoEmo_test_1010,pair_650f,I can't wait to tell my daughter how she used to love me so much she even wanted to watch me poop.,SADNESS,Emotion-Plausible
GoEmo_test_1010,pair_650g,I can't wait to tell my daughter how she used to love me so much she even wanted to watch me poop.,JOY,Emotion-Obvious
GoEmo_test_1011,pair_651a,"Thank you, I will tackle those too!",ANGER,Emotion-Plausible
GoEmo_test_1011,pair_651b,"Thank you, I will tackle those too!",DISGUST,Emotion-Implausible
GoEmo_test_1011,pair_651c,"Thank you, I will tackle those too!",FEAR,Emotion-Plausible
GoEmo_test_1011,pair_651d,"Thank you, I will tackle those too!",SURPRISE,Emotion-Plausible
GoEmo_test_1011,pair_651e,"Thank you, I will tackle those too!",NEUTRAL,Emotion-Plausible
GoEmo_test_1011,pair_651f,"Thank you, I will tackle those too!",SADNESS,Emotion-Plausible
GoEmo_test_1011,pair_651g,"Thank you, I will tackle those too!",JOY,Emotion-Obvious
GoEmo_test_1012,pair_652a,"Was she? Oh, never been good at picking up on stuff like that. Thanks for letting me know!",ANGER,Emotion-Plausible
GoEmo_test_1012,pair_652b,"Was she? Oh, never been good at picking up on stuff like that. Thanks for letting me know!",DISGUST,Emotion-Plausible
GoEmo_test_1012,pair_652c,"Was she? Oh, never been good at picking up on stuff like that. Thanks for letting me know!",FEAR,Emotion-Plausible
GoEmo_test_1012,pair_652d,"Was she? Oh, never been good at picking up on stuff like that. Thanks for letting me know!",SURPRISE,Emotion-Obvious
GoEmo_test_1012,pair_652e,"Was she? Oh, never been good at picking up on stuff like that. Thanks for letting me know!",NEUTRAL,Emotion-Implausible
GoEmo_test_1012,pair_652f,"Was she? Oh, never been good at picking up on stuff like that. Thanks for letting me know!",SADNESS,Emotion-Plausible
GoEmo_test_1012,pair_652g,"Was she? Oh, never been good at picking up on stuff like that. Thanks for letting me know!",JOY,Emotion-Plausible
GoEmo_test_1014,pair_653a,Isn't she like a worse version of [NAME]? I always hear from everyone that she is pretty trash.,ANGER,Emotion-Plausible
GoEmo_test_1014,pair_653b,Isn't she like a worse version of [NAME]? I always hear from everyone that she is pretty trash.,DISGUST,Emotion-Obvious
GoEmo_test_1014,pair_653c,Isn't she like a worse version of [NAME]? I always hear from everyone that she is pretty trash.,FEAR,Emotion-Plausible
GoEmo_test_1014,pair_653d,Isn't she like a worse version of [NAME]? I always hear from everyone that she is pretty trash.,SURPRISE,Emotion-Plausible
GoEmo_test_1014,pair_653e,Isn't she like a worse version of [NAME]? I always hear from everyone that she is pretty trash.,NEUTRAL,Emotion-Implausible
GoEmo_test_1014,pair_653f,Isn't she like a worse version of [NAME]? I always hear from everyone that she is pretty trash.,SADNESS,Emotion-Plausible
GoEmo_test_1014,pair_653g,Isn't she like a worse version of [NAME]? I always hear from everyone that she is pretty trash.,JOY,Emotion-Implausible
GoEmo_test_1017,pair_654a,"He's not interested, blessim...",ANGER,Emotion-Plausible
GoEmo_test_1017,pair_654b,"He's not interested, blessim...",DISGUST,Emotion-Implausible
GoEmo_test_1017,pair_654c,"He's not interested, blessim...",FEAR,Emotion-Plausible
GoEmo_test_1017,pair_654d,"He's not interested, blessim...",SURPRISE,Emotion-Plausible
GoEmo_test_1017,pair_654e,"He's not interested, blessim...",NEUTRAL,Emotion-Implausible
GoEmo_test_1017,pair_654f,"He's not interested, blessim...",SADNESS,Emotion-Obvious
GoEmo_test_1017,pair_654g,"He's not interested, blessim...",JOY,Emotion-Implausible
GoEmo_test_1019,pair_655a,Because it’s more fun?,ANGER,Emotion-Plausible
GoEmo_test_1019,pair_655b,Because it’s more fun?,DISGUST,Emotion-Plausible
GoEmo_test_1019,pair_655c,Because it’s more fun?,FEAR,Emotion-Plausible
GoEmo_test_1019,pair_655d,Because it’s more fun?,SURPRISE,Emotion-Obvious
GoEmo_test_1019,pair_655e,Because it’s more fun?,NEUTRAL,Emotion-Plausible
GoEmo_test_1019,pair_655f,Because it’s more fun?,SADNESS,Emotion-Plausible
GoEmo_test_1019,pair_655g,Because it’s more fun?,JOY,Emotion-Plausible
GoEmo_test_1023,pair_656a,"Thank you, I hope you do too. You can always message me if you need to talk.",ANGER,Emotion-Implausible
GoEmo_test_1023,pair_656b,"Thank you, I hope you do too. You can always message me if you need to talk.",DISGUST,Emotion-Implausible
GoEmo_test_1023,pair_656c,"Thank you, I hope you do too. You can always message me if you need to talk.",FEAR,Emotion-Implausible
GoEmo_test_1023,pair_656d,"Thank you, I hope you do too. You can always message me if you need to talk.",SURPRISE,Emotion-Implausible
GoEmo_test_1023,pair_656e,"Thank you, I hope you do too. You can always message me if you need to talk.",NEUTRAL,Emotion-Plausible
GoEmo_test_1023,pair_656f,"Thank you, I hope you do too. You can always message me if you need to talk.",SADNESS,Emotion-Plausible
GoEmo_test_1023,pair_656g,"Thank you, I hope you do too. You can always message me if you need to talk.",JOY,Emotion-Plausible
GoEmo_test_1024,pair_657a,"Nope, you're right, it's the same tweet you're thinking of, check the date.",ANGER,Emotion-Plausible
GoEmo_test_1024,pair_657b,"Nope, you're right, it's the same tweet you're thinking of, check the date.",DISGUST,Emotion-Plausible
GoEmo_test_1024,pair_657c,"Nope, you're right, it's the same tweet you're thinking of, check the date.",FEAR,Emotion-Plausible
GoEmo_test_1024,pair_657d,"Nope, you're right, it's the same tweet you're thinking of, check the date.",SURPRISE,Emotion-Implausible
GoEmo_test_1024,pair_657e,"Nope, you're right, it's the same tweet you're thinking of, check the date.",NEUTRAL,Emotion-Obvious
GoEmo_test_1024,pair_657f,"Nope, you're right, it's the same tweet you're thinking of, check the date.",SADNESS,Emotion-Plausible
GoEmo_test_1024,pair_657g,"Nope, you're right, it's the same tweet you're thinking of, check the date.",JOY,Emotion-Plausible
GoEmo_test_1025,pair_658a,Your hairline is further away than [NAME] hope of gaining subscribers while still having beef with you.,ANGER,Emotion-Implausible
GoEmo_test_1025,pair_658b,Your hairline is further away than [NAME] hope of gaining subscribers while still having beef with you.,DISGUST,Emotion-Implausible
GoEmo_test_1025,pair_658c,Your hairline is further away than [NAME] hope of gaining subscribers while still having beef with you.,FEAR,Emotion-Implausible
GoEmo_test_1025,pair_658d,Your hairline is further away than [NAME] hope of gaining subscribers while still having beef with you.,SURPRISE,Emotion-Implausible
GoEmo_test_1025,pair_658e,Your hairline is further away than [NAME] hope of gaining subscribers while still having beef with you.,NEUTRAL,Emotion-Implausible
GoEmo_test_1025,pair_658f,Your hairline is further away than [NAME] hope of gaining subscribers while still having beef with you.,SADNESS,Emotion-Implausible
GoEmo_test_1025,pair_658g,Your hairline is further away than [NAME] hope of gaining subscribers while still having beef with you.,JOY,Emotion-Implausible
GoEmo_test_1028,pair_659a,Because they're having to compete and so we get exposed to the weakest of the bunch.,ANGER,Emotion-Plausible
GoEmo_test_1028,pair_659b,Because they're having to compete and so we get exposed to the weakest of the bunch.,DISGUST,Emotion-Plausible
GoEmo_test_1028,pair_659c,Because they're having to compete and so we get exposed to the weakest of the bunch.,FEAR,Emotion-Plausible
GoEmo_test_1028,pair_659d,Because they're having to compete and so we get exposed to the weakest of the bunch.,SURPRISE,Emotion-Implausible
GoEmo_test_1028,pair_659e,Because they're having to compete and so we get exposed to the weakest of the bunch.,NEUTRAL,Emotion-Implausible
GoEmo_test_1028,pair_659f,Because they're having to compete and so we get exposed to the weakest of the bunch.,SADNESS,Emotion-Plausible
GoEmo_test_1028,pair_659g,Because they're having to compete and so we get exposed to the weakest of the bunch.,JOY,Emotion-Implausible
GoEmo_test_1029,pair_660a,Same old b.s.,ANGER,Emotion-Obvious
GoEmo_test_1029,pair_660b,Same old b.s.,DISGUST,Emotion-Obvious
GoEmo_test_1029,pair_660c,Same old b.s.,FEAR,Emotion-Plausible
GoEmo_test_1029,pair_660d,Same old b.s.,SURPRISE,Emotion-Plausible
GoEmo_test_1029,pair_660e,Same old b.s.,NEUTRAL,Emotion-Implausible
GoEmo_test_1029,pair_660f,Same old b.s.,SADNESS,Emotion-Plausible
GoEmo_test_1029,pair_660g,Same old b.s.,JOY,Emotion-Implausible
GoEmo_test_1030,pair_661a,oh pls no,ANGER,Emotion-Plausible
GoEmo_test_1030,pair_661b,oh pls no,DISGUST,Emotion-Plausible
GoEmo_test_1030,pair_661c,oh pls no,FEAR,Emotion-Obvious
GoEmo_test_1030,pair_661d,oh pls no,SURPRISE,Emotion-Plausible
GoEmo_test_1030,pair_661e,oh pls no,NEUTRAL,Emotion-Implausible
GoEmo_test_1030,pair_661f,oh pls no,SADNESS,Emotion-Obvious
GoEmo_test_1030,pair_661g,oh pls no,JOY,Emotion-Plausible
GoEmo_test_1031,pair_662a,My son isn't old enough to remember his brother and my husband and I feel like that's a blessing.,ANGER,Emotion-Plausible
GoEmo_test_1031,pair_662b,My son isn't old enough to remember his brother and my husband and I feel like that's a blessing.,DISGUST,Emotion-Implausible
GoEmo_test_1031,pair_662c,My son isn't old enough to remember his brother and my husband and I feel like that's a blessing.,FEAR,Emotion-Plausible
GoEmo_test_1031,pair_662d,My son isn't old enough to remember his brother and my husband and I feel like that's a blessing.,SURPRISE,Emotion-Implausible
GoEmo_test_1031,pair_662e,My son isn't old enough to remember his brother and my husband and I feel like that's a blessing.,NEUTRAL,Emotion-Implausible
GoEmo_test_1031,pair_662f,My son isn't old enough to remember his brother and my husband and I feel like that's a blessing.,SADNESS,Emotion-Obvious
GoEmo_test_1031,pair_662g,My son isn't old enough to remember his brother and my husband and I feel like that's a blessing.,JOY,Emotion-Obvious
GoEmo_test_1032,pair_663a,Is she single?,ANGER,Emotion-Plausible
GoEmo_test_1032,pair_663b,Is she single?,DISGUST,Emotion-Plausible
GoEmo_test_1032,pair_663c,Is she single?,FEAR,Emotion-Plausible
GoEmo_test_1032,pair_663d,Is she single?,SURPRISE,Emotion-Plausible
GoEmo_test_1032,pair_663e,Is she single?,NEUTRAL,Emotion-Obvious
GoEmo_test_1032,pair_663f,Is she single?,SADNESS,Emotion-Plausible
GoEmo_test_1032,pair_663g,Is she single?,JOY,Emotion-Plausible
GoEmo_test_1033,pair_664a,Still haven't heard a good reason why the delay isn't shorter,ANGER,Emotion-Obvious
GoEmo_test_1033,pair_664b,Still haven't heard a good reason why the delay isn't shorter,DISGUST,Emotion-Plausible
GoEmo_test_1033,pair_664c,Still haven't heard a good reason why the delay isn't shorter,FEAR,Emotion-Implausible
GoEmo_test_1033,pair_664d,Still haven't heard a good reason why the delay isn't shorter,SURPRISE,Emotion-Implausible
GoEmo_test_1033,pair_664e,Still haven't heard a good reason why the delay isn't shorter,NEUTRAL,Emotion-Implausible
GoEmo_test_1033,pair_664f,Still haven't heard a good reason why the delay isn't shorter,SADNESS,Emotion-Plausible
GoEmo_test_1033,pair_664g,Still haven't heard a good reason why the delay isn't shorter,JOY,Emotion-Implausible
GoEmo_test_1034,pair_665a,We really didn’t!,ANGER,Emotion-Plausible
GoEmo_test_1034,pair_665b,We really didn’t!,DISGUST,Emotion-Plausible
GoEmo_test_1034,pair_665c,We really didn’t!,FEAR,Emotion-Plausible
GoEmo_test_1034,pair_665d,We really didn’t!,SURPRISE,Emotion-Plausible
GoEmo_test_1034,pair_665e,We really didn’t!,NEUTRAL,Emotion-Plausible
GoEmo_test_1034,pair_665f,We really didn’t!,SADNESS,Emotion-Plausible
GoEmo_test_1034,pair_665g,We really didn’t!,JOY,Emotion-Plausible
GoEmo_test_1038,pair_666a,"You're right, it's relatable. Hope everything's OK for you",ANGER,Emotion-Plausible
GoEmo_test_1038,pair_666b,"You're right, it's relatable. Hope everything's OK for you",DISGUST,Emotion-Implausible
GoEmo_test_1038,pair_666c,"You're right, it's relatable. Hope everything's OK for you",FEAR,Emotion-Plausible
GoEmo_test_1038,pair_666d,"You're right, it's relatable. Hope everything's OK for you",SURPRISE,Emotion-Implausible
GoEmo_test_1038,pair_666e,"You're right, it's relatable. Hope everything's OK for you",NEUTRAL,Emotion-Obvious
GoEmo_test_1038,pair_666f,"You're right, it's relatable. Hope everything's OK for you",SADNESS,Emotion-Plausible
GoEmo_test_1038,pair_666g,"You're right, it's relatable. Hope everything's OK for you",JOY,Emotion-Plausible
GoEmo_test_1040,pair_667a,then never drive because the person in the other lane could swerve over and kill you,ANGER,Emotion-Obvious
GoEmo_test_1040,pair_667b,then never drive because the person in the other lane could swerve over and kill you,DISGUST,Emotion-Implausible
GoEmo_test_1040,pair_667c,then never drive because the person in the other lane could swerve over and kill you,FEAR,Emotion-Plausible
GoEmo_test_1040,pair_667d,then never drive because the person in the other lane could swerve over and kill you,SURPRISE,Emotion-Plausible
GoEmo_test_1040,pair_667e,then never drive because the person in the other lane could swerve over and kill you,NEUTRAL,Emotion-Implausible
GoEmo_test_1040,pair_667f,then never drive because the person in the other lane could swerve over and kill you,SADNESS,Emotion-Plausible
GoEmo_test_1040,pair_667g,then never drive because the person in the other lane could swerve over and kill you,JOY,Emotion-Plausible
GoEmo_test_1042,pair_668a,Thanks for your response,ANGER,Emotion-Plausible
GoEmo_test_1042,pair_668b,Thanks for your response,DISGUST,Emotion-Implausible
GoEmo_test_1042,pair_668c,Thanks for your response,FEAR,Emotion-Implausible
GoEmo_test_1042,pair_668d,Thanks for your response,SURPRISE,Emotion-Plausible
GoEmo_test_1042,pair_668e,Thanks for your response,NEUTRAL,Emotion-Obvious
GoEmo_test_1042,pair_668f,Thanks for your response,SADNESS,Emotion-Plausible
GoEmo_test_1042,pair_668g,Thanks for your response,JOY,Emotion-Plausible
GoEmo_test_1043,pair_669a,"I'm concerned for my fellow redditor. You seem to not be feeling well, and hallucinating. Shall we have a mod come check on you?",ANGER,Emotion-Plausible
GoEmo_test_1043,pair_669b,"I'm concerned for my fellow redditor. You seem to not be feeling well, and hallucinating. Shall we have a mod come check on you?",DISGUST,Emotion-Plausible
GoEmo_test_1043,pair_669c,"I'm concerned for my fellow redditor. You seem to not be feeling well, and hallucinating. Shall we have a mod come check on you?",FEAR,Emotion-Plausible
GoEmo_test_1043,pair_669d,"I'm concerned for my fellow redditor. You seem to not be feeling well, and hallucinating. Shall we have a mod come check on you?",SURPRISE,Emotion-Plausible
GoEmo_test_1043,pair_669e,"I'm concerned for my fellow redditor. You seem to not be feeling well, and hallucinating. Shall we have a mod come check on you?",NEUTRAL,Emotion-Implausible
GoEmo_test_1043,pair_669f,"I'm concerned for my fellow redditor. You seem to not be feeling well, and hallucinating. Shall we have a mod come check on you?",SADNESS,Emotion-Implausible
GoEmo_test_1043,pair_669g,"I'm concerned for my fellow redditor. You seem to not be feeling well, and hallucinating. Shall we have a mod come check on you?",JOY,Emotion-Plausible
GoEmo_test_1044,pair_670a,That’s impressive you can tell that from the back of his head,ANGER,Emotion-Plausible
GoEmo_test_1044,pair_670b,That’s impressive you can tell that from the back of his head,DISGUST,Emotion-Implausible
GoEmo_test_1044,pair_670c,That’s impressive you can tell that from the back of his head,FEAR,Emotion-Plausible
GoEmo_test_1044,pair_670d,That’s impressive you can tell that from the back of his head,SURPRISE,Emotion-Obvious
GoEmo_test_1044,pair_670e,That’s impressive you can tell that from the back of his head,NEUTRAL,Emotion-Implausible
GoEmo_test_1044,pair_670f,That’s impressive you can tell that from the back of his head,SADNESS,Emotion-Plausible
GoEmo_test_1044,pair_670g,That’s impressive you can tell that from the back of his head,JOY,Emotion-Plausible
GoEmo_test_1045,pair_671a,I like you.,ANGER,Emotion-Implausible
GoEmo_test_1045,pair_671b,I like you.,DISGUST,Emotion-Plausible
GoEmo_test_1045,pair_671c,I like you.,FEAR,Emotion-Plausible
GoEmo_test_1045,pair_671d,I like you.,SURPRISE,Emotion-Plausible
GoEmo_test_1045,pair_671e,I like you.,NEUTRAL,Emotion-Plausible
GoEmo_test_1045,pair_671f,I like you.,SADNESS,Emotion-Implausible
GoEmo_test_1045,pair_671g,I like you.,JOY,Emotion-Obvious
GoEmo_test_1047,pair_672a,Sorry. I am avoiding arguments today. Enjoy the video.,ANGER,Emotion-Plausible
GoEmo_test_1047,pair_672b,Sorry. I am avoiding arguments today. Enjoy the video.,DISGUST,Emotion-Plausible
GoEmo_test_1047,pair_672c,Sorry. I am avoiding arguments today. Enjoy the video.,FEAR,Emotion-Plausible
GoEmo_test_1047,pair_672d,Sorry. I am avoiding arguments today. Enjoy the video.,SURPRISE,Emotion-Implausible
GoEmo_test_1047,pair_672e,Sorry. I am avoiding arguments today. Enjoy the video.,NEUTRAL,Emotion-Plausible
GoEmo_test_1047,pair_672f,Sorry. I am avoiding arguments today. Enjoy the video.,SADNESS,Emotion-Plausible
GoEmo_test_1047,pair_672g,Sorry. I am avoiding arguments today. Enjoy the video.,JOY,Emotion-Plausible
GoEmo_test_1048,pair_673a,Nope. Don't need rewards at all.,ANGER,Emotion-Plausible
GoEmo_test_1048,pair_673b,Nope. Don't need rewards at all.,DISGUST,Emotion-Plausible
GoEmo_test_1048,pair_673c,Nope. Don't need rewards at all.,FEAR,Emotion-Plausible
GoEmo_test_1048,pair_673d,Nope. Don't need rewards at all.,SURPRISE,Emotion-Plausible
GoEmo_test_1048,pair_673e,Nope. Don't need rewards at all.,NEUTRAL,Emotion-Implausible
GoEmo_test_1048,pair_673f,Nope. Don't need rewards at all.,SADNESS,Emotion-Plausible
GoEmo_test_1048,pair_673g,Nope. Don't need rewards at all.,JOY,Emotion-Plausible
GoEmo_test_1050,pair_674a,I had the biggest smile!,ANGER,Emotion-Plausible
GoEmo_test_1050,pair_674b,I had the biggest smile!,DISGUST,Emotion-Implausible
GoEmo_test_1050,pair_674c,I had the biggest smile!,FEAR,Emotion-Plausible
GoEmo_test_1050,pair_674d,I had the biggest smile!,SURPRISE,Emotion-Plausible
GoEmo_test_1050,pair_674e,I had the biggest smile!,NEUTRAL,Emotion-Plausible
GoEmo_test_1050,pair_674f,I had the biggest smile!,SADNESS,Emotion-Plausible
GoEmo_test_1050,pair_674g,I had the biggest smile!,JOY,Emotion-Obvious
GoEmo_test_1051,pair_675a,Welcome to religion 101,ANGER,Emotion-Plausible
GoEmo_test_1051,pair_675b,Welcome to religion 101,DISGUST,Emotion-Plausible
GoEmo_test_1051,pair_675c,Welcome to religion 101,FEAR,Emotion-Plausible
GoEmo_test_1051,pair_675d,Welcome to religion 101,SURPRISE,Emotion-Plausible
GoEmo_test_1051,pair_675e,Welcome to religion 101,NEUTRAL,Emotion-Obvious
GoEmo_test_1051,pair_675f,Welcome to religion 101,SADNESS,Emotion-Plausible
GoEmo_test_1051,pair_675g,Welcome to religion 101,JOY,Emotion-Plausible
GoEmo_test_1052,pair_676a,"You're right. Respect and honesty has never changed for me, though I realize that's naive",ANGER,Emotion-Plausible
GoEmo_test_1052,pair_676b,"You're right. Respect and honesty has never changed for me, though I realize that's naive",DISGUST,Emotion-Plausible
GoEmo_test_1052,pair_676c,"You're right. Respect and honesty has never changed for me, though I realize that's naive",FEAR,Emotion-Plausible
GoEmo_test_1052,pair_676d,"You're right. Respect and honesty has never changed for me, though I realize that's naive",SURPRISE,Emotion-Implausible
GoEmo_test_1052,pair_676e,"You're right. Respect and honesty has never changed for me, though I realize that's naive",NEUTRAL,Emotion-Plausible
GoEmo_test_1052,pair_676f,"You're right. Respect and honesty has never changed for me, though I realize that's naive",SADNESS,Emotion-Obvious
GoEmo_test_1052,pair_676g,"You're right. Respect and honesty has never changed for me, though I realize that's naive",JOY,Emotion-Implausible
GoEmo_test_1055,pair_677a,Says the guy not replying to any counter points lmao,ANGER,Emotion-Plausible
GoEmo_test_1055,pair_677b,Says the guy not replying to any counter points lmao,DISGUST,Emotion-Plausible
GoEmo_test_1055,pair_677c,Says the guy not replying to any counter points lmao,FEAR,Emotion-Plausible
GoEmo_test_1055,pair_677d,Says the guy not replying to any counter points lmao,SURPRISE,Emotion-Plausible
GoEmo_test_1055,pair_677e,Says the guy not replying to any counter points lmao,NEUTRAL,Emotion-Implausible
GoEmo_test_1055,pair_677f,Says the guy not replying to any counter points lmao,SADNESS,Emotion-Implausible
GoEmo_test_1055,pair_677g,Says the guy not replying to any counter points lmao,JOY,Emotion-Obvious
GoEmo_test_1056,pair_678a,So word is we have eyes on [NAME]... I would be pretty amped to see him with a Jet on his shirt.,ANGER,Emotion-Implausible
GoEmo_test_1056,pair_678b,So word is we have eyes on [NAME]... I would be pretty amped to see him with a Jet on his shirt.,DISGUST,Emotion-Implausible
GoEmo_test_1056,pair_678c,So word is we have eyes on [NAME]... I would be pretty amped to see him with a Jet on his shirt.,FEAR,Emotion-Plausible
GoEmo_test_1056,pair_678d,So word is we have eyes on [NAME]... I would be pretty amped to see him with a Jet on his shirt.,SURPRISE,Emotion-Plausible
GoEmo_test_1056,pair_678e,So word is we have eyes on [NAME]... I would be pretty amped to see him with a Jet on his shirt.,NEUTRAL,Emotion-Implausible
GoEmo_test_1056,pair_678f,So word is we have eyes on [NAME]... I would be pretty amped to see him with a Jet on his shirt.,SADNESS,Emotion-Implausible
GoEmo_test_1056,pair_678g,So word is we have eyes on [NAME]... I would be pretty amped to see him with a Jet on his shirt.,JOY,Emotion-Obvious
GoEmo_test_1057,pair_679a,What was I expecting smh,ANGER,Emotion-Obvious
GoEmo_test_1057,pair_679b,What was I expecting smh,DISGUST,Emotion-Plausible
GoEmo_test_1057,pair_679c,What was I expecting smh,FEAR,Emotion-Plausible
GoEmo_test_1057,pair_679d,What was I expecting smh,SURPRISE,Emotion-Plausible
GoEmo_test_1057,pair_679e,What was I expecting smh,NEUTRAL,Emotion-Implausible
GoEmo_test_1057,pair_679f,What was I expecting smh,SADNESS,Emotion-Obvious
GoEmo_test_1057,pair_679g,What was I expecting smh,JOY,Emotion-Implausible
GoEmo_test_1060,pair_680a,"Truth. If he had time for another relationship, he has time to pay for it.",ANGER,Emotion-Obvious
GoEmo_test_1060,pair_680b,"Truth. If he had time for another relationship, he has time to pay for it.",DISGUST,Emotion-Obvious
GoEmo_test_1060,pair_680c,"Truth. If he had time for another relationship, he has time to pay for it.",FEAR,Emotion-Implausible
GoEmo_test_1060,pair_680d,"Truth. If he had time for another relationship, he has time to pay for it.",SURPRISE,Emotion-Implausible
GoEmo_test_1060,pair_680e,"Truth. If he had time for another relationship, he has time to pay for it.",NEUTRAL,Emotion-Implausible
GoEmo_test_1060,pair_680f,"Truth. If he had time for another relationship, he has time to pay for it.",SADNESS,Emotion-Plausible
GoEmo_test_1060,pair_680g,"Truth. If he had time for another relationship, he has time to pay for it.",JOY,Emotion-Plausible
GoEmo_test_1062,pair_681a,They are new but got over 100 reviews in less than a month so I'm assuming they are just slammed. Thanks for the input,ANGER,Emotion-Plausible
GoEmo_test_1062,pair_681b,They are new but got over 100 reviews in less than a month so I'm assuming they are just slammed. Thanks for the input,DISGUST,Emotion-Implausible
GoEmo_test_1062,pair_681c,They are new but got over 100 reviews in less than a month so I'm assuming they are just slammed. Thanks for the input,FEAR,Emotion-Implausible
GoEmo_test_1062,pair_681d,They are new but got over 100 reviews in less than a month so I'm assuming they are just slammed. Thanks for the input,SURPRISE,Emotion-Implausible
GoEmo_test_1062,pair_681e,They are new but got over 100 reviews in less than a month so I'm assuming they are just slammed. Thanks for the input,NEUTRAL,Emotion-Obvious
GoEmo_test_1062,pair_681f,They are new but got over 100 reviews in less than a month so I'm assuming they are just slammed. Thanks for the input,SADNESS,Emotion-Plausible
GoEmo_test_1062,pair_681g,They are new but got over 100 reviews in less than a month so I'm assuming they are just slammed. Thanks for the input,JOY,Emotion-Plausible
GoEmo_test_1063,pair_682a,"I didn't say it was proof that anything was a scam with no future, perhaps you're projecting.",ANGER,Emotion-Obvious
GoEmo_test_1063,pair_682b,"I didn't say it was proof that anything was a scam with no future, perhaps you're projecting.",DISGUST,Emotion-Plausible
GoEmo_test_1063,pair_682c,"I didn't say it was proof that anything was a scam with no future, perhaps you're projecting.",FEAR,Emotion-Plausible
GoEmo_test_1063,pair_682d,"I didn't say it was proof that anything was a scam with no future, perhaps you're projecting.",SURPRISE,Emotion-Plausible
GoEmo_test_1063,pair_682e,"I didn't say it was proof that anything was a scam with no future, perhaps you're projecting.",NEUTRAL,Emotion-Implausible
GoEmo_test_1063,pair_682f,"I didn't say it was proof that anything was a scam with no future, perhaps you're projecting.",SADNESS,Emotion-Plausible
GoEmo_test_1063,pair_682g,"I didn't say it was proof that anything was a scam with no future, perhaps you're projecting.",JOY,Emotion-Implausible
GoEmo_test_1064,pair_683a,"Anti-vaxers aren't funny anymore, now they're just scary...",ANGER,Emotion-Plausible
GoEmo_test_1064,pair_683b,"Anti-vaxers aren't funny anymore, now they're just scary...",DISGUST,Emotion-Plausible
GoEmo_test_1064,pair_683c,"Anti-vaxers aren't funny anymore, now they're just scary...",FEAR,Emotion-Obvious
GoEmo_test_1064,pair_683d,"Anti-vaxers aren't funny anymore, now they're just scary...",SURPRISE,Emotion-Plausible
GoEmo_test_1064,pair_683e,"Anti-vaxers aren't funny anymore, now they're just scary...",NEUTRAL,Emotion-Implausible
GoEmo_test_1064,pair_683f,"Anti-vaxers aren't funny anymore, now they're just scary...",SADNESS,Emotion-Plausible
GoEmo_test_1064,pair_683g,"Anti-vaxers aren't funny anymore, now they're just scary...",JOY,Emotion-Implausible
GoEmo_test_1065,pair_684a,I can see why you’ll never be in a leadership position.,ANGER,Emotion-Plausible
GoEmo_test_1065,pair_684b,I can see why you’ll never be in a leadership position.,DISGUST,Emotion-Obvious
GoEmo_test_1065,pair_684c,I can see why you’ll never be in a leadership position.,FEAR,Emotion-Plausible
GoEmo_test_1065,pair_684d,I can see why you’ll never be in a leadership position.,SURPRISE,Emotion-Implausible
GoEmo_test_1065,pair_684e,I can see why you’ll never be in a leadership position.,NEUTRAL,Emotion-Plausible
GoEmo_test_1065,pair_684f,I can see why you’ll never be in a leadership position.,SADNESS,Emotion-Plausible
GoEmo_test_1065,pair_684g,I can see why you’ll never be in a leadership position.,JOY,Emotion-Plausible
GoEmo_test_1066,pair_685a,"I'm sorry, I can't hear your useless badgering over me drinking my 38' from a wine bottle and enjoying my extra $200.",ANGER,Emotion-Implausible
GoEmo_test_1066,pair_685b,"I'm sorry, I can't hear your useless badgering over me drinking my 38' from a wine bottle and enjoying my extra $200.",DISGUST,Emotion-Plausible
GoEmo_test_1066,pair_685c,"I'm sorry, I can't hear your useless badgering over me drinking my 38' from a wine bottle and enjoying my extra $200.",FEAR,Emotion-Implausible
GoEmo_test_1066,pair_685d,"I'm sorry, I can't hear your useless badgering over me drinking my 38' from a wine bottle and enjoying my extra $200.",SURPRISE,Emotion-Implausible
GoEmo_test_1066,pair_685e,"I'm sorry, I can't hear your useless badgering over me drinking my 38' from a wine bottle and enjoying my extra $200.",NEUTRAL,Emotion-Implausible
GoEmo_test_1066,pair_685f,"I'm sorry, I can't hear your useless badgering over me drinking my 38' from a wine bottle and enjoying my extra $200.",SADNESS,Emotion-Implausible
GoEmo_test_1066,pair_685g,"I'm sorry, I can't hear your useless badgering over me drinking my 38' from a wine bottle and enjoying my extra $200.",JOY,Emotion-Obvious
GoEmo_test_1067,pair_686a,You deserve WAY more upvotes,ANGER,Emotion-Plausible
GoEmo_test_1067,pair_686b,You deserve WAY more upvotes,DISGUST,Emotion-Implausible
GoEmo_test_1067,pair_686c,You deserve WAY more upvotes,FEAR,Emotion-Implausible
GoEmo_test_1067,pair_686d,You deserve WAY more upvotes,SURPRISE,Emotion-Plausible
GoEmo_test_1067,pair_686e,You deserve WAY more upvotes,NEUTRAL,Emotion-Implausible
GoEmo_test_1067,pair_686f,You deserve WAY more upvotes,SADNESS,Emotion-Plausible
GoEmo_test_1067,pair_686g,You deserve WAY more upvotes,JOY,Emotion-Obvious
GoEmo_test_1068,pair_687a,It was a tweet a while back.,ANGER,Emotion-Plausible
GoEmo_test_1068,pair_687b,It was a tweet a while back.,DISGUST,Emotion-Implausible
GoEmo_test_1068,pair_687c,It was a tweet a while back.,FEAR,Emotion-Plausible
GoEmo_test_1068,pair_687d,It was a tweet a while back.,SURPRISE,Emotion-Implausible
GoEmo_test_1068,pair_687e,It was a tweet a while back.,NEUTRAL,Emotion-Obvious
GoEmo_test_1068,pair_687f,It was a tweet a while back.,SADNESS,Emotion-Plausible
GoEmo_test_1068,pair_687g,It was a tweet a while back.,JOY,Emotion-Plausible
GoEmo_test_1069,pair_688a,No! You can't have that one! That's a coconut cake!,ANGER,Emotion-Obvious
GoEmo_test_1069,pair_688b,No! You can't have that one! That's a coconut cake!,DISGUST,Emotion-Plausible
GoEmo_test_1069,pair_688c,No! You can't have that one! That's a coconut cake!,FEAR,Emotion-Plausible
GoEmo_test_1069,pair_688d,No! You can't have that one! That's a coconut cake!,SURPRISE,Emotion-Obvious
GoEmo_test_1069,pair_688e,No! You can't have that one! That's a coconut cake!,NEUTRAL,Emotion-Implausible
GoEmo_test_1069,pair_688f,No! You can't have that one! That's a coconut cake!,SADNESS,Emotion-Plausible
GoEmo_test_1069,pair_688g,No! You can't have that one! That's a coconut cake!,JOY,Emotion-Plausible
GoEmo_test_1071,pair_689a,"No or low contact. I don't have time for ""family"" that doesn't have basic courtesy for me.",ANGER,Emotion-Obvious
GoEmo_test_1071,pair_689b,"No or low contact. I don't have time for ""family"" that doesn't have basic courtesy for me.",DISGUST,Emotion-Obvious
GoEmo_test_1071,pair_689c,"No or low contact. I don't have time for ""family"" that doesn't have basic courtesy for me.",FEAR,Emotion-Implausible
GoEmo_test_1071,pair_689d,"No or low contact. I don't have time for ""family"" that doesn't have basic courtesy for me.",SURPRISE,Emotion-Implausible
GoEmo_test_1071,pair_689e,"No or low contact. I don't have time for ""family"" that doesn't have basic courtesy for me.",NEUTRAL,Emotion-Implausible
GoEmo_test_1071,pair_689f,"No or low contact. I don't have time for ""family"" that doesn't have basic courtesy for me.",SADNESS,Emotion-Plausible
GoEmo_test_1071,pair_689g,"No or low contact. I don't have time for ""family"" that doesn't have basic courtesy for me.",JOY,Emotion-Implausible
GoEmo_test_1072,pair_690a,I’m sure the hornet will be happy if their curse is over!,ANGER,Emotion-Plausible
GoEmo_test_1072,pair_690b,I’m sure the hornet will be happy if their curse is over!,DISGUST,Emotion-Implausible
GoEmo_test_1072,pair_690c,I’m sure the hornet will be happy if their curse is over!,FEAR,Emotion-Implausible
GoEmo_test_1072,pair_690d,I’m sure the hornet will be happy if their curse is over!,SURPRISE,Emotion-Plausible
GoEmo_test_1072,pair_690e,I’m sure the hornet will be happy if their curse is over!,NEUTRAL,Emotion-Implausible
GoEmo_test_1072,pair_690f,I’m sure the hornet will be happy if their curse is over!,SADNESS,Emotion-Plausible
GoEmo_test_1072,pair_690g,I’m sure the hornet will be happy if their curse is over!,JOY,Emotion-Obvious
GoEmo_test_1073,pair_691a,"i’n on a diet for my disease AND to lose weight therefore it cancels out boys, i’m scot free",ANGER,Emotion-Plausible
GoEmo_test_1073,pair_691b,"i’n on a diet for my disease AND to lose weight therefore it cancels out boys, i’m scot free",DISGUST,Emotion-Plausible
GoEmo_test_1073,pair_691c,"i’n on a diet for my disease AND to lose weight therefore it cancels out boys, i’m scot free",FEAR,Emotion-Implausible
GoEmo_test_1073,pair_691d,"i’n on a diet for my disease AND to lose weight therefore it cancels out boys, i’m scot free",SURPRISE,Emotion-Implausible
GoEmo_test_1073,pair_691e,"i’n on a diet for my disease AND to lose weight therefore it cancels out boys, i’m scot free",NEUTRAL,Emotion-Implausible
GoEmo_test_1073,pair_691f,"i’n on a diet for my disease AND to lose weight therefore it cancels out boys, i’m scot free",SADNESS,Emotion-Plausible
GoEmo_test_1073,pair_691g,"i’n on a diet for my disease AND to lose weight therefore it cancels out boys, i’m scot free",JOY,Emotion-Obvious
GoEmo_test_1074,pair_692a,I do have few friends from there and it's a lovely nation too.,ANGER,Emotion-Plausible
GoEmo_test_1074,pair_692b,I do have few friends from there and it's a lovely nation too.,DISGUST,Emotion-Plausible
GoEmo_test_1074,pair_692c,I do have few friends from there and it's a lovely nation too.,FEAR,Emotion-Implausible
GoEmo_test_1074,pair_692d,I do have few friends from there and it's a lovely nation too.,SURPRISE,Emotion-Plausible
GoEmo_test_1074,pair_692e,I do have few friends from there and it's a lovely nation too.,NEUTRAL,Emotion-Implausible
GoEmo_test_1074,pair_692f,I do have few friends from there and it's a lovely nation too.,SADNESS,Emotion-Plausible
GoEmo_test_1074,pair_692g,I do have few friends from there and it's a lovely nation too.,JOY,Emotion-Obvious
GoEmo_test_1075,pair_693a,I never think someone is sincere when they say why “would I care if I’m being lied to” constantly?,ANGER,Emotion-Obvious
GoEmo_test_1075,pair_693b,I never think someone is sincere when they say why “would I care if I’m being lied to” constantly?,DISGUST,Emotion-Plausible
GoEmo_test_1075,pair_693c,I never think someone is sincere when they say why “would I care if I’m being lied to” constantly?,FEAR,Emotion-Plausible
GoEmo_test_1075,pair_693d,I never think someone is sincere when they say why “would I care if I’m being lied to” constantly?,SURPRISE,Emotion-Plausible
GoEmo_test_1075,pair_693e,I never think someone is sincere when they say why “would I care if I’m being lied to” constantly?,NEUTRAL,Emotion-Plausible
GoEmo_test_1075,pair_693f,I never think someone is sincere when they say why “would I care if I’m being lied to” constantly?,SADNESS,Emotion-Plausible
GoEmo_test_1075,pair_693g,I never think someone is sincere when they say why “would I care if I’m being lied to” constantly?,JOY,Emotion-Implausible
GoEmo_test_1076,pair_694a,NEVER RUNNING FROM A REAL FIGHT!,ANGER,Emotion-Obvious
GoEmo_test_1076,pair_694b,NEVER RUNNING FROM A REAL FIGHT!,DISGUST,Emotion-Plausible
GoEmo_test_1076,pair_694c,NEVER RUNNING FROM A REAL FIGHT!,FEAR,Emotion-Implausible
GoEmo_test_1076,pair_694d,NEVER RUNNING FROM A REAL FIGHT!,SURPRISE,Emotion-Plausible
GoEmo_test_1076,pair_694e,NEVER RUNNING FROM A REAL FIGHT!,NEUTRAL,Emotion-Implausible
GoEmo_test_1076,pair_694f,NEVER RUNNING FROM A REAL FIGHT!,SADNESS,Emotion-Implausible
GoEmo_test_1076,pair_694g,NEVER RUNNING FROM A REAL FIGHT!,JOY,Emotion-Plausible
GoEmo_test_1077,pair_695a,You should call the police and tell your friend maybe you can Stay over at his place,ANGER,Emotion-Plausible
GoEmo_test_1077,pair_695b,You should call the police and tell your friend maybe you can Stay over at his place,DISGUST,Emotion-Implausible
GoEmo_test_1077,pair_695c,You should call the police and tell your friend maybe you can Stay over at his place,FEAR,Emotion-Plausible
GoEmo_test_1077,pair_695d,You should call the police and tell your friend maybe you can Stay over at his place,SURPRISE,Emotion-Plausible
GoEmo_test_1077,pair_695e,You should call the police and tell your friend maybe you can Stay over at his place,NEUTRAL,Emotion-Obvious
GoEmo_test_1077,pair_695f,You should call the police and tell your friend maybe you can Stay over at his place,SADNESS,Emotion-Plausible
GoEmo_test_1077,pair_695g,You should call the police and tell your friend maybe you can Stay over at his place,JOY,Emotion-Implausible
GoEmo_test_1079,pair_696a,"I LOVE IT, I would love if they will make season 2... I really enjoyed it",ANGER,Emotion-Implausible
GoEmo_test_1079,pair_696b,"I LOVE IT, I would love if they will make season 2... I really enjoyed it",DISGUST,Emotion-Implausible
GoEmo_test_1079,pair_696c,"I LOVE IT, I would love if they will make season 2... I really enjoyed it",FEAR,Emotion-Implausible
GoEmo_test_1079,pair_696d,"I LOVE IT, I would love if they will make season 2... I really enjoyed it",SURPRISE,Emotion-Plausible
GoEmo_test_1079,pair_696e,"I LOVE IT, I would love if they will make season 2... I really enjoyed it",NEUTRAL,Emotion-Implausible
GoEmo_test_1079,pair_696f,"I LOVE IT, I would love if they will make season 2... I really enjoyed it",SADNESS,Emotion-Implausible
GoEmo_test_1079,pair_696g,"I LOVE IT, I would love if they will make season 2... I really enjoyed it",JOY,Emotion-Obvious
GoEmo_test_1080,pair_697a,"Its kinda odd,how theres always kinda a war between ""Party music"" and ""Feelings Music""",ANGER,Emotion-Plausible
GoEmo_test_1080,pair_697b,"Its kinda odd,how theres always kinda a war between ""Party music"" and ""Feelings Music""",DISGUST,Emotion-Plausible
GoEmo_test_1080,pair_697c,"Its kinda odd,how theres always kinda a war between ""Party music"" and ""Feelings Music""",FEAR,Emotion-Plausible
GoEmo_test_1080,pair_697d,"Its kinda odd,how theres always kinda a war between ""Party music"" and ""Feelings Music""",SURPRISE,Emotion-Plausible
GoEmo_test_1080,pair_697e,"Its kinda odd,how theres always kinda a war between ""Party music"" and ""Feelings Music""",NEUTRAL,Emotion-Plausible
GoEmo_test_1080,pair_697f,"Its kinda odd,how theres always kinda a war between ""Party music"" and ""Feelings Music""",SADNESS,Emotion-Plausible
GoEmo_test_1080,pair_697g,"Its kinda odd,how theres always kinda a war between ""Party music"" and ""Feelings Music""",JOY,Emotion-Plausible
GoEmo_test_1082,pair_698a,I don't need to tell you how you're a paranoid conspiracy theorist you are doing an awesome job of that already!,ANGER,Emotion-Obvious
GoEmo_test_1082,pair_698b,I don't need to tell you how you're a paranoid conspiracy theorist you are doing an awesome job of that already!,DISGUST,Emotion-Obvious
GoEmo_test_1082,pair_698c,I don't need to tell you how you're a paranoid conspiracy theorist you are doing an awesome job of that already!,FEAR,Emotion-Plausible
GoEmo_test_1082,pair_698d,I don't need to tell you how you're a paranoid conspiracy theorist you are doing an awesome job of that already!,SURPRISE,Emotion-Plausible
GoEmo_test_1082,pair_698e,I don't need to tell you how you're a paranoid conspiracy theorist you are doing an awesome job of that already!,NEUTRAL,Emotion-Implausible
GoEmo_test_1082,pair_698f,I don't need to tell you how you're a paranoid conspiracy theorist you are doing an awesome job of that already!,SADNESS,Emotion-Plausible
GoEmo_test_1082,pair_698g,I don't need to tell you how you're a paranoid conspiracy theorist you are doing an awesome job of that already!,JOY,Emotion-Plausible
GoEmo_test_1084,pair_699a,As a Florida girl I have no clue how you all have not died. I could never live there.,ANGER,Emotion-Plausible
GoEmo_test_1084,pair_699b,As a Florida girl I have no clue how you all have not died. I could never live there.,DISGUST,Emotion-Obvious
GoEmo_test_1084,pair_699c,As a Florida girl I have no clue how you all have not died. I could never live there.,FEAR,Emotion-Plausible
GoEmo_test_1084,pair_699d,As a Florida girl I have no clue how you all have not died. I could never live there.,SURPRISE,Emotion-Obvious
GoEmo_test_1084,pair_699e,As a Florida girl I have no clue how you all have not died. I could never live there.,NEUTRAL,Emotion-Implausible
GoEmo_test_1084,pair_699f,As a Florida girl I have no clue how you all have not died. I could never live there.,SADNESS,Emotion-Plausible
GoEmo_test_1084,pair_699g,As a Florida girl I have no clue how you all have not died. I could never live there.,JOY,Emotion-Implausible
GoEmo_test_1087,pair_700a,Knowing [NAME] he’d probably give [NAME] up for a 5th rounder smh,ANGER,Emotion-Plausible
GoEmo_test_1087,pair_700b,Knowing [NAME] he’d probably give [NAME] up for a 5th rounder smh,DISGUST,Emotion-Plausible
GoEmo_test_1087,pair_700c,Knowing [NAME] he’d probably give [NAME] up for a 5th rounder smh,FEAR,Emotion-Plausible
GoEmo_test_1087,pair_700d,Knowing [NAME] he’d probably give [NAME] up for a 5th rounder smh,SURPRISE,Emotion-Implausible
GoEmo_test_1087,pair_700e,Knowing [NAME] he’d probably give [NAME] up for a 5th rounder smh,NEUTRAL,Emotion-Implausible
GoEmo_test_1087,pair_700f,Knowing [NAME] he’d probably give [NAME] up for a 5th rounder smh,SADNESS,Emotion-Plausible
GoEmo_test_1087,pair_700g,Knowing [NAME] he’d probably give [NAME] up for a 5th rounder smh,JOY,Emotion-Implausible
GoEmo_test_1088,pair_701a,I miss [NAME],ANGER,Emotion-Plausible
GoEmo_test_1088,pair_701b,I miss [NAME],DISGUST,Emotion-Implausible
GoEmo_test_1088,pair_701c,I miss [NAME],FEAR,Emotion-Plausible
GoEmo_test_1088,pair_701d,I miss [NAME],SURPRISE,Emotion-Plausible
GoEmo_test_1088,pair_701e,I miss [NAME],NEUTRAL,Emotion-Implausible
GoEmo_test_1088,pair_701f,I miss [NAME],SADNESS,Emotion-Obvious
GoEmo_test_1088,pair_701g,I miss [NAME],JOY,Emotion-Plausible
GoEmo_test_1089,pair_702a,"I have no objection to nudity, but why is this a thing? So dumb.",ANGER,Emotion-Obvious
GoEmo_test_1089,pair_702b,"I have no objection to nudity, but why is this a thing? So dumb.",DISGUST,Emotion-Plausible
GoEmo_test_1089,pair_702c,"I have no objection to nudity, but why is this a thing? So dumb.",FEAR,Emotion-Implausible
GoEmo_test_1089,pair_702d,"I have no objection to nudity, but why is this a thing? So dumb.",SURPRISE,Emotion-Obvious
GoEmo_test_1089,pair_702e,"I have no objection to nudity, but why is this a thing? So dumb.",NEUTRAL,Emotion-Implausible
GoEmo_test_1089,pair_702f,"I have no objection to nudity, but why is this a thing? So dumb.",SADNESS,Emotion-Implausible
GoEmo_test_1089,pair_702g,"I have no objection to nudity, but why is this a thing? So dumb.",JOY,Emotion-Implausible
GoEmo_test_1090,pair_703a,you're hilarious. Thanks for the entertainment this morning.,ANGER,Emotion-Plausible
GoEmo_test_1090,pair_703b,you're hilarious. Thanks for the entertainment this morning.,DISGUST,Emotion-Plausible
GoEmo_test_1090,pair_703c,you're hilarious. Thanks for the entertainment this morning.,FEAR,Emotion-Implausible
GoEmo_test_1090,pair_703d,you're hilarious. Thanks for the entertainment this morning.,SURPRISE,Emotion-Plausible
GoEmo_test_1090,pair_703e,you're hilarious. Thanks for the entertainment this morning.,NEUTRAL,Emotion-Implausible
GoEmo_test_1090,pair_703f,you're hilarious. Thanks for the entertainment this morning.,SADNESS,Emotion-Implausible
GoEmo_test_1090,pair_703g,you're hilarious. Thanks for the entertainment this morning.,JOY,Emotion-Obvious
GoEmo_test_1093,pair_704a,Leave it to a maintenance technician to not do it right the first time.,ANGER,Emotion-Obvious
GoEmo_test_1093,pair_704b,Leave it to a maintenance technician to not do it right the first time.,DISGUST,Emotion-Plausible
GoEmo_test_1093,pair_704c,Leave it to a maintenance technician to not do it right the first time.,FEAR,Emotion-Plausible
GoEmo_test_1093,pair_704d,Leave it to a maintenance technician to not do it right the first time.,SURPRISE,Emotion-Plausible
GoEmo_test_1093,pair_704e,Leave it to a maintenance technician to not do it right the first time.,NEUTRAL,Emotion-Implausible
GoEmo_test_1093,pair_704f,Leave it to a maintenance technician to not do it right the first time.,SADNESS,Emotion-Plausible
GoEmo_test_1093,pair_704g,Leave it to a maintenance technician to not do it right the first time.,JOY,Emotion-Implausible
GoEmo_test_1094,pair_705a,This is a new level of entitlement. THE BATHROOM IS OUT OF ORDER! What makes you so entitled to use an OUT OF ORDER bathroom!,ANGER,Emotion-Obvious
GoEmo_test_1094,pair_705b,This is a new level of entitlement. THE BATHROOM IS OUT OF ORDER! What makes you so entitled to use an OUT OF ORDER bathroom!,DISGUST,Emotion-Obvious
GoEmo_test_1094,pair_705c,This is a new level of entitlement. THE BATHROOM IS OUT OF ORDER! What makes you so entitled to use an OUT OF ORDER bathroom!,FEAR,Emotion-Implausible
GoEmo_test_1094,pair_705d,This is a new level of entitlement. THE BATHROOM IS OUT OF ORDER! What makes you so entitled to use an OUT OF ORDER bathroom!,SURPRISE,Emotion-Obvious
GoEmo_test_1094,pair_705e,This is a new level of entitlement. THE BATHROOM IS OUT OF ORDER! What makes you so entitled to use an OUT OF ORDER bathroom!,NEUTRAL,Emotion-Implausible
GoEmo_test_1094,pair_705f,This is a new level of entitlement. THE BATHROOM IS OUT OF ORDER! What makes you so entitled to use an OUT OF ORDER bathroom!,SADNESS,Emotion-Implausible
GoEmo_test_1094,pair_705g,This is a new level of entitlement. THE BATHROOM IS OUT OF ORDER! What makes you so entitled to use an OUT OF ORDER bathroom!,JOY,Emotion-Implausible
GoEmo_test_1096,pair_706a,If a greedy and powerful few can make a buck they will.,ANGER,Emotion-Obvious
GoEmo_test_1096,pair_706b,If a greedy and powerful few can make a buck they will.,DISGUST,Emotion-Plausible
GoEmo_test_1096,pair_706c,If a greedy and powerful few can make a buck they will.,FEAR,Emotion-Plausible
GoEmo_test_1096,pair_706d,If a greedy and powerful few can make a buck they will.,SURPRISE,Emotion-Implausible
GoEmo_test_1096,pair_706e,If a greedy and powerful few can make a buck they will.,NEUTRAL,Emotion-Implausible
GoEmo_test_1096,pair_706f,If a greedy and powerful few can make a buck they will.,SADNESS,Emotion-Plausible
GoEmo_test_1096,pair_706g,If a greedy and powerful few can make a buck they will.,JOY,Emotion-Plausible
GoEmo_test_1099,pair_707a,"Exactly, you need a Hollywood woman of age to pair off with him. Past 35 should be fine right?",ANGER,Emotion-Plausible
GoEmo_test_1099,pair_707b,"Exactly, you need a Hollywood woman of age to pair off with him. Past 35 should be fine right?",DISGUST,Emotion-Plausible
GoEmo_test_1099,pair_707c,"Exactly, you need a Hollywood woman of age to pair off with him. Past 35 should be fine right?",FEAR,Emotion-Plausible
GoEmo_test_1099,pair_707d,"Exactly, you need a Hollywood woman of age to pair off with him. Past 35 should be fine right?",SURPRISE,Emotion-Implausible
GoEmo_test_1099,pair_707e,"Exactly, you need a Hollywood woman of age to pair off with him. Past 35 should be fine right?",NEUTRAL,Emotion-Obvious
GoEmo_test_1099,pair_707f,"Exactly, you need a Hollywood woman of age to pair off with him. Past 35 should be fine right?",SADNESS,Emotion-Implausible
GoEmo_test_1099,pair_707g,"Exactly, you need a Hollywood woman of age to pair off with him. Past 35 should be fine right?",JOY,Emotion-Plausible
GoEmo_test_1100,pair_708a,I wanna die!,ANGER,Emotion-Plausible
GoEmo_test_1100,pair_708b,I wanna die!,DISGUST,Emotion-Plausible
GoEmo_test_1100,pair_708c,I wanna die!,FEAR,Emotion-Plausible
GoEmo_test_1100,pair_708d,I wanna die!,SURPRISE,Emotion-Implausible
GoEmo_test_1100,pair_708e,I wanna die!,NEUTRAL,Emotion-Implausible
GoEmo_test_1100,pair_708f,I wanna die!,SADNESS,Emotion-Obvious
GoEmo_test_1100,pair_708g,I wanna die!,JOY,Emotion-Plausible
GoEmo_test_1101,pair_709a,You make it hard,ANGER,Emotion-Obvious
GoEmo_test_1101,pair_709b,You make it hard,DISGUST,Emotion-Plausible
GoEmo_test_1101,pair_709c,You make it hard,FEAR,Emotion-Plausible
GoEmo_test_1101,pair_709d,You make it hard,SURPRISE,Emotion-Plausible
GoEmo_test_1101,pair_709e,You make it hard,NEUTRAL,Emotion-Plausible
GoEmo_test_1101,pair_709f,You make it hard,SADNESS,Emotion-Plausible
GoEmo_test_1101,pair_709g,You make it hard,JOY,Emotion-Plausible
GoEmo_test_1103,pair_710a,"thanks for the reply jzplayinggames, have a great weekend.",ANGER,Emotion-Plausible
GoEmo_test_1103,pair_710b,"thanks for the reply jzplayinggames, have a great weekend.",DISGUST,Emotion-Implausible
GoEmo_test_1103,pair_710c,"thanks for the reply jzplayinggames, have a great weekend.",FEAR,Emotion-Implausible
GoEmo_test_1103,pair_710d,"thanks for the reply jzplayinggames, have a great weekend.",SURPRISE,Emotion-Plausible
GoEmo_test_1103,pair_710e,"thanks for the reply jzplayinggames, have a great weekend.",NEUTRAL,Emotion-Implausible
GoEmo_test_1103,pair_710f,"thanks for the reply jzplayinggames, have a great weekend.",SADNESS,Emotion-Plausible
GoEmo_test_1103,pair_710g,"thanks for the reply jzplayinggames, have a great weekend.",JOY,Emotion-Obvious
GoEmo_test_1105,pair_711a,"This post made me smile, cute doggo",ANGER,Emotion-Implausible
GoEmo_test_1105,pair_711b,"This post made me smile, cute doggo",DISGUST,Emotion-Implausible
GoEmo_test_1105,pair_711c,"This post made me smile, cute doggo",FEAR,Emotion-Implausible
GoEmo_test_1105,pair_711d,"This post made me smile, cute doggo",SURPRISE,Emotion-Plausible
GoEmo_test_1105,pair_711e,"This post made me smile, cute doggo",NEUTRAL,Emotion-Implausible
GoEmo_test_1105,pair_711f,"This post made me smile, cute doggo",SADNESS,Emotion-Implausible
GoEmo_test_1105,pair_711g,"This post made me smile, cute doggo",JOY,Emotion-Obvious
GoEmo_test_1106,pair_712a,those comments are perplexing,ANGER,Emotion-Plausible
GoEmo_test_1106,pair_712b,those comments are perplexing,DISGUST,Emotion-Plausible
GoEmo_test_1106,pair_712c,those comments are perplexing,FEAR,Emotion-Plausible
GoEmo_test_1106,pair_712d,those comments are perplexing,SURPRISE,Emotion-Plausible
GoEmo_test_1106,pair_712e,those comments are perplexing,NEUTRAL,Emotion-Implausible
GoEmo_test_1106,pair_712f,those comments are perplexing,SADNESS,Emotion-Plausible
GoEmo_test_1106,pair_712g,those comments are perplexing,JOY,Emotion-Implausible
GoEmo_test_1107,pair_713a,Girls screaming alone gives me horrible flashbacks,ANGER,Emotion-Plausible
GoEmo_test_1107,pair_713b,Girls screaming alone gives me horrible flashbacks,DISGUST,Emotion-Plausible
GoEmo_test_1107,pair_713c,Girls screaming alone gives me horrible flashbacks,FEAR,Emotion-Obvious
GoEmo_test_1107,pair_713d,Girls screaming alone gives me horrible flashbacks,SURPRISE,Emotion-Implausible
GoEmo_test_1107,pair_713e,Girls screaming alone gives me horrible flashbacks,NEUTRAL,Emotion-Implausible
GoEmo_test_1107,pair_713f,Girls screaming alone gives me horrible flashbacks,SADNESS,Emotion-Obvious
GoEmo_test_1107,pair_713g,Girls screaming alone gives me horrible flashbacks,JOY,Emotion-Implausible
GoEmo_test_1108,pair_714a,He already has a baby with his girlfriend who’s gorgeous,ANGER,Emotion-Plausible
GoEmo_test_1108,pair_714b,He already has a baby with his girlfriend who’s gorgeous,DISGUST,Emotion-Plausible
GoEmo_test_1108,pair_714c,He already has a baby with his girlfriend who’s gorgeous,FEAR,Emotion-Plausible
GoEmo_test_1108,pair_714d,He already has a baby with his girlfriend who’s gorgeous,SURPRISE,Emotion-Plausible
GoEmo_test_1108,pair_714e,He already has a baby with his girlfriend who’s gorgeous,NEUTRAL,Emotion-Obvious
GoEmo_test_1108,pair_714f,He already has a baby with his girlfriend who’s gorgeous,SADNESS,Emotion-Plausible
GoEmo_test_1108,pair_714g,He already has a baby with his girlfriend who’s gorgeous,JOY,Emotion-Plausible
GoEmo_test_1109,pair_715a,"Video games are great, but sometimes it’s nice to unplug and play a game of Jenga with your cat",ANGER,Emotion-Implausible
GoEmo_test_1109,pair_715b,"Video games are great, but sometimes it’s nice to unplug and play a game of Jenga with your cat",DISGUST,Emotion-Implausible
GoEmo_test_1109,pair_715c,"Video games are great, but sometimes it’s nice to unplug and play a game of Jenga with your cat",FEAR,Emotion-Implausible
GoEmo_test_1109,pair_715d,"Video games are great, but sometimes it’s nice to unplug and play a game of Jenga with your cat",SURPRISE,Emotion-Plausible
GoEmo_test_1109,pair_715e,"Video games are great, but sometimes it’s nice to unplug and play a game of Jenga with your cat",NEUTRAL,Emotion-Implausible
GoEmo_test_1109,pair_715f,"Video games are great, but sometimes it’s nice to unplug and play a game of Jenga with your cat",SADNESS,Emotion-Plausible
GoEmo_test_1109,pair_715g,"Video games are great, but sometimes it’s nice to unplug and play a game of Jenga with your cat",JOY,Emotion-Obvious
GoEmo_test_1111,pair_716a,"Because they claim to be against [NAME], and they need something called ""votes"" to beat him?",ANGER,Emotion-Plausible
GoEmo_test_1111,pair_716b,"Because they claim to be against [NAME], and they need something called ""votes"" to beat him?",DISGUST,Emotion-Plausible
GoEmo_test_1111,pair_716c,"Because they claim to be against [NAME], and they need something called ""votes"" to beat him?",FEAR,Emotion-Implausible
GoEmo_test_1111,pair_716d,"Because they claim to be against [NAME], and they need something called ""votes"" to beat him?",SURPRISE,Emotion-Obvious
GoEmo_test_1111,pair_716e,"Because they claim to be against [NAME], and they need something called ""votes"" to beat him?",NEUTRAL,Emotion-Implausible
GoEmo_test_1111,pair_716f,"Because they claim to be against [NAME], and they need something called ""votes"" to beat him?",SADNESS,Emotion-Plausible
GoEmo_test_1111,pair_716g,"Because they claim to be against [NAME], and they need something called ""votes"" to beat him?",JOY,Emotion-Implausible
GoEmo_test_1112,pair_717a,"I love [NAME], but man I wish I knew what [NAME] would have been like here.",ANGER,Emotion-Plausible
GoEmo_test_1112,pair_717b,"I love [NAME], but man I wish I knew what [NAME] would have been like here.",DISGUST,Emotion-Implausible
GoEmo_test_1112,pair_717c,"I love [NAME], but man I wish I knew what [NAME] would have been like here.",FEAR,Emotion-Implausible
GoEmo_test_1112,pair_717d,"I love [NAME], but man I wish I knew what [NAME] would have been like here.",SURPRISE,Emotion-Implausible
GoEmo_test_1112,pair_717e,"I love [NAME], but man I wish I knew what [NAME] would have been like here.",NEUTRAL,Emotion-Implausible
GoEmo_test_1112,pair_717f,"I love [NAME], but man I wish I knew what [NAME] would have been like here.",SADNESS,Emotion-Obvious
GoEmo_test_1112,pair_717g,"I love [NAME], but man I wish I knew what [NAME] would have been like here.",JOY,Emotion-Plausible
GoEmo_test_1116,pair_718a,"Parliament won't let a hard brexit go through, there are far too few MPs who would accept it.",ANGER,Emotion-Plausible
GoEmo_test_1116,pair_718b,"Parliament won't let a hard brexit go through, there are far too few MPs who would accept it.",DISGUST,Emotion-Plausible
GoEmo_test_1116,pair_718c,"Parliament won't let a hard brexit go through, there are far too few MPs who would accept it.",FEAR,Emotion-Plausible
GoEmo_test_1116,pair_718d,"Parliament won't let a hard brexit go through, there are far too few MPs who would accept it.",SURPRISE,Emotion-Plausible
GoEmo_test_1116,pair_718e,"Parliament won't let a hard brexit go through, there are far too few MPs who would accept it.",NEUTRAL,Emotion-Obvious
GoEmo_test_1116,pair_718f,"Parliament won't let a hard brexit go through, there are far too few MPs who would accept it.",SADNESS,Emotion-Plausible
GoEmo_test_1116,pair_718g,"Parliament won't let a hard brexit go through, there are far too few MPs who would accept it.",JOY,Emotion-Plausible
GoEmo_test_1117,pair_719a,Wow... I’m so glad that my dog is lazy like me.,ANGER,Emotion-Plausible
GoEmo_test_1117,pair_719b,Wow... I’m so glad that my dog is lazy like me.,DISGUST,Emotion-Implausible
GoEmo_test_1117,pair_719c,Wow... I’m so glad that my dog is lazy like me.,FEAR,Emotion-Implausible
GoEmo_test_1117,pair_719d,Wow... I’m so glad that my dog is lazy like me.,SURPRISE,Emotion-Obvious
GoEmo_test_1117,pair_719e,Wow... I’m so glad that my dog is lazy like me.,NEUTRAL,Emotion-Implausible
GoEmo_test_1117,pair_719f,Wow... I’m so glad that my dog is lazy like me.,SADNESS,Emotion-Implausible
GoEmo_test_1117,pair_719g,Wow... I’m so glad that my dog is lazy like me.,JOY,Emotion-Obvious
GoEmo_test_1118,pair_720a,This really tickled my anxiety. I hate it,ANGER,Emotion-Obvious
GoEmo_test_1118,pair_720b,This really tickled my anxiety. I hate it,DISGUST,Emotion-Obvious
GoEmo_test_1118,pair_720c,This really tickled my anxiety. I hate it,FEAR,Emotion-Obvious
GoEmo_test_1118,pair_720d,This really tickled my anxiety. I hate it,SURPRISE,Emotion-Implausible
GoEmo_test_1118,pair_720e,This really tickled my anxiety. I hate it,NEUTRAL,Emotion-Plausible
GoEmo_test_1118,pair_720f,This really tickled my anxiety. I hate it,SADNESS,Emotion-Plausible
GoEmo_test_1118,pair_720g,This really tickled my anxiety. I hate it,JOY,Emotion-Implausible
GoEmo_test_1119,pair_721a,That’s great! I hope s/he gets better!,ANGER,Emotion-Plausible
GoEmo_test_1119,pair_721b,That’s great! I hope s/he gets better!,DISGUST,Emotion-Implausible
GoEmo_test_1119,pair_721c,That’s great! I hope s/he gets better!,FEAR,Emotion-Plausible
GoEmo_test_1119,pair_721d,That’s great! I hope s/he gets better!,SURPRISE,Emotion-Plausible
GoEmo_test_1119,pair_721e,That’s great! I hope s/he gets better!,NEUTRAL,Emotion-Implausible
GoEmo_test_1119,pair_721f,That’s great! I hope s/he gets better!,SADNESS,Emotion-Plausible
GoEmo_test_1119,pair_721g,That’s great! I hope s/he gets better!,JOY,Emotion-Obvious
GoEmo_test_1130,pair_722a,I love it when people assume things.,ANGER,Emotion-Obvious
GoEmo_test_1130,pair_722b,I love it when people assume things.,DISGUST,Emotion-Plausible
GoEmo_test_1130,pair_722c,I love it when people assume things.,FEAR,Emotion-Implausible
GoEmo_test_1130,pair_722d,I love it when people assume things.,SURPRISE,Emotion-Plausible
GoEmo_test_1130,pair_722e,I love it when people assume things.,NEUTRAL,Emotion-Implausible
GoEmo_test_1130,pair_722f,I love it when people assume things.,SADNESS,Emotion-Implausible
GoEmo_test_1130,pair_722g,I love it when people assume things.,JOY,Emotion-Plausible
GoEmo_test_1131,pair_723a,Can’t wait to go to the Kings game. Especially if they bring this level of fire.,ANGER,Emotion-Plausible
GoEmo_test_1131,pair_723b,Can’t wait to go to the Kings game. Especially if they bring this level of fire.,DISGUST,Emotion-Implausible
GoEmo_test_1131,pair_723c,Can’t wait to go to the Kings game. Especially if they bring this level of fire.,FEAR,Emotion-Plausible
GoEmo_test_1131,pair_723d,Can’t wait to go to the Kings game. Especially if they bring this level of fire.,SURPRISE,Emotion-Implausible
GoEmo_test_1131,pair_723e,Can’t wait to go to the Kings game. Especially if they bring this level of fire.,NEUTRAL,Emotion-Implausible
GoEmo_test_1131,pair_723f,Can’t wait to go to the Kings game. Especially if they bring this level of fire.,SADNESS,Emotion-Implausible
GoEmo_test_1131,pair_723g,Can’t wait to go to the Kings game. Especially if they bring this level of fire.,JOY,Emotion-Obvious
GoEmo_test_1132,pair_724a,This caught me off guard for real. I actually off my bed laughing. +1,ANGER,Emotion-Implausible
GoEmo_test_1132,pair_724b,This caught me off guard for real. I actually off my bed laughing. +1,DISGUST,Emotion-Implausible
GoEmo_test_1132,pair_724c,This caught me off guard for real. I actually off my bed laughing. +1,FEAR,Emotion-Implausible
GoEmo_test_1132,pair_724d,This caught me off guard for real. I actually off my bed laughing. +1,SURPRISE,Emotion-Obvious
GoEmo_test_1132,pair_724e,This caught me off guard for real. I actually off my bed laughing. +1,NEUTRAL,Emotion-Implausible
GoEmo_test_1132,pair_724f,This caught me off guard for real. I actually off my bed laughing. +1,SADNESS,Emotion-Implausible
GoEmo_test_1132,pair_724g,This caught me off guard for real. I actually off my bed laughing. +1,JOY,Emotion-Obvious
GoEmo_test_1133,pair_725a,Oh I know. I was just pointing out that our current number one has consistency issues as well so we are used to it.,ANGER,Emotion-Plausible
GoEmo_test_1133,pair_725b,Oh I know. I was just pointing out that our current number one has consistency issues as well so we are used to it.,DISGUST,Emotion-Plausible
GoEmo_test_1133,pair_725c,Oh I know. I was just pointing out that our current number one has consistency issues as well so we are used to it.,FEAR,Emotion-Plausible
GoEmo_test_1133,pair_725d,Oh I know. I was just pointing out that our current number one has consistency issues as well so we are used to it.,SURPRISE,Emotion-Plausible
GoEmo_test_1133,pair_725e,Oh I know. I was just pointing out that our current number one has consistency issues as well so we are used to it.,NEUTRAL,Emotion-Obvious
GoEmo_test_1133,pair_725f,Oh I know. I was just pointing out that our current number one has consistency issues as well so we are used to it.,SADNESS,Emotion-Plausible
GoEmo_test_1133,pair_725g,Oh I know. I was just pointing out that our current number one has consistency issues as well so we are used to it.,JOY,Emotion-Implausible
GoEmo_test_1134,pair_726a,Thanks for the info! Great pic. I’ve saved it.,ANGER,Emotion-Plausible
GoEmo_test_1134,pair_726b,Thanks for the info! Great pic. I’ve saved it.,DISGUST,Emotion-Plausible
GoEmo_test_1134,pair_726c,Thanks for the info! Great pic. I’ve saved it.,FEAR,Emotion-Implausible
GoEmo_test_1134,pair_726d,Thanks for the info! Great pic. I’ve saved it.,SURPRISE,Emotion-Plausible
GoEmo_test_1134,pair_726e,Thanks for the info! Great pic. I’ve saved it.,NEUTRAL,Emotion-Implausible
GoEmo_test_1134,pair_726f,Thanks for the info! Great pic. I’ve saved it.,SADNESS,Emotion-Implausible
GoEmo_test_1134,pair_726g,Thanks for the info! Great pic. I’ve saved it.,JOY,Emotion-Obvious
GoEmo_test_1135,pair_727a,cause he constantly hates on [NAME] for no reason other than Petry having the puck on his stick more than anyone else on the team,ANGER,Emotion-Obvious
GoEmo_test_1135,pair_727b,cause he constantly hates on [NAME] for no reason other than Petry having the puck on his stick more than anyone else on the team,DISGUST,Emotion-Obvious
GoEmo_test_1135,pair_727c,cause he constantly hates on [NAME] for no reason other than Petry having the puck on his stick more than anyone else on the team,FEAR,Emotion-Plausible
GoEmo_test_1135,pair_727d,cause he constantly hates on [NAME] for no reason other than Petry having the puck on his stick more than anyone else on the team,SURPRISE,Emotion-Implausible
GoEmo_test_1135,pair_727e,cause he constantly hates on [NAME] for no reason other than Petry having the puck on his stick more than anyone else on the team,NEUTRAL,Emotion-Implausible
GoEmo_test_1135,pair_727f,cause he constantly hates on [NAME] for no reason other than Petry having the puck on his stick more than anyone else on the team,SADNESS,Emotion-Plausible
GoEmo_test_1135,pair_727g,cause he constantly hates on [NAME] for no reason other than Petry having the puck on his stick more than anyone else on the team,JOY,Emotion-Implausible
GoEmo_test_1138,pair_728a,I went to your profile to see the other pics & saw your kitty. He's super cute!,ANGER,Emotion-Implausible
GoEmo_test_1138,pair_728b,I went to your profile to see the other pics & saw your kitty. He's super cute!,DISGUST,Emotion-Implausible
GoEmo_test_1138,pair_728c,I went to your profile to see the other pics & saw your kitty. He's super cute!,FEAR,Emotion-Implausible
GoEmo_test_1138,pair_728d,I went to your profile to see the other pics & saw your kitty. He's super cute!,SURPRISE,Emotion-Plausible
GoEmo_test_1138,pair_728e,I went to your profile to see the other pics & saw your kitty. He's super cute!,NEUTRAL,Emotion-Implausible
GoEmo_test_1138,pair_728f,I went to your profile to see the other pics & saw your kitty. He's super cute!,SADNESS,Emotion-Implausible
GoEmo_test_1138,pair_728g,I went to your profile to see the other pics & saw your kitty. He's super cute!,JOY,Emotion-Obvious
GoEmo_test_1140,pair_729a,Don’t I know it! I can’t believe this breading station thing is so enormous.,ANGER,Emotion-Plausible
GoEmo_test_1140,pair_729b,Don’t I know it! I can’t believe this breading station thing is so enormous.,DISGUST,Emotion-Plausible
GoEmo_test_1140,pair_729c,Don’t I know it! I can’t believe this breading station thing is so enormous.,FEAR,Emotion-Plausible
GoEmo_test_1140,pair_729d,Don’t I know it! I can’t believe this breading station thing is so enormous.,SURPRISE,Emotion-Obvious
GoEmo_test_1140,pair_729e,Don’t I know it! I can’t believe this breading station thing is so enormous.,NEUTRAL,Emotion-Implausible
GoEmo_test_1140,pair_729f,Don’t I know it! I can’t believe this breading station thing is so enormous.,SADNESS,Emotion-Plausible
GoEmo_test_1140,pair_729g,Don’t I know it! I can’t believe this breading station thing is so enormous.,JOY,Emotion-Plausible
GoEmo_test_1141,pair_730a,That whole chart looks like something someone made up to post on incels.,ANGER,Emotion-Obvious
GoEmo_test_1141,pair_730b,That whole chart looks like something someone made up to post on incels.,DISGUST,Emotion-Obvious
GoEmo_test_1141,pair_730c,That whole chart looks like something someone made up to post on incels.,FEAR,Emotion-Plausible
GoEmo_test_1141,pair_730d,That whole chart looks like something someone made up to post on incels.,SURPRISE,Emotion-Plausible
GoEmo_test_1141,pair_730e,That whole chart looks like something someone made up to post on incels.,NEUTRAL,Emotion-Implausible
GoEmo_test_1141,pair_730f,That whole chart looks like something someone made up to post on incels.,SADNESS,Emotion-Plausible
GoEmo_test_1141,pair_730g,That whole chart looks like something someone made up to post on incels.,JOY,Emotion-Plausible
GoEmo_test_1142,pair_731a,Well let’s hope so.,ANGER,Emotion-Plausible
GoEmo_test_1142,pair_731b,Well let’s hope so.,DISGUST,Emotion-Plausible
GoEmo_test_1142,pair_731c,Well let’s hope so.,FEAR,Emotion-Plausible
GoEmo_test_1142,pair_731d,Well let’s hope so.,SURPRISE,Emotion-Implausible
GoEmo_test_1142,pair_731e,Well let’s hope so.,NEUTRAL,Emotion-Plausible
GoEmo_test_1142,pair_731f,Well let’s hope so.,SADNESS,Emotion-Plausible
GoEmo_test_1142,pair_731g,Well let’s hope so.,JOY,Emotion-Plausible
GoEmo_test_1145,pair_732a,"[NAME] was such a nice and calm person, he makes everything wholesome He was just like his paintings Realistic, Hard worked, and with tons of love",ANGER,Emotion-Implausible
GoEmo_test_1145,pair_732b,"[NAME] was such a nice and calm person, he makes everything wholesome He was just like his paintings Realistic, Hard worked, and with tons of love",DISGUST,Emotion-Implausible
GoEmo_test_1145,pair_732c,"[NAME] was such a nice and calm person, he makes everything wholesome He was just like his paintings Realistic, Hard worked, and with tons of love",FEAR,Emotion-Implausible
GoEmo_test_1145,pair_732d,"[NAME] was such a nice and calm person, he makes everything wholesome He was just like his paintings Realistic, Hard worked, and with tons of love",SURPRISE,Emotion-Implausible
GoEmo_test_1145,pair_732e,"[NAME] was such a nice and calm person, he makes everything wholesome He was just like his paintings Realistic, Hard worked, and with tons of love",NEUTRAL,Emotion-Implausible
GoEmo_test_1145,pair_732f,"[NAME] was such a nice and calm person, he makes everything wholesome He was just like his paintings Realistic, Hard worked, and with tons of love",SADNESS,Emotion-Plausible
GoEmo_test_1145,pair_732g,"[NAME] was such a nice and calm person, he makes everything wholesome He was just like his paintings Realistic, Hard worked, and with tons of love",JOY,Emotion-Plausible
GoEmo_test_1146,pair_733a,Happy Birthday [NAME]. You wont read this message but itll be here.,ANGER,Emotion-Plausible
GoEmo_test_1146,pair_733b,Happy Birthday [NAME]. You wont read this message but itll be here.,DISGUST,Emotion-Implausible
GoEmo_test_1146,pair_733c,Happy Birthday [NAME]. You wont read this message but itll be here.,FEAR,Emotion-Implausible
GoEmo_test_1146,pair_733d,Happy Birthday [NAME]. You wont read this message but itll be here.,SURPRISE,Emotion-Implausible
GoEmo_test_1146,pair_733e,Happy Birthday [NAME]. You wont read this message but itll be here.,NEUTRAL,Emotion-Implausible
GoEmo_test_1146,pair_733f,Happy Birthday [NAME]. You wont read this message but itll be here.,SADNESS,Emotion-Obvious
GoEmo_test_1146,pair_733g,Happy Birthday [NAME]. You wont read this message but itll be here.,JOY,Emotion-Obvious
GoEmo_test_1147,pair_734a,I think I’ll go ahead and continue criticizing silly unfounded and harmful beliefs,ANGER,Emotion-Obvious
GoEmo_test_1147,pair_734b,I think I’ll go ahead and continue criticizing silly unfounded and harmful beliefs,DISGUST,Emotion-Obvious
GoEmo_test_1147,pair_734c,I think I’ll go ahead and continue criticizing silly unfounded and harmful beliefs,FEAR,Emotion-Plausible
GoEmo_test_1147,pair_734d,I think I’ll go ahead and continue criticizing silly unfounded and harmful beliefs,SURPRISE,Emotion-Plausible
GoEmo_test_1147,pair_734e,I think I’ll go ahead and continue criticizing silly unfounded and harmful beliefs,NEUTRAL,Emotion-Implausible
GoEmo_test_1147,pair_734f,I think I’ll go ahead and continue criticizing silly unfounded and harmful beliefs,SADNESS,Emotion-Plausible
GoEmo_test_1147,pair_734g,I think I’ll go ahead and continue criticizing silly unfounded and harmful beliefs,JOY,Emotion-Plausible
GoEmo_test_1149,pair_735a,"Oscars are trying to be more hip and contemporary now, so don't be surprised if [NAME] and [NAME] win.",ANGER,Emotion-Plausible
GoEmo_test_1149,pair_735b,"Oscars are trying to be more hip and contemporary now, so don't be surprised if [NAME] and [NAME] win.",DISGUST,Emotion-Plausible
GoEmo_test_1149,pair_735c,"Oscars are trying to be more hip and contemporary now, so don't be surprised if [NAME] and [NAME] win.",FEAR,Emotion-Plausible
GoEmo_test_1149,pair_735d,"Oscars are trying to be more hip and contemporary now, so don't be surprised if [NAME] and [NAME] win.",SURPRISE,Emotion-Implausible
GoEmo_test_1149,pair_735e,"Oscars are trying to be more hip and contemporary now, so don't be surprised if [NAME] and [NAME] win.",NEUTRAL,Emotion-Implausible
GoEmo_test_1149,pair_735f,"Oscars are trying to be more hip and contemporary now, so don't be surprised if [NAME] and [NAME] win.",SADNESS,Emotion-Plausible
GoEmo_test_1149,pair_735g,"Oscars are trying to be more hip and contemporary now, so don't be surprised if [NAME] and [NAME] win.",JOY,Emotion-Plausible
GoEmo_test_1150,pair_736a,that offense averaged 20 points a game. the same as this year and look where we are.,ANGER,Emotion-Obvious
GoEmo_test_1150,pair_736b,that offense averaged 20 points a game. the same as this year and look where we are.,DISGUST,Emotion-Plausible
GoEmo_test_1150,pair_736c,that offense averaged 20 points a game. the same as this year and look where we are.,FEAR,Emotion-Plausible
GoEmo_test_1150,pair_736d,that offense averaged 20 points a game. the same as this year and look where we are.,SURPRISE,Emotion-Plausible
GoEmo_test_1150,pair_736e,that offense averaged 20 points a game. the same as this year and look where we are.,NEUTRAL,Emotion-Implausible
GoEmo_test_1150,pair_736f,that offense averaged 20 points a game. the same as this year and look where we are.,SADNESS,Emotion-Obvious
GoEmo_test_1150,pair_736g,that offense averaged 20 points a game. the same as this year and look where we are.,JOY,Emotion-Plausible
GoEmo_test_1151,pair_737a,-9 and I’m out shopping. Sun is out feels great.,ANGER,Emotion-Implausible
GoEmo_test_1151,pair_737b,-9 and I’m out shopping. Sun is out feels great.,DISGUST,Emotion-Implausible
GoEmo_test_1151,pair_737c,-9 and I’m out shopping. Sun is out feels great.,FEAR,Emotion-Implausible
GoEmo_test_1151,pair_737d,-9 and I’m out shopping. Sun is out feels great.,SURPRISE,Emotion-Plausible
GoEmo_test_1151,pair_737e,-9 and I’m out shopping. Sun is out feels great.,NEUTRAL,Emotion-Implausible
GoEmo_test_1151,pair_737f,-9 and I’m out shopping. Sun is out feels great.,SADNESS,Emotion-Implausible
GoEmo_test_1151,pair_737g,-9 and I’m out shopping. Sun is out feels great.,JOY,Emotion-Obvious
GoEmo_test_1156,pair_738a,"Mongoose actually mate for life, and he can't leave his girl behind!",ANGER,Emotion-Plausible
GoEmo_test_1156,pair_738b,"Mongoose actually mate for life, and he can't leave his girl behind!",DISGUST,Emotion-Implausible
GoEmo_test_1156,pair_738c,"Mongoose actually mate for life, and he can't leave his girl behind!",FEAR,Emotion-Implausible
GoEmo_test_1156,pair_738d,"Mongoose actually mate for life, and he can't leave his girl behind!",SURPRISE,Emotion-Obvious
GoEmo_test_1156,pair_738e,"Mongoose actually mate for life, and he can't leave his girl behind!",NEUTRAL,Emotion-Implausible
GoEmo_test_1156,pair_738f,"Mongoose actually mate for life, and he can't leave his girl behind!",SADNESS,Emotion-Plausible
GoEmo_test_1156,pair_738g,"Mongoose actually mate for life, and he can't leave his girl behind!",JOY,Emotion-Plausible
GoEmo_test_1158,pair_739a,I listened to this song the other day for the first time and... oh boy yeah,ANGER,Emotion-Plausible
GoEmo_test_1158,pair_739b,I listened to this song the other day for the first time and... oh boy yeah,DISGUST,Emotion-Implausible
GoEmo_test_1158,pair_739c,I listened to this song the other day for the first time and... oh boy yeah,FEAR,Emotion-Implausible
GoEmo_test_1158,pair_739d,I listened to this song the other day for the first time and... oh boy yeah,SURPRISE,Emotion-Obvious
GoEmo_test_1158,pair_739e,I listened to this song the other day for the first time and... oh boy yeah,NEUTRAL,Emotion-Implausible
GoEmo_test_1158,pair_739f,I listened to this song the other day for the first time and... oh boy yeah,SADNESS,Emotion-Plausible
GoEmo_test_1158,pair_739g,I listened to this song the other day for the first time and... oh boy yeah,JOY,Emotion-Obvious
GoEmo_test_1161,pair_740a,"I will, Thank you!!",ANGER,Emotion-Plausible
GoEmo_test_1161,pair_740b,"I will, Thank you!!",DISGUST,Emotion-Implausible
GoEmo_test_1161,pair_740c,"I will, Thank you!!",FEAR,Emotion-Plausible
GoEmo_test_1161,pair_740d,"I will, Thank you!!",SURPRISE,Emotion-Plausible
GoEmo_test_1161,pair_740e,"I will, Thank you!!",NEUTRAL,Emotion-Implausible
GoEmo_test_1161,pair_740f,"I will, Thank you!!",SADNESS,Emotion-Plausible
GoEmo_test_1161,pair_740g,"I will, Thank you!!",JOY,Emotion-Obvious
GoEmo_test_1163,pair_741a,"Nice, I saw them during the Demo and was pretty impressed",ANGER,Emotion-Plausible
GoEmo_test_1163,pair_741b,"Nice, I saw them during the Demo and was pretty impressed",DISGUST,Emotion-Implausible
GoEmo_test_1163,pair_741c,"Nice, I saw them during the Demo and was pretty impressed",FEAR,Emotion-Implausible
GoEmo_test_1163,pair_741d,"Nice, I saw them during the Demo and was pretty impressed",SURPRISE,Emotion-Plausible
GoEmo_test_1163,pair_741e,"Nice, I saw them during the Demo and was pretty impressed",NEUTRAL,Emotion-Implausible
GoEmo_test_1163,pair_741f,"Nice, I saw them during the Demo and was pretty impressed",SADNESS,Emotion-Implausible
GoEmo_test_1163,pair_741g,"Nice, I saw them during the Demo and was pretty impressed",JOY,Emotion-Obvious
GoEmo_test_1166,pair_742a,For my next magic trick; watch me turn this bottle of fireball into domestic abuse,ANGER,Emotion-Obvious
GoEmo_test_1166,pair_742b,For my next magic trick; watch me turn this bottle of fireball into domestic abuse,DISGUST,Emotion-Obvious
GoEmo_test_1166,pair_742c,For my next magic trick; watch me turn this bottle of fireball into domestic abuse,FEAR,Emotion-Plausible
GoEmo_test_1166,pair_742d,For my next magic trick; watch me turn this bottle of fireball into domestic abuse,SURPRISE,Emotion-Implausible
GoEmo_test_1166,pair_742e,For my next magic trick; watch me turn this bottle of fireball into domestic abuse,NEUTRAL,Emotion-Implausible
GoEmo_test_1166,pair_742f,For my next magic trick; watch me turn this bottle of fireball into domestic abuse,SADNESS,Emotion-Plausible
GoEmo_test_1166,pair_742g,For my next magic trick; watch me turn this bottle of fireball into domestic abuse,JOY,Emotion-Plausible
GoEmo_test_1167,pair_743a,>slaps windshield This bad boy can fit so many Leds on it,ANGER,Emotion-Implausible
GoEmo_test_1167,pair_743b,>slaps windshield This bad boy can fit so many Leds on it,DISGUST,Emotion-Implausible
GoEmo_test_1167,pair_743c,>slaps windshield This bad boy can fit so many Leds on it,FEAR,Emotion-Implausible
GoEmo_test_1167,pair_743d,>slaps windshield This bad boy can fit so many Leds on it,SURPRISE,Emotion-Plausible
GoEmo_test_1167,pair_743e,>slaps windshield This bad boy can fit so many Leds on it,NEUTRAL,Emotion-Implausible
GoEmo_test_1167,pair_743f,>slaps windshield This bad boy can fit so many Leds on it,SADNESS,Emotion-Implausible
GoEmo_test_1167,pair_743g,>slaps windshield This bad boy can fit so many Leds on it,JOY,Emotion-Obvious
GoEmo_test_1168,pair_744a,Surprised he's in. Imagined he was concussed. He was on another planet for a bit.,ANGER,Emotion-Plausible
GoEmo_test_1168,pair_744b,Surprised he's in. Imagined he was concussed. He was on another planet for a bit.,DISGUST,Emotion-Implausible
GoEmo_test_1168,pair_744c,Surprised he's in. Imagined he was concussed. He was on another planet for a bit.,FEAR,Emotion-Plausible
GoEmo_test_1168,pair_744d,Surprised he's in. Imagined he was concussed. He was on another planet for a bit.,SURPRISE,Emotion-Obvious
GoEmo_test_1168,pair_744e,Surprised he's in. Imagined he was concussed. He was on another planet for a bit.,NEUTRAL,Emotion-Implausible
GoEmo_test_1168,pair_744f,Surprised he's in. Imagined he was concussed. He was on another planet for a bit.,SADNESS,Emotion-Plausible
GoEmo_test_1168,pair_744g,Surprised he's in. Imagined he was concussed. He was on another planet for a bit.,JOY,Emotion-Plausible
GoEmo_test_1169,pair_745a,Hunting would at least be more rewarding and fun. Every time I wanna meal prep in RDO I just horseback ride and lock-on to deer.,ANGER,Emotion-Obvious
GoEmo_test_1169,pair_745b,Hunting would at least be more rewarding and fun. Every time I wanna meal prep in RDO I just horseback ride and lock-on to deer.,DISGUST,Emotion-Plausible
GoEmo_test_1169,pair_745c,Hunting would at least be more rewarding and fun. Every time I wanna meal prep in RDO I just horseback ride and lock-on to deer.,FEAR,Emotion-Implausible
GoEmo_test_1169,pair_745d,Hunting would at least be more rewarding and fun. Every time I wanna meal prep in RDO I just horseback ride and lock-on to deer.,SURPRISE,Emotion-Plausible
GoEmo_test_1169,pair_745e,Hunting would at least be more rewarding and fun. Every time I wanna meal prep in RDO I just horseback ride and lock-on to deer.,NEUTRAL,Emotion-Implausible
GoEmo_test_1169,pair_745f,Hunting would at least be more rewarding and fun. Every time I wanna meal prep in RDO I just horseback ride and lock-on to deer.,SADNESS,Emotion-Plausible
GoEmo_test_1169,pair_745g,Hunting would at least be more rewarding and fun. Every time I wanna meal prep in RDO I just horseback ride and lock-on to deer.,JOY,Emotion-Obvious
GoEmo_test_1170,pair_746a,"At some point, we all hate it. Hey it feels good to be real sometimes.",ANGER,Emotion-Plausible
GoEmo_test_1170,pair_746b,"At some point, we all hate it. Hey it feels good to be real sometimes.",DISGUST,Emotion-Plausible
GoEmo_test_1170,pair_746c,"At some point, we all hate it. Hey it feels good to be real sometimes.",FEAR,Emotion-Implausible
GoEmo_test_1170,pair_746d,"At some point, we all hate it. Hey it feels good to be real sometimes.",SURPRISE,Emotion-Implausible
GoEmo_test_1170,pair_746e,"At some point, we all hate it. Hey it feels good to be real sometimes.",NEUTRAL,Emotion-Implausible
GoEmo_test_1170,pair_746f,"At some point, we all hate it. Hey it feels good to be real sometimes.",SADNESS,Emotion-Plausible
GoEmo_test_1170,pair_746g,"At some point, we all hate it. Hey it feels good to be real sometimes.",JOY,Emotion-Obvious
GoEmo_test_1171,pair_747a,Can we forget that this moment happened,ANGER,Emotion-Plausible
GoEmo_test_1171,pair_747b,Can we forget that this moment happened,DISGUST,Emotion-Plausible
GoEmo_test_1171,pair_747c,Can we forget that this moment happened,FEAR,Emotion-Plausible
GoEmo_test_1171,pair_747d,Can we forget that this moment happened,SURPRISE,Emotion-Plausible
GoEmo_test_1171,pair_747e,Can we forget that this moment happened,NEUTRAL,Emotion-Implausible
GoEmo_test_1171,pair_747f,Can we forget that this moment happened,SADNESS,Emotion-Obvious
GoEmo_test_1171,pair_747g,Can we forget that this moment happened,JOY,Emotion-Implausible
GoEmo_test_1172,pair_748a,It smelled even worse than it sounds. You learn just how quickly someone's feet can rot and really stink up an entire bay.,ANGER,Emotion-Plausible
GoEmo_test_1172,pair_748b,It smelled even worse than it sounds. You learn just how quickly someone's feet can rot and really stink up an entire bay.,DISGUST,Emotion-Obvious
GoEmo_test_1172,pair_748c,It smelled even worse than it sounds. You learn just how quickly someone's feet can rot and really stink up an entire bay.,FEAR,Emotion-Plausible
GoEmo_test_1172,pair_748d,It smelled even worse than it sounds. You learn just how quickly someone's feet can rot and really stink up an entire bay.,SURPRISE,Emotion-Obvious
GoEmo_test_1172,pair_748e,It smelled even worse than it sounds. You learn just how quickly someone's feet can rot and really stink up an entire bay.,NEUTRAL,Emotion-Implausible
GoEmo_test_1172,pair_748f,It smelled even worse than it sounds. You learn just how quickly someone's feet can rot and really stink up an entire bay.,SADNESS,Emotion-Plausible
GoEmo_test_1172,pair_748g,It smelled even worse than it sounds. You learn just how quickly someone's feet can rot and really stink up an entire bay.,JOY,Emotion-Implausible
GoEmo_test_1173,pair_749a,Who said that,ANGER,Emotion-Plausible
GoEmo_test_1173,pair_749b,Who said that,DISGUST,Emotion-Plausible
GoEmo_test_1173,pair_749c,Who said that,FEAR,Emotion-Plausible
GoEmo_test_1173,pair_749d,Who said that,SURPRISE,Emotion-Plausible
GoEmo_test_1173,pair_749e,Who said that,NEUTRAL,Emotion-Plausible
GoEmo_test_1173,pair_749f,Who said that,SADNESS,Emotion-Plausible
GoEmo_test_1173,pair_749g,Who said that,JOY,Emotion-Plausible
GoEmo_test_1175,pair_750a,Awe that one was just for me but I really like the post,ANGER,Emotion-Plausible
GoEmo_test_1175,pair_750b,Awe that one was just for me but I really like the post,DISGUST,Emotion-Implausible
GoEmo_test_1175,pair_750c,Awe that one was just for me but I really like the post,FEAR,Emotion-Implausible
GoEmo_test_1175,pair_750d,Awe that one was just for me but I really like the post,SURPRISE,Emotion-Obvious
GoEmo_test_1175,pair_750e,Awe that one was just for me but I really like the post,NEUTRAL,Emotion-Implausible
GoEmo_test_1175,pair_750f,Awe that one was just for me but I really like the post,SADNESS,Emotion-Implausible
GoEmo_test_1175,pair_750g,Awe that one was just for me but I really like the post,JOY,Emotion-Obvious
GoEmo_test_1176,pair_751a,So they are up thanks,ANGER,Emotion-Plausible
GoEmo_test_1176,pair_751b,So they are up thanks,DISGUST,Emotion-Plausible
GoEmo_test_1176,pair_751c,So they are up thanks,FEAR,Emotion-Plausible
GoEmo_test_1176,pair_751d,So they are up thanks,SURPRISE,Emotion-Plausible
GoEmo_test_1176,pair_751e,So they are up thanks,NEUTRAL,Emotion-Plausible
GoEmo_test_1176,pair_751f,So they are up thanks,SADNESS,Emotion-Plausible
GoEmo_test_1176,pair_751g,So they are up thanks,JOY,Emotion-Plausible
GoEmo_test_1177,pair_752a,Lmao. I still sing fun with the funk sometimes.,ANGER,Emotion-Plausible
GoEmo_test_1177,pair_752b,Lmao. I still sing fun with the funk sometimes.,DISGUST,Emotion-Implausible
GoEmo_test_1177,pair_752c,Lmao. I still sing fun with the funk sometimes.,FEAR,Emotion-Implausible
GoEmo_test_1177,pair_752d,Lmao. I still sing fun with the funk sometimes.,SURPRISE,Emotion-Implausible
GoEmo_test_1177,pair_752e,Lmao. I still sing fun with the funk sometimes.,NEUTRAL,Emotion-Implausible
GoEmo_test_1177,pair_752f,Lmao. I still sing fun with the funk sometimes.,SADNESS,Emotion-Implausible
GoEmo_test_1177,pair_752g,Lmao. I still sing fun with the funk sometimes.,JOY,Emotion-Obvious
GoEmo_test_1178,pair_753a,"You probably just have a fashion preference, if you arn't dysphoric about it then you don't have another gender really.",ANGER,Emotion-Obvious
GoEmo_test_1178,pair_753b,"You probably just have a fashion preference, if you arn't dysphoric about it then you don't have another gender really.",DISGUST,Emotion-Plausible
GoEmo_test_1178,pair_753c,"You probably just have a fashion preference, if you arn't dysphoric about it then you don't have another gender really.",FEAR,Emotion-Plausible
GoEmo_test_1178,pair_753d,"You probably just have a fashion preference, if you arn't dysphoric about it then you don't have another gender really.",SURPRISE,Emotion-Plausible
GoEmo_test_1178,pair_753e,"You probably just have a fashion preference, if you arn't dysphoric about it then you don't have another gender really.",NEUTRAL,Emotion-Implausible
GoEmo_test_1178,pair_753f,"You probably just have a fashion preference, if you arn't dysphoric about it then you don't have another gender really.",SADNESS,Emotion-Implausible
GoEmo_test_1178,pair_753g,"You probably just have a fashion preference, if you arn't dysphoric about it then you don't have another gender really.",JOY,Emotion-Plausible
GoEmo_test_1179,pair_754a,"Oh sorry my bad, didmt know",ANGER,Emotion-Plausible
GoEmo_test_1179,pair_754b,"Oh sorry my bad, didmt know",DISGUST,Emotion-Plausible
GoEmo_test_1179,pair_754c,"Oh sorry my bad, didmt know",FEAR,Emotion-Plausible
GoEmo_test_1179,pair_754d,"Oh sorry my bad, didmt know",SURPRISE,Emotion-Plausible
GoEmo_test_1179,pair_754e,"Oh sorry my bad, didmt know",NEUTRAL,Emotion-Implausible
GoEmo_test_1179,pair_754f,"Oh sorry my bad, didmt know",SADNESS,Emotion-Obvious
GoEmo_test_1179,pair_754g,"Oh sorry my bad, didmt know",JOY,Emotion-Plausible
GoEmo_test_1180,pair_755a,[NAME] career ended after he broke his foot when he kicked a seat while blacked out on a party after a Vikings game.,ANGER,Emotion-Plausible
GoEmo_test_1180,pair_755b,[NAME] career ended after he broke his foot when he kicked a seat while blacked out on a party after a Vikings game.,DISGUST,Emotion-Plausible
GoEmo_test_1180,pair_755c,[NAME] career ended after he broke his foot when he kicked a seat while blacked out on a party after a Vikings game.,FEAR,Emotion-Plausible
GoEmo_test_1180,pair_755d,[NAME] career ended after he broke his foot when he kicked a seat while blacked out on a party after a Vikings game.,SURPRISE,Emotion-Plausible
GoEmo_test_1180,pair_755e,[NAME] career ended after he broke his foot when he kicked a seat while blacked out on a party after a Vikings game.,NEUTRAL,Emotion-Plausible
GoEmo_test_1180,pair_755f,[NAME] career ended after he broke his foot when he kicked a seat while blacked out on a party after a Vikings game.,SADNESS,Emotion-Obvious
GoEmo_test_1180,pair_755g,[NAME] career ended after he broke his foot when he kicked a seat while blacked out on a party after a Vikings game.,JOY,Emotion-Plausible
GoEmo_test_1181,pair_756a,"I would hope that Cartoon Network would have nothing to do with it. Would hate to see them ""Teen Titan"" ASOIAF.",ANGER,Emotion-Obvious
GoEmo_test_1181,pair_756b,"I would hope that Cartoon Network would have nothing to do with it. Would hate to see them ""Teen Titan"" ASOIAF.",DISGUST,Emotion-Obvious
GoEmo_test_1181,pair_756c,"I would hope that Cartoon Network would have nothing to do with it. Would hate to see them ""Teen Titan"" ASOIAF.",FEAR,Emotion-Obvious
GoEmo_test_1181,pair_756d,"I would hope that Cartoon Network would have nothing to do with it. Would hate to see them ""Teen Titan"" ASOIAF.",SURPRISE,Emotion-Implausible
GoEmo_test_1181,pair_756e,"I would hope that Cartoon Network would have nothing to do with it. Would hate to see them ""Teen Titan"" ASOIAF.",NEUTRAL,Emotion-Implausible
GoEmo_test_1181,pair_756f,"I would hope that Cartoon Network would have nothing to do with it. Would hate to see them ""Teen Titan"" ASOIAF.",SADNESS,Emotion-Plausible
GoEmo_test_1181,pair_756g,"I would hope that Cartoon Network would have nothing to do with it. Would hate to see them ""Teen Titan"" ASOIAF.",JOY,Emotion-Implausible
GoEmo_test_1184,pair_757a,And no fall damage,ANGER,Emotion-Plausible
GoEmo_test_1184,pair_757b,And no fall damage,DISGUST,Emotion-Plausible
GoEmo_test_1184,pair_757c,And no fall damage,FEAR,Emotion-Plausible
GoEmo_test_1184,pair_757d,And no fall damage,SURPRISE,Emotion-Plausible
GoEmo_test_1184,pair_757e,And no fall damage,NEUTRAL,Emotion-Plausible
GoEmo_test_1184,pair_757f,And no fall damage,SADNESS,Emotion-Plausible
GoEmo_test_1184,pair_757g,And no fall damage,JOY,Emotion-Obvious
GoEmo_test_1185,pair_758a,Same here. There's so much good to discover in any decade really.,ANGER,Emotion-Plausible
GoEmo_test_1185,pair_758b,Same here. There's so much good to discover in any decade really.,DISGUST,Emotion-Plausible
GoEmo_test_1185,pair_758c,Same here. There's so much good to discover in any decade really.,FEAR,Emotion-Implausible
GoEmo_test_1185,pair_758d,Same here. There's so much good to discover in any decade really.,SURPRISE,Emotion-Plausible
GoEmo_test_1185,pair_758e,Same here. There's so much good to discover in any decade really.,NEUTRAL,Emotion-Implausible
GoEmo_test_1185,pair_758f,Same here. There's so much good to discover in any decade really.,SADNESS,Emotion-Plausible
GoEmo_test_1185,pair_758g,Same here. There's so much good to discover in any decade really.,JOY,Emotion-Obvious
GoEmo_test_1186,pair_759a,I LOVED having him; every time [NAME] takes that 18 footer I expect to be automatic only to be very disappointed.,ANGER,Emotion-Plausible
GoEmo_test_1186,pair_759b,I LOVED having him; every time [NAME] takes that 18 footer I expect to be automatic only to be very disappointed.,DISGUST,Emotion-Implausible
GoEmo_test_1186,pair_759c,I LOVED having him; every time [NAME] takes that 18 footer I expect to be automatic only to be very disappointed.,FEAR,Emotion-Plausible
GoEmo_test_1186,pair_759d,I LOVED having him; every time [NAME] takes that 18 footer I expect to be automatic only to be very disappointed.,SURPRISE,Emotion-Plausible
GoEmo_test_1186,pair_759e,I LOVED having him; every time [NAME] takes that 18 footer I expect to be automatic only to be very disappointed.,NEUTRAL,Emotion-Implausible
GoEmo_test_1186,pair_759f,I LOVED having him; every time [NAME] takes that 18 footer I expect to be automatic only to be very disappointed.,SADNESS,Emotion-Obvious
GoEmo_test_1186,pair_759g,I LOVED having him; every time [NAME] takes that 18 footer I expect to be automatic only to be very disappointed.,JOY,Emotion-Plausible
GoEmo_test_1187,pair_760a,is your dad very wealthy by any chance [NAME],ANGER,Emotion-Plausible
GoEmo_test_1187,pair_760b,is your dad very wealthy by any chance [NAME],DISGUST,Emotion-Implausible
GoEmo_test_1187,pair_760c,is your dad very wealthy by any chance [NAME],FEAR,Emotion-Plausible
GoEmo_test_1187,pair_760d,is your dad very wealthy by any chance [NAME],SURPRISE,Emotion-Plausible
GoEmo_test_1187,pair_760e,is your dad very wealthy by any chance [NAME],NEUTRAL,Emotion-Obvious
GoEmo_test_1187,pair_760f,is your dad very wealthy by any chance [NAME],SADNESS,Emotion-Plausible
GoEmo_test_1187,pair_760g,is your dad very wealthy by any chance [NAME],JOY,Emotion-Implausible
GoEmo_test_1188,pair_761a,Why is this still not banned,ANGER,Emotion-Obvious
GoEmo_test_1188,pair_761b,Why is this still not banned,DISGUST,Emotion-Plausible
GoEmo_test_1188,pair_761c,Why is this still not banned,FEAR,Emotion-Plausible
GoEmo_test_1188,pair_761d,Why is this still not banned,SURPRISE,Emotion-Obvious
GoEmo_test_1188,pair_761e,Why is this still not banned,NEUTRAL,Emotion-Plausible
GoEmo_test_1188,pair_761f,Why is this still not banned,SADNESS,Emotion-Plausible
GoEmo_test_1188,pair_761g,Why is this still not banned,JOY,Emotion-Implausible
GoEmo_test_1190,pair_762a,Yep i always say this. Absolutely best case scenario is a foul ball. If he puts it in play it's probably a dribbler.,ANGER,Emotion-Plausible
GoEmo_test_1190,pair_762b,Yep i always say this. Absolutely best case scenario is a foul ball. If he puts it in play it's probably a dribbler.,DISGUST,Emotion-Implausible
GoEmo_test_1190,pair_762c,Yep i always say this. Absolutely best case scenario is a foul ball. If he puts it in play it's probably a dribbler.,FEAR,Emotion-Obvious
GoEmo_test_1190,pair_762d,Yep i always say this. Absolutely best case scenario is a foul ball. If he puts it in play it's probably a dribbler.,SURPRISE,Emotion-Implausible
GoEmo_test_1190,pair_762e,Yep i always say this. Absolutely best case scenario is a foul ball. If he puts it in play it's probably a dribbler.,NEUTRAL,Emotion-Obvious
GoEmo_test_1190,pair_762f,Yep i always say this. Absolutely best case scenario is a foul ball. If he puts it in play it's probably a dribbler.,SADNESS,Emotion-Implausible
GoEmo_test_1190,pair_762g,Yep i always say this. Absolutely best case scenario is a foul ball. If he puts it in play it's probably a dribbler.,JOY,Emotion-Implausible
GoEmo_test_1192,pair_763a,Can’t believe a club paid $550k for Sandow that’s absurd.,ANGER,Emotion-Plausible
GoEmo_test_1192,pair_763b,Can’t believe a club paid $550k for Sandow that’s absurd.,DISGUST,Emotion-Plausible
GoEmo_test_1192,pair_763c,Can’t believe a club paid $550k for Sandow that’s absurd.,FEAR,Emotion-Plausible
GoEmo_test_1192,pair_763d,Can’t believe a club paid $550k for Sandow that’s absurd.,SURPRISE,Emotion-Obvious
GoEmo_test_1192,pair_763e,Can’t believe a club paid $550k for Sandow that’s absurd.,NEUTRAL,Emotion-Implausible
GoEmo_test_1192,pair_763f,Can’t believe a club paid $550k for Sandow that’s absurd.,SADNESS,Emotion-Plausible
GoEmo_test_1192,pair_763g,Can’t believe a club paid $550k for Sandow that’s absurd.,JOY,Emotion-Implausible
GoEmo_test_1193,pair_764a,"By not using Facebook as a barometer of success. Look at Facebook as a highlight reel and not what people are actually living,",ANGER,Emotion-Plausible
GoEmo_test_1193,pair_764b,"By not using Facebook as a barometer of success. Look at Facebook as a highlight reel and not what people are actually living,",DISGUST,Emotion-Plausible
GoEmo_test_1193,pair_764c,"By not using Facebook as a barometer of success. Look at Facebook as a highlight reel and not what people are actually living,",FEAR,Emotion-Plausible
GoEmo_test_1193,pair_764d,"By not using Facebook as a barometer of success. Look at Facebook as a highlight reel and not what people are actually living,",SURPRISE,Emotion-Plausible
GoEmo_test_1193,pair_764e,"By not using Facebook as a barometer of success. Look at Facebook as a highlight reel and not what people are actually living,",NEUTRAL,Emotion-Plausible
GoEmo_test_1193,pair_764f,"By not using Facebook as a barometer of success. Look at Facebook as a highlight reel and not what people are actually living,",SADNESS,Emotion-Plausible
GoEmo_test_1193,pair_764g,"By not using Facebook as a barometer of success. Look at Facebook as a highlight reel and not what people are actually living,",JOY,Emotion-Plausible
GoEmo_test_1195,pair_765a,Not from but I lived there for 12 years until very recently,ANGER,Emotion-Plausible
GoEmo_test_1195,pair_765b,Not from but I lived there for 12 years until very recently,DISGUST,Emotion-Plausible
GoEmo_test_1195,pair_765c,Not from but I lived there for 12 years until very recently,FEAR,Emotion-Plausible
GoEmo_test_1195,pair_765d,Not from but I lived there for 12 years until very recently,SURPRISE,Emotion-Plausible
GoEmo_test_1195,pair_765e,Not from but I lived there for 12 years until very recently,NEUTRAL,Emotion-Obvious
GoEmo_test_1195,pair_765f,Not from but I lived there for 12 years until very recently,SADNESS,Emotion-Plausible
GoEmo_test_1195,pair_765g,Not from but I lived there for 12 years until very recently,JOY,Emotion-Plausible
GoEmo_test_1196,pair_766a,I do remember this and wanted nothing more than to kill that guy,ANGER,Emotion-Obvious
GoEmo_test_1196,pair_766b,I do remember this and wanted nothing more than to kill that guy,DISGUST,Emotion-Plausible
GoEmo_test_1196,pair_766c,I do remember this and wanted nothing more than to kill that guy,FEAR,Emotion-Plausible
GoEmo_test_1196,pair_766d,I do remember this and wanted nothing more than to kill that guy,SURPRISE,Emotion-Implausible
GoEmo_test_1196,pair_766e,I do remember this and wanted nothing more than to kill that guy,NEUTRAL,Emotion-Implausible
GoEmo_test_1196,pair_766f,I do remember this and wanted nothing more than to kill that guy,SADNESS,Emotion-Implausible
GoEmo_test_1196,pair_766g,I do remember this and wanted nothing more than to kill that guy,JOY,Emotion-Implausible
GoEmo_test_1198,pair_767a,Ignorance is unfortunately a part of mankind. We are still so Un-evolved,ANGER,Emotion-Plausible
GoEmo_test_1198,pair_767b,Ignorance is unfortunately a part of mankind. We are still so Un-evolved,DISGUST,Emotion-Plausible
GoEmo_test_1198,pair_767c,Ignorance is unfortunately a part of mankind. We are still so Un-evolved,FEAR,Emotion-Plausible
GoEmo_test_1198,pair_767d,Ignorance is unfortunately a part of mankind. We are still so Un-evolved,SURPRISE,Emotion-Plausible
GoEmo_test_1198,pair_767e,Ignorance is unfortunately a part of mankind. We are still so Un-evolved,NEUTRAL,Emotion-Implausible
GoEmo_test_1198,pair_767f,Ignorance is unfortunately a part of mankind. We are still so Un-evolved,SADNESS,Emotion-Plausible
GoEmo_test_1198,pair_767g,Ignorance is unfortunately a part of mankind. We are still so Un-evolved,JOY,Emotion-Implausible
GoEmo_test_1200,pair_768a,nice!! I'll try this one,ANGER,Emotion-Plausible
GoEmo_test_1200,pair_768b,nice!! I'll try this one,DISGUST,Emotion-Implausible
GoEmo_test_1200,pair_768c,nice!! I'll try this one,FEAR,Emotion-Plausible
GoEmo_test_1200,pair_768d,nice!! I'll try this one,SURPRISE,Emotion-Plausible
GoEmo_test_1200,pair_768e,nice!! I'll try this one,NEUTRAL,Emotion-Implausible
GoEmo_test_1200,pair_768f,nice!! I'll try this one,SADNESS,Emotion-Plausible
GoEmo_test_1200,pair_768g,nice!! I'll try this one,JOY,Emotion-Obvious
GoEmo_test_1201,pair_769a,giving great [NAME] vibes,ANGER,Emotion-Plausible
GoEmo_test_1201,pair_769b,giving great [NAME] vibes,DISGUST,Emotion-Plausible
GoEmo_test_1201,pair_769c,giving great [NAME] vibes,FEAR,Emotion-Plausible
GoEmo_test_1201,pair_769d,giving great [NAME] vibes,SURPRISE,Emotion-Plausible
GoEmo_test_1201,pair_769e,giving great [NAME] vibes,NEUTRAL,Emotion-Implausible
GoEmo_test_1201,pair_769f,giving great [NAME] vibes,SADNESS,Emotion-Plausible
GoEmo_test_1201,pair_769g,giving great [NAME] vibes,JOY,Emotion-Obvious
GoEmo_test_1202,pair_770a,The good [NAME],ANGER,Emotion-Plausible
GoEmo_test_1202,pair_770b,The good [NAME],DISGUST,Emotion-Plausible
GoEmo_test_1202,pair_770c,The good [NAME],FEAR,Emotion-Plausible
GoEmo_test_1202,pair_770d,The good [NAME],SURPRISE,Emotion-Plausible
GoEmo_test_1202,pair_770e,The good [NAME],NEUTRAL,Emotion-Plausible
GoEmo_test_1202,pair_770f,The good [NAME],SADNESS,Emotion-Plausible
GoEmo_test_1202,pair_770g,The good [NAME],JOY,Emotion-Plausible
GoEmo_test_1203,pair_771a,"Yes, would love a list of your favorites! I downloaded the app and it’s pretty great.",ANGER,Emotion-Implausible
GoEmo_test_1203,pair_771b,"Yes, would love a list of your favorites! I downloaded the app and it’s pretty great.",DISGUST,Emotion-Implausible
GoEmo_test_1203,pair_771c,"Yes, would love a list of your favorites! I downloaded the app and it’s pretty great.",FEAR,Emotion-Implausible
GoEmo_test_1203,pair_771d,"Yes, would love a list of your favorites! I downloaded the app and it’s pretty great.",SURPRISE,Emotion-Plausible
GoEmo_test_1203,pair_771e,"Yes, would love a list of your favorites! I downloaded the app and it’s pretty great.",NEUTRAL,Emotion-Implausible
GoEmo_test_1203,pair_771f,"Yes, would love a list of your favorites! I downloaded the app and it’s pretty great.",SADNESS,Emotion-Implausible
GoEmo_test_1203,pair_771g,"Yes, would love a list of your favorites! I downloaded the app and it’s pretty great.",JOY,Emotion-Obvious
GoEmo_test_1204,pair_772a,"I'm talking about statement in 11 july, not 14 july. I think you are confused. I posted 11 july statement",ANGER,Emotion-Obvious
GoEmo_test_1204,pair_772b,"I'm talking about statement in 11 july, not 14 july. I think you are confused. I posted 11 july statement",DISGUST,Emotion-Plausible
GoEmo_test_1204,pair_772c,"I'm talking about statement in 11 july, not 14 july. I think you are confused. I posted 11 july statement",FEAR,Emotion-Plausible
GoEmo_test_1204,pair_772d,"I'm talking about statement in 11 july, not 14 july. I think you are confused. I posted 11 july statement",SURPRISE,Emotion-Plausible
GoEmo_test_1204,pair_772e,"I'm talking about statement in 11 july, not 14 july. I think you are confused. I posted 11 july statement",NEUTRAL,Emotion-Plausible
GoEmo_test_1204,pair_772f,"I'm talking about statement in 11 july, not 14 july. I think you are confused. I posted 11 july statement",SADNESS,Emotion-Plausible
GoEmo_test_1204,pair_772g,"I'm talking about statement in 11 july, not 14 july. I think you are confused. I posted 11 july statement",JOY,Emotion-Plausible
GoEmo_test_1205,pair_773a,I wouldn’t mind [NAME] on a 4 year contract,ANGER,Emotion-Plausible
GoEmo_test_1205,pair_773b,I wouldn’t mind [NAME] on a 4 year contract,DISGUST,Emotion-Implausible
GoEmo_test_1205,pair_773c,I wouldn’t mind [NAME] on a 4 year contract,FEAR,Emotion-Implausible
GoEmo_test_1205,pair_773d,I wouldn’t mind [NAME] on a 4 year contract,SURPRISE,Emotion-Plausible
GoEmo_test_1205,pair_773e,I wouldn’t mind [NAME] on a 4 year contract,NEUTRAL,Emotion-Plausible
GoEmo_test_1205,pair_773f,I wouldn’t mind [NAME] on a 4 year contract,SADNESS,Emotion-Plausible
GoEmo_test_1205,pair_773g,I wouldn’t mind [NAME] on a 4 year contract,JOY,Emotion-Plausible
GoEmo_test_1207,pair_774a,They were just gonna do a review parody of their favorite movie. What’s hard to understand?,ANGER,Emotion-Obvious
GoEmo_test_1207,pair_774b,They were just gonna do a review parody of their favorite movie. What’s hard to understand?,DISGUST,Emotion-Plausible
GoEmo_test_1207,pair_774c,They were just gonna do a review parody of their favorite movie. What’s hard to understand?,FEAR,Emotion-Implausible
GoEmo_test_1207,pair_774d,They were just gonna do a review parody of their favorite movie. What’s hard to understand?,SURPRISE,Emotion-Plausible
GoEmo_test_1207,pair_774e,They were just gonna do a review parody of their favorite movie. What’s hard to understand?,NEUTRAL,Emotion-Implausible
GoEmo_test_1207,pair_774f,They were just gonna do a review parody of their favorite movie. What’s hard to understand?,SADNESS,Emotion-Plausible
GoEmo_test_1207,pair_774g,They were just gonna do a review parody of their favorite movie. What’s hard to understand?,JOY,Emotion-Plausible
GoEmo_test_1208,pair_775a,Into another environment?,ANGER,Emotion-Plausible
GoEmo_test_1208,pair_775b,Into another environment?,DISGUST,Emotion-Plausible
GoEmo_test_1208,pair_775c,Into another environment?,FEAR,Emotion-Plausible
GoEmo_test_1208,pair_775d,Into another environment?,SURPRISE,Emotion-Plausible
GoEmo_test_1208,pair_775e,Into another environment?,NEUTRAL,Emotion-Plausible
GoEmo_test_1208,pair_775f,Into another environment?,SADNESS,Emotion-Plausible
GoEmo_test_1208,pair_775g,Into another environment?,JOY,Emotion-Plausible
GoEmo_test_1209,pair_776a,Man up and get yourself a date with a different woman.,ANGER,Emotion-Obvious
GoEmo_test_1209,pair_776b,Man up and get yourself a date with a different woman.,DISGUST,Emotion-Plausible
GoEmo_test_1209,pair_776c,Man up and get yourself a date with a different woman.,FEAR,Emotion-Implausible
GoEmo_test_1209,pair_776d,Man up and get yourself a date with a different woman.,SURPRISE,Emotion-Implausible
GoEmo_test_1209,pair_776e,Man up and get yourself a date with a different woman.,NEUTRAL,Emotion-Implausible
GoEmo_test_1209,pair_776f,Man up and get yourself a date with a different woman.,SADNESS,Emotion-Implausible
GoEmo_test_1209,pair_776g,Man up and get yourself a date with a different woman.,JOY,Emotion-Plausible
GoEmo_test_1210,pair_777a,The inventor of the joke came up with it during the [NAME] administration.,ANGER,Emotion-Plausible
GoEmo_test_1210,pair_777b,The inventor of the joke came up with it during the [NAME] administration.,DISGUST,Emotion-Plausible
GoEmo_test_1210,pair_777c,The inventor of the joke came up with it during the [NAME] administration.,FEAR,Emotion-Plausible
GoEmo_test_1210,pair_777d,The inventor of the joke came up with it during the [NAME] administration.,SURPRISE,Emotion-Plausible
GoEmo_test_1210,pair_777e,The inventor of the joke came up with it during the [NAME] administration.,NEUTRAL,Emotion-Obvious
GoEmo_test_1210,pair_777f,The inventor of the joke came up with it during the [NAME] administration.,SADNESS,Emotion-Plausible
GoEmo_test_1210,pair_777g,The inventor of the joke came up with it during the [NAME] administration.,JOY,Emotion-Plausible
GoEmo_test_1211,pair_778a,I think it’s [NAME],ANGER,Emotion-Plausible
GoEmo_test_1211,pair_778b,I think it’s [NAME],DISGUST,Emotion-Plausible
GoEmo_test_1211,pair_778c,I think it’s [NAME],FEAR,Emotion-Plausible
GoEmo_test_1211,pair_778d,I think it’s [NAME],SURPRISE,Emotion-Plausible
GoEmo_test_1211,pair_778e,I think it’s [NAME],NEUTRAL,Emotion-Plausible
GoEmo_test_1211,pair_778f,I think it’s [NAME],SADNESS,Emotion-Plausible
GoEmo_test_1211,pair_778g,I think it’s [NAME],JOY,Emotion-Plausible
GoEmo_test_1212,pair_779a,Yes because there is an optimal level that does not occur naturally.,ANGER,Emotion-Plausible
GoEmo_test_1212,pair_779b,Yes because there is an optimal level that does not occur naturally.,DISGUST,Emotion-Implausible
GoEmo_test_1212,pair_779c,Yes because there is an optimal level that does not occur naturally.,FEAR,Emotion-Plausible
GoEmo_test_1212,pair_779d,Yes because there is an optimal level that does not occur naturally.,SURPRISE,Emotion-Plausible
GoEmo_test_1212,pair_779e,Yes because there is an optimal level that does not occur naturally.,NEUTRAL,Emotion-Obvious
GoEmo_test_1212,pair_779f,Yes because there is an optimal level that does not occur naturally.,SADNESS,Emotion-Plausible
GoEmo_test_1212,pair_779g,Yes because there is an optimal level that does not occur naturally.,JOY,Emotion-Plausible
GoEmo_test_1213,pair_780a,They don’t. Conservatives want to characterize any scoopy news organization as unreliable because they can’t get ahead of them easily.,ANGER,Emotion-Obvious
GoEmo_test_1213,pair_780b,They don’t. Conservatives want to characterize any scoopy news organization as unreliable because they can’t get ahead of them easily.,DISGUST,Emotion-Plausible
GoEmo_test_1213,pair_780c,They don’t. Conservatives want to characterize any scoopy news organization as unreliable because they can’t get ahead of them easily.,FEAR,Emotion-Plausible
GoEmo_test_1213,pair_780d,They don’t. Conservatives want to characterize any scoopy news organization as unreliable because they can’t get ahead of them easily.,SURPRISE,Emotion-Plausible
GoEmo_test_1213,pair_780e,They don’t. Conservatives want to characterize any scoopy news organization as unreliable because they can’t get ahead of them easily.,NEUTRAL,Emotion-Plausible
GoEmo_test_1213,pair_780f,They don’t. Conservatives want to characterize any scoopy news organization as unreliable because they can’t get ahead of them easily.,SADNESS,Emotion-Plausible
GoEmo_test_1213,pair_780g,They don’t. Conservatives want to characterize any scoopy news organization as unreliable because they can’t get ahead of them easily.,JOY,Emotion-Implausible
GoEmo_test_1214,pair_781a,Did he actually knock himself out?!,ANGER,Emotion-Plausible
GoEmo_test_1214,pair_781b,Did he actually knock himself out?!,DISGUST,Emotion-Plausible
GoEmo_test_1214,pair_781c,Did he actually knock himself out?!,FEAR,Emotion-Obvious
GoEmo_test_1214,pair_781d,Did he actually knock himself out?!,SURPRISE,Emotion-Obvious
GoEmo_test_1214,pair_781e,Did he actually knock himself out?!,NEUTRAL,Emotion-Implausible
GoEmo_test_1214,pair_781f,Did he actually knock himself out?!,SADNESS,Emotion-Plausible
GoEmo_test_1214,pair_781g,Did he actually knock himself out?!,JOY,Emotion-Plausible
GoEmo_test_1215,pair_782a,She’s way too gangly to be thrashing around - I was waiting for her to take out a light fixture.,ANGER,Emotion-Plausible
GoEmo_test_1215,pair_782b,She’s way too gangly to be thrashing around - I was waiting for her to take out a light fixture.,DISGUST,Emotion-Plausible
GoEmo_test_1215,pair_782c,She’s way too gangly to be thrashing around - I was waiting for her to take out a light fixture.,FEAR,Emotion-Obvious
GoEmo_test_1215,pair_782d,She’s way too gangly to be thrashing around - I was waiting for her to take out a light fixture.,SURPRISE,Emotion-Plausible
GoEmo_test_1215,pair_782e,She’s way too gangly to be thrashing around - I was waiting for her to take out a light fixture.,NEUTRAL,Emotion-Implausible
GoEmo_test_1215,pair_782f,She’s way too gangly to be thrashing around - I was waiting for her to take out a light fixture.,SADNESS,Emotion-Plausible
GoEmo_test_1215,pair_782g,She’s way too gangly to be thrashing around - I was waiting for her to take out a light fixture.,JOY,Emotion-Plausible
GoEmo_test_1216,pair_783a,"Yeah, I took it more like “not us, but the radicals” mb.",ANGER,Emotion-Plausible
GoEmo_test_1216,pair_783b,"Yeah, I took it more like “not us, but the radicals” mb.",DISGUST,Emotion-Plausible
GoEmo_test_1216,pair_783c,"Yeah, I took it more like “not us, but the radicals” mb.",FEAR,Emotion-Plausible
GoEmo_test_1216,pair_783d,"Yeah, I took it more like “not us, but the radicals” mb.",SURPRISE,Emotion-Plausible
GoEmo_test_1216,pair_783e,"Yeah, I took it more like “not us, but the radicals” mb.",NEUTRAL,Emotion-Plausible
GoEmo_test_1216,pair_783f,"Yeah, I took it more like “not us, but the radicals” mb.",SADNESS,Emotion-Plausible
GoEmo_test_1216,pair_783g,"Yeah, I took it more like “not us, but the radicals” mb.",JOY,Emotion-Plausible
GoEmo_test_1217,pair_784a,Left or center is more aesthetically pleasing than right justified.,ANGER,Emotion-Plausible
GoEmo_test_1217,pair_784b,Left or center is more aesthetically pleasing than right justified.,DISGUST,Emotion-Plausible
GoEmo_test_1217,pair_784c,Left or center is more aesthetically pleasing than right justified.,FEAR,Emotion-Implausible
GoEmo_test_1217,pair_784d,Left or center is more aesthetically pleasing than right justified.,SURPRISE,Emotion-Plausible
GoEmo_test_1217,pair_784e,Left or center is more aesthetically pleasing than right justified.,NEUTRAL,Emotion-Obvious
GoEmo_test_1217,pair_784f,Left or center is more aesthetically pleasing than right justified.,SADNESS,Emotion-Implausible
GoEmo_test_1217,pair_784g,Left or center is more aesthetically pleasing than right justified.,JOY,Emotion-Plausible
GoEmo_test_1219,pair_785a,"I wasn’t being sarcastic, I was just asking if you are morbidly obese.",ANGER,Emotion-Plausible
GoEmo_test_1219,pair_785b,"I wasn’t being sarcastic, I was just asking if you are morbidly obese.",DISGUST,Emotion-Plausible
GoEmo_test_1219,pair_785c,"I wasn’t being sarcastic, I was just asking if you are morbidly obese.",FEAR,Emotion-Plausible
GoEmo_test_1219,pair_785d,"I wasn’t being sarcastic, I was just asking if you are morbidly obese.",SURPRISE,Emotion-Plausible
GoEmo_test_1219,pair_785e,"I wasn’t being sarcastic, I was just asking if you are morbidly obese.",NEUTRAL,Emotion-Plausible
GoEmo_test_1219,pair_785f,"I wasn’t being sarcastic, I was just asking if you are morbidly obese.",SADNESS,Emotion-Plausible
GoEmo_test_1219,pair_785g,"I wasn’t being sarcastic, I was just asking if you are morbidly obese.",JOY,Emotion-Implausible
GoEmo_test_1220,pair_786a,"You're welcome, I think.",ANGER,Emotion-Plausible
GoEmo_test_1220,pair_786b,"You're welcome, I think.",DISGUST,Emotion-Plausible
GoEmo_test_1220,pair_786c,"You're welcome, I think.",FEAR,Emotion-Plausible
GoEmo_test_1220,pair_786d,"You're welcome, I think.",SURPRISE,Emotion-Plausible
GoEmo_test_1220,pair_786e,"You're welcome, I think.",NEUTRAL,Emotion-Plausible
GoEmo_test_1220,pair_786f,"You're welcome, I think.",SADNESS,Emotion-Plausible
GoEmo_test_1220,pair_786g,"You're welcome, I think.",JOY,Emotion-Plausible
GoEmo_test_1221,pair_787a,"[NAME], just keep doing exactly what you’re doing. I LOVE YOU SO MAAAACH.",ANGER,Emotion-Plausible
GoEmo_test_1221,pair_787b,"[NAME], just keep doing exactly what you’re doing. I LOVE YOU SO MAAAACH.",DISGUST,Emotion-Implausible
GoEmo_test_1221,pair_787c,"[NAME], just keep doing exactly what you’re doing. I LOVE YOU SO MAAAACH.",FEAR,Emotion-Implausible
GoEmo_test_1221,pair_787d,"[NAME], just keep doing exactly what you’re doing. I LOVE YOU SO MAAAACH.",SURPRISE,Emotion-Plausible
GoEmo_test_1221,pair_787e,"[NAME], just keep doing exactly what you’re doing. I LOVE YOU SO MAAAACH.",NEUTRAL,Emotion-Implausible
GoEmo_test_1221,pair_787f,"[NAME], just keep doing exactly what you’re doing. I LOVE YOU SO MAAAACH.",SADNESS,Emotion-Implausible
GoEmo_test_1221,pair_787g,"[NAME], just keep doing exactly what you’re doing. I LOVE YOU SO MAAAACH.",JOY,Emotion-Obvious
GoEmo_test_1222,pair_788a,Pick them up and put them outside.,ANGER,Emotion-Plausible
GoEmo_test_1222,pair_788b,Pick them up and put them outside.,DISGUST,Emotion-Plausible
GoEmo_test_1222,pair_788c,Pick them up and put them outside.,FEAR,Emotion-Plausible
GoEmo_test_1222,pair_788d,Pick them up and put them outside.,SURPRISE,Emotion-Implausible
GoEmo_test_1222,pair_788e,Pick them up and put them outside.,NEUTRAL,Emotion-Obvious
GoEmo_test_1222,pair_788f,Pick them up and put them outside.,SADNESS,Emotion-Plausible
GoEmo_test_1222,pair_788g,Pick them up and put them outside.,JOY,Emotion-Plausible
GoEmo_test_1223,pair_789a,"This is like aliens coming to this planet, taking you in as a pet, then surrounding you with mannequins. I’d be freaked out too.",ANGER,Emotion-Plausible
GoEmo_test_1223,pair_789b,"This is like aliens coming to this planet, taking you in as a pet, then surrounding you with mannequins. I’d be freaked out too.",DISGUST,Emotion-Obvious
GoEmo_test_1223,pair_789c,"This is like aliens coming to this planet, taking you in as a pet, then surrounding you with mannequins. I’d be freaked out too.",FEAR,Emotion-Obvious
GoEmo_test_1223,pair_789d,"This is like aliens coming to this planet, taking you in as a pet, then surrounding you with mannequins. I’d be freaked out too.",SURPRISE,Emotion-Plausible
GoEmo_test_1223,pair_789e,"This is like aliens coming to this planet, taking you in as a pet, then surrounding you with mannequins. I’d be freaked out too.",NEUTRAL,Emotion-Plausible
GoEmo_test_1223,pair_789f,"This is like aliens coming to this planet, taking you in as a pet, then surrounding you with mannequins. I’d be freaked out too.",SADNESS,Emotion-Plausible
GoEmo_test_1223,pair_789g,"This is like aliens coming to this planet, taking you in as a pet, then surrounding you with mannequins. I’d be freaked out too.",JOY,Emotion-Plausible
GoEmo_test_1226,pair_790a,Because [NAME] base are also the kind of folk who like [NAME]. In the end it only helps him.,ANGER,Emotion-Plausible
GoEmo_test_1226,pair_790b,Because [NAME] base are also the kind of folk who like [NAME]. In the end it only helps him.,DISGUST,Emotion-Plausible
GoEmo_test_1226,pair_790c,Because [NAME] base are also the kind of folk who like [NAME]. In the end it only helps him.,FEAR,Emotion-Plausible
GoEmo_test_1226,pair_790d,Because [NAME] base are also the kind of folk who like [NAME]. In the end it only helps him.,SURPRISE,Emotion-Plausible
GoEmo_test_1226,pair_790e,Because [NAME] base are also the kind of folk who like [NAME]. In the end it only helps him.,NEUTRAL,Emotion-Plausible
GoEmo_test_1226,pair_790f,Because [NAME] base are also the kind of folk who like [NAME]. In the end it only helps him.,SADNESS,Emotion-Plausible
GoEmo_test_1226,pair_790g,Because [NAME] base are also the kind of folk who like [NAME]. In the end it only helps him.,JOY,Emotion-Plausible
GoEmo_test_1227,pair_791a,"A horrendous amount of Sesame oil, god, that would be awful.",ANGER,Emotion-Plausible
GoEmo_test_1227,pair_791b,"A horrendous amount of Sesame oil, god, that would be awful.",DISGUST,Emotion-Obvious
GoEmo_test_1227,pair_791c,"A horrendous amount of Sesame oil, god, that would be awful.",FEAR,Emotion-Plausible
GoEmo_test_1227,pair_791d,"A horrendous amount of Sesame oil, god, that would be awful.",SURPRISE,Emotion-Plausible
GoEmo_test_1227,pair_791e,"A horrendous amount of Sesame oil, god, that would be awful.",NEUTRAL,Emotion-Implausible
GoEmo_test_1227,pair_791f,"A horrendous amount of Sesame oil, god, that would be awful.",SADNESS,Emotion-Plausible
GoEmo_test_1227,pair_791g,"A horrendous amount of Sesame oil, god, that would be awful.",JOY,Emotion-Implausible
GoEmo_test_1229,pair_792a,"Sorry, realized I hadn’t answered the question lol. Was typing that when your response popped.",ANGER,Emotion-Implausible
GoEmo_test_1229,pair_792b,"Sorry, realized I hadn’t answered the question lol. Was typing that when your response popped.",DISGUST,Emotion-Implausible
GoEmo_test_1229,pair_792c,"Sorry, realized I hadn’t answered the question lol. Was typing that when your response popped.",FEAR,Emotion-Implausible
GoEmo_test_1229,pair_792d,"Sorry, realized I hadn’t answered the question lol. Was typing that when your response popped.",SURPRISE,Emotion-Obvious
GoEmo_test_1229,pair_792e,"Sorry, realized I hadn’t answered the question lol. Was typing that when your response popped.",NEUTRAL,Emotion-Implausible
GoEmo_test_1229,pair_792f,"Sorry, realized I hadn’t answered the question lol. Was typing that when your response popped.",SADNESS,Emotion-Obvious
GoEmo_test_1229,pair_792g,"Sorry, realized I hadn’t answered the question lol. Was typing that when your response popped.",JOY,Emotion-Plausible
GoEmo_test_1230,pair_793a,His plan would have worked if [NAME] was not teleported by the writters for that dramatic (And nonsensical) part of the episode.,ANGER,Emotion-Obvious
GoEmo_test_1230,pair_793b,His plan would have worked if [NAME] was not teleported by the writters for that dramatic (And nonsensical) part of the episode.,DISGUST,Emotion-Plausible
GoEmo_test_1230,pair_793c,His plan would have worked if [NAME] was not teleported by the writters for that dramatic (And nonsensical) part of the episode.,FEAR,Emotion-Plausible
GoEmo_test_1230,pair_793d,His plan would have worked if [NAME] was not teleported by the writters for that dramatic (And nonsensical) part of the episode.,SURPRISE,Emotion-Plausible
GoEmo_test_1230,pair_793e,His plan would have worked if [NAME] was not teleported by the writters for that dramatic (And nonsensical) part of the episode.,NEUTRAL,Emotion-Implausible
GoEmo_test_1230,pair_793f,His plan would have worked if [NAME] was not teleported by the writters for that dramatic (And nonsensical) part of the episode.,SADNESS,Emotion-Plausible
GoEmo_test_1230,pair_793g,His plan would have worked if [NAME] was not teleported by the writters for that dramatic (And nonsensical) part of the episode.,JOY,Emotion-Plausible
GoEmo_test_1232,pair_794a,[NAME] you are a freak...,ANGER,Emotion-Obvious
GoEmo_test_1232,pair_794b,[NAME] you are a freak...,DISGUST,Emotion-Obvious
GoEmo_test_1232,pair_794c,[NAME] you are a freak...,FEAR,Emotion-Plausible
GoEmo_test_1232,pair_794d,[NAME] you are a freak...,SURPRISE,Emotion-Plausible
GoEmo_test_1232,pair_794e,[NAME] you are a freak...,NEUTRAL,Emotion-Implausible
GoEmo_test_1232,pair_794f,[NAME] you are a freak...,SADNESS,Emotion-Plausible
GoEmo_test_1232,pair_794g,[NAME] you are a freak...,JOY,Emotion-Plausible
GoEmo_test_1233,pair_795a,You conveniently aren't speaking to my assertion.,ANGER,Emotion-Obvious
GoEmo_test_1233,pair_795b,You conveniently aren't speaking to my assertion.,DISGUST,Emotion-Plausible
GoEmo_test_1233,pair_795c,You conveniently aren't speaking to my assertion.,FEAR,Emotion-Plausible
GoEmo_test_1233,pair_795d,You conveniently aren't speaking to my assertion.,SURPRISE,Emotion-Plausible
GoEmo_test_1233,pair_795e,You conveniently aren't speaking to my assertion.,NEUTRAL,Emotion-Implausible
GoEmo_test_1233,pair_795f,You conveniently aren't speaking to my assertion.,SADNESS,Emotion-Plausible
GoEmo_test_1233,pair_795g,You conveniently aren't speaking to my assertion.,JOY,Emotion-Implausible
GoEmo_test_1235,pair_796a,"I love the night shift environment, but hate the lifestyle. I just can't do it.",ANGER,Emotion-Obvious
GoEmo_test_1235,pair_796b,"I love the night shift environment, but hate the lifestyle. I just can't do it.",DISGUST,Emotion-Obvious
GoEmo_test_1235,pair_796c,"I love the night shift environment, but hate the lifestyle. I just can't do it.",FEAR,Emotion-Plausible
GoEmo_test_1235,pair_796d,"I love the night shift environment, but hate the lifestyle. I just can't do it.",SURPRISE,Emotion-Implausible
GoEmo_test_1235,pair_796e,"I love the night shift environment, but hate the lifestyle. I just can't do it.",NEUTRAL,Emotion-Implausible
GoEmo_test_1235,pair_796f,"I love the night shift environment, but hate the lifestyle. I just can't do it.",SADNESS,Emotion-Obvious
GoEmo_test_1235,pair_796g,"I love the night shift environment, but hate the lifestyle. I just can't do it.",JOY,Emotion-Implausible
GoEmo_test_1236,pair_797a,I think you should nourish it with activated almonds.,ANGER,Emotion-Plausible
GoEmo_test_1236,pair_797b,I think you should nourish it with activated almonds.,DISGUST,Emotion-Plausible
GoEmo_test_1236,pair_797c,I think you should nourish it with activated almonds.,FEAR,Emotion-Plausible
GoEmo_test_1236,pair_797d,I think you should nourish it with activated almonds.,SURPRISE,Emotion-Implausible
GoEmo_test_1236,pair_797e,I think you should nourish it with activated almonds.,NEUTRAL,Emotion-Obvious
GoEmo_test_1236,pair_797f,I think you should nourish it with activated almonds.,SADNESS,Emotion-Implausible
GoEmo_test_1236,pair_797g,I think you should nourish it with activated almonds.,JOY,Emotion-Plausible
GoEmo_test_1237,pair_798a,I wish that too.,ANGER,Emotion-Plausible
GoEmo_test_1237,pair_798b,I wish that too.,DISGUST,Emotion-Plausible
GoEmo_test_1237,pair_798c,I wish that too.,FEAR,Emotion-Plausible
GoEmo_test_1237,pair_798d,I wish that too.,SURPRISE,Emotion-Plausible
GoEmo_test_1237,pair_798e,I wish that too.,NEUTRAL,Emotion-Plausible
GoEmo_test_1237,pair_798f,I wish that too.,SADNESS,Emotion-Plausible
GoEmo_test_1237,pair_798g,I wish that too.,JOY,Emotion-Plausible
GoEmo_test_1238,pair_799a,You know a giant lady as a character would be very interesting in my opinion.,ANGER,Emotion-Plausible
GoEmo_test_1238,pair_799b,You know a giant lady as a character would be very interesting in my opinion.,DISGUST,Emotion-Implausible
GoEmo_test_1238,pair_799c,You know a giant lady as a character would be very interesting in my opinion.,FEAR,Emotion-Plausible
GoEmo_test_1238,pair_799d,You know a giant lady as a character would be very interesting in my opinion.,SURPRISE,Emotion-Implausible
GoEmo_test_1238,pair_799e,You know a giant lady as a character would be very interesting in my opinion.,NEUTRAL,Emotion-Plausible
GoEmo_test_1238,pair_799f,You know a giant lady as a character would be very interesting in my opinion.,SADNESS,Emotion-Implausible
GoEmo_test_1238,pair_799g,You know a giant lady as a character would be very interesting in my opinion.,JOY,Emotion-Obvious
GoEmo_test_1239,pair_800a,I always keep my purse by my side. She is asking for trouble.,ANGER,Emotion-Plausible
GoEmo_test_1239,pair_800b,I always keep my purse by my side. She is asking for trouble.,DISGUST,Emotion-Plausible
GoEmo_test_1239,pair_800c,I always keep my purse by my side. She is asking for trouble.,FEAR,Emotion-Obvious
GoEmo_test_1239,pair_800d,I always keep my purse by my side. She is asking for trouble.,SURPRISE,Emotion-Plausible
GoEmo_test_1239,pair_800e,I always keep my purse by my side. She is asking for trouble.,NEUTRAL,Emotion-Implausible
GoEmo_test_1239,pair_800f,I always keep my purse by my side. She is asking for trouble.,SADNESS,Emotion-Plausible
GoEmo_test_1239,pair_800g,I always keep my purse by my side. She is asking for trouble.,JOY,Emotion-Plausible
GoEmo_test_1240,pair_801a,Stop crying already,ANGER,Emotion-Obvious
GoEmo_test_1240,pair_801b,Stop crying already,DISGUST,Emotion-Plausible
GoEmo_test_1240,pair_801c,Stop crying already,FEAR,Emotion-Plausible
GoEmo_test_1240,pair_801d,Stop crying already,SURPRISE,Emotion-Plausible
GoEmo_test_1240,pair_801e,Stop crying already,NEUTRAL,Emotion-Implausible
GoEmo_test_1240,pair_801f,Stop crying already,SADNESS,Emotion-Plausible
GoEmo_test_1240,pair_801g,Stop crying already,JOY,Emotion-Implausible
GoEmo_test_1241,pair_802a,That theater is huge,ANGER,Emotion-Plausible
GoEmo_test_1241,pair_802b,That theater is huge,DISGUST,Emotion-Plausible
GoEmo_test_1241,pair_802c,That theater is huge,FEAR,Emotion-Plausible
GoEmo_test_1241,pair_802d,That theater is huge,SURPRISE,Emotion-Plausible
GoEmo_test_1241,pair_802e,That theater is huge,NEUTRAL,Emotion-Obvious
GoEmo_test_1241,pair_802f,That theater is huge,SADNESS,Emotion-Plausible
GoEmo_test_1241,pair_802g,That theater is huge,JOY,Emotion-Plausible
GoEmo_test_1244,pair_803a,oh gosh [NAME] had issues as well with someone and his leg i forgot.,ANGER,Emotion-Plausible
GoEmo_test_1244,pair_803b,oh gosh [NAME] had issues as well with someone and his leg i forgot.,DISGUST,Emotion-Implausible
GoEmo_test_1244,pair_803c,oh gosh [NAME] had issues as well with someone and his leg i forgot.,FEAR,Emotion-Plausible
GoEmo_test_1244,pair_803d,oh gosh [NAME] had issues as well with someone and his leg i forgot.,SURPRISE,Emotion-Obvious
GoEmo_test_1244,pair_803e,oh gosh [NAME] had issues as well with someone and his leg i forgot.,NEUTRAL,Emotion-Implausible
GoEmo_test_1244,pair_803f,oh gosh [NAME] had issues as well with someone and his leg i forgot.,SADNESS,Emotion-Plausible
GoEmo_test_1244,pair_803g,oh gosh [NAME] had issues as well with someone and his leg i forgot.,JOY,Emotion-Plausible
GoEmo_test_1245,pair_804a,I THOUGHT I HAD MY WILL ALREADY COPIED AND FORGOT I HAD THIS IN MY CLIPBOARD,ANGER,Emotion-Plausible
GoEmo_test_1245,pair_804b,I THOUGHT I HAD MY WILL ALREADY COPIED AND FORGOT I HAD THIS IN MY CLIPBOARD,DISGUST,Emotion-Plausible
GoEmo_test_1245,pair_804c,I THOUGHT I HAD MY WILL ALREADY COPIED AND FORGOT I HAD THIS IN MY CLIPBOARD,FEAR,Emotion-Plausible
GoEmo_test_1245,pair_804d,I THOUGHT I HAD MY WILL ALREADY COPIED AND FORGOT I HAD THIS IN MY CLIPBOARD,SURPRISE,Emotion-Plausible
GoEmo_test_1245,pair_804e,I THOUGHT I HAD MY WILL ALREADY COPIED AND FORGOT I HAD THIS IN MY CLIPBOARD,NEUTRAL,Emotion-Implausible
GoEmo_test_1245,pair_804f,I THOUGHT I HAD MY WILL ALREADY COPIED AND FORGOT I HAD THIS IN MY CLIPBOARD,SADNESS,Emotion-Obvious
GoEmo_test_1245,pair_804g,I THOUGHT I HAD MY WILL ALREADY COPIED AND FORGOT I HAD THIS IN MY CLIPBOARD,JOY,Emotion-Plausible
GoEmo_test_1250,pair_805a,"It's good though because itll make you cherish the happy times while youre in them, instead of lookinf back on them.",ANGER,Emotion-Plausible
GoEmo_test_1250,pair_805b,"It's good though because itll make you cherish the happy times while youre in them, instead of lookinf back on them.",DISGUST,Emotion-Implausible
GoEmo_test_1250,pair_805c,"It's good though because itll make you cherish the happy times while youre in them, instead of lookinf back on them.",FEAR,Emotion-Plausible
GoEmo_test_1250,pair_805d,"It's good though because itll make you cherish the happy times while youre in them, instead of lookinf back on them.",SURPRISE,Emotion-Implausible
GoEmo_test_1250,pair_805e,"It's good though because itll make you cherish the happy times while youre in them, instead of lookinf back on them.",NEUTRAL,Emotion-Implausible
GoEmo_test_1250,pair_805f,"It's good though because itll make you cherish the happy times while youre in them, instead of lookinf back on them.",SADNESS,Emotion-Plausible
GoEmo_test_1250,pair_805g,"It's good though because itll make you cherish the happy times while youre in them, instead of lookinf back on them.",JOY,Emotion-Obvious
GoEmo_test_1252,pair_806a,"I mean, it’s kind of her problem. She blithely makes so many mental errors.",ANGER,Emotion-Obvious
GoEmo_test_1252,pair_806b,"I mean, it’s kind of her problem. She blithely makes so many mental errors.",DISGUST,Emotion-Plausible
GoEmo_test_1252,pair_806c,"I mean, it’s kind of her problem. She blithely makes so many mental errors.",FEAR,Emotion-Plausible
GoEmo_test_1252,pair_806d,"I mean, it’s kind of her problem. She blithely makes so many mental errors.",SURPRISE,Emotion-Plausible
GoEmo_test_1252,pair_806e,"I mean, it’s kind of her problem. She blithely makes so many mental errors.",NEUTRAL,Emotion-Implausible
GoEmo_test_1252,pair_806f,"I mean, it’s kind of her problem. She blithely makes so many mental errors.",SADNESS,Emotion-Plausible
GoEmo_test_1252,pair_806g,"I mean, it’s kind of her problem. She blithely makes so many mental errors.",JOY,Emotion-Plausible
GoEmo_test_1253,pair_807a,You are neither.,ANGER,Emotion-Plausible
GoEmo_test_1253,pair_807b,You are neither.,DISGUST,Emotion-Plausible
GoEmo_test_1253,pair_807c,You are neither.,FEAR,Emotion-Plausible
GoEmo_test_1253,pair_807d,You are neither.,SURPRISE,Emotion-Plausible
GoEmo_test_1253,pair_807e,You are neither.,NEUTRAL,Emotion-Plausible
GoEmo_test_1253,pair_807f,You are neither.,SADNESS,Emotion-Plausible
GoEmo_test_1253,pair_807g,You are neither.,JOY,Emotion-Plausible
GoEmo_test_1254,pair_808a,Why do you feel like you have to figure out what life is alone?,ANGER,Emotion-Plausible
GoEmo_test_1254,pair_808b,Why do you feel like you have to figure out what life is alone?,DISGUST,Emotion-Implausible
GoEmo_test_1254,pair_808c,Why do you feel like you have to figure out what life is alone?,FEAR,Emotion-Plausible
GoEmo_test_1254,pair_808d,Why do you feel like you have to figure out what life is alone?,SURPRISE,Emotion-Plausible
GoEmo_test_1254,pair_808e,Why do you feel like you have to figure out what life is alone?,NEUTRAL,Emotion-Implausible
GoEmo_test_1254,pair_808f,Why do you feel like you have to figure out what life is alone?,SADNESS,Emotion-Obvious
GoEmo_test_1254,pair_808g,Why do you feel like you have to figure out what life is alone?,JOY,Emotion-Implausible
GoEmo_test_1259,pair_809a,That poster is amazing. He needs to sell these online!,ANGER,Emotion-Implausible
GoEmo_test_1259,pair_809b,That poster is amazing. He needs to sell these online!,DISGUST,Emotion-Plausible
GoEmo_test_1259,pair_809c,That poster is amazing. He needs to sell these online!,FEAR,Emotion-Implausible
GoEmo_test_1259,pair_809d,That poster is amazing. He needs to sell these online!,SURPRISE,Emotion-Plausible
GoEmo_test_1259,pair_809e,That poster is amazing. He needs to sell these online!,NEUTRAL,Emotion-Implausible
GoEmo_test_1259,pair_809f,That poster is amazing. He needs to sell these online!,SADNESS,Emotion-Implausible
GoEmo_test_1259,pair_809g,That poster is amazing. He needs to sell these online!,JOY,Emotion-Obvious
GoEmo_test_1260,pair_810a,I hate people,ANGER,Emotion-Obvious
GoEmo_test_1260,pair_810b,I hate people,DISGUST,Emotion-Obvious
GoEmo_test_1260,pair_810c,I hate people,FEAR,Emotion-Plausible
GoEmo_test_1260,pair_810d,I hate people,SURPRISE,Emotion-Implausible
GoEmo_test_1260,pair_810e,I hate people,NEUTRAL,Emotion-Implausible
GoEmo_test_1260,pair_810f,I hate people,SADNESS,Emotion-Plausible
GoEmo_test_1260,pair_810g,I hate people,JOY,Emotion-Implausible
GoEmo_test_1262,pair_811a,What makes you say that?,ANGER,Emotion-Plausible
GoEmo_test_1262,pair_811b,What makes you say that?,DISGUST,Emotion-Plausible
GoEmo_test_1262,pair_811c,What makes you say that?,FEAR,Emotion-Plausible
GoEmo_test_1262,pair_811d,What makes you say that?,SURPRISE,Emotion-Plausible
GoEmo_test_1262,pair_811e,What makes you say that?,NEUTRAL,Emotion-Plausible
GoEmo_test_1262,pair_811f,What makes you say that?,SADNESS,Emotion-Plausible
GoEmo_test_1262,pair_811g,What makes you say that?,JOY,Emotion-Plausible
GoEmo_test_1263,pair_812a,[NAME] has the same amount of points as [NAME],ANGER,Emotion-Plausible
GoEmo_test_1263,pair_812b,[NAME] has the same amount of points as [NAME],DISGUST,Emotion-Implausible
GoEmo_test_1263,pair_812c,[NAME] has the same amount of points as [NAME],FEAR,Emotion-Plausible
GoEmo_test_1263,pair_812d,[NAME] has the same amount of points as [NAME],SURPRISE,Emotion-Plausible
GoEmo_test_1263,pair_812e,[NAME] has the same amount of points as [NAME],NEUTRAL,Emotion-Obvious
GoEmo_test_1263,pair_812f,[NAME] has the same amount of points as [NAME],SADNESS,Emotion-Plausible
GoEmo_test_1263,pair_812g,[NAME] has the same amount of points as [NAME],JOY,Emotion-Plausible
GoEmo_test_1265,pair_813a,I love [NAME] as well! He seems like a genuinely nice celebrity,ANGER,Emotion-Implausible
GoEmo_test_1265,pair_813b,I love [NAME] as well! He seems like a genuinely nice celebrity,DISGUST,Emotion-Implausible
GoEmo_test_1265,pair_813c,I love [NAME] as well! He seems like a genuinely nice celebrity,FEAR,Emotion-Implausible
GoEmo_test_1265,pair_813d,I love [NAME] as well! He seems like a genuinely nice celebrity,SURPRISE,Emotion-Plausible
GoEmo_test_1265,pair_813e,I love [NAME] as well! He seems like a genuinely nice celebrity,NEUTRAL,Emotion-Implausible
GoEmo_test_1265,pair_813f,I love [NAME] as well! He seems like a genuinely nice celebrity,SADNESS,Emotion-Implausible
GoEmo_test_1265,pair_813g,I love [NAME] as well! He seems like a genuinely nice celebrity,JOY,Emotion-Obvious
GoEmo_test_1266,pair_814a,"You should watch DS9. It's fantastic, and has a long story arc to follow.",ANGER,Emotion-Plausible
GoEmo_test_1266,pair_814b,"You should watch DS9. It's fantastic, and has a long story arc to follow.",DISGUST,Emotion-Implausible
GoEmo_test_1266,pair_814c,"You should watch DS9. It's fantastic, and has a long story arc to follow.",FEAR,Emotion-Implausible
GoEmo_test_1266,pair_814d,"You should watch DS9. It's fantastic, and has a long story arc to follow.",SURPRISE,Emotion-Plausible
GoEmo_test_1266,pair_814e,"You should watch DS9. It's fantastic, and has a long story arc to follow.",NEUTRAL,Emotion-Implausible
GoEmo_test_1266,pair_814f,"You should watch DS9. It's fantastic, and has a long story arc to follow.",SADNESS,Emotion-Implausible
GoEmo_test_1266,pair_814g,"You should watch DS9. It's fantastic, and has a long story arc to follow.",JOY,Emotion-Obvious
GoEmo_test_1271,pair_815a,Just reading this makes me sick,ANGER,Emotion-Plausible
GoEmo_test_1271,pair_815b,Just reading this makes me sick,DISGUST,Emotion-Obvious
GoEmo_test_1271,pair_815c,Just reading this makes me sick,FEAR,Emotion-Plausible
GoEmo_test_1271,pair_815d,Just reading this makes me sick,SURPRISE,Emotion-Plausible
GoEmo_test_1271,pair_815e,Just reading this makes me sick,NEUTRAL,Emotion-Implausible
GoEmo_test_1271,pair_815f,Just reading this makes me sick,SADNESS,Emotion-Plausible
GoEmo_test_1271,pair_815g,Just reading this makes me sick,JOY,Emotion-Implausible
GoEmo_test_1273,pair_816a,Bruh if y’all haven’t seen ‘Into the Spider-Verse’ yet you gotta stop what you’re doing and go see it.,ANGER,Emotion-Plausible
GoEmo_test_1273,pair_816b,Bruh if y’all haven’t seen ‘Into the Spider-Verse’ yet you gotta stop what you’re doing and go see it.,DISGUST,Emotion-Implausible
GoEmo_test_1273,pair_816c,Bruh if y’all haven’t seen ‘Into the Spider-Verse’ yet you gotta stop what you’re doing and go see it.,FEAR,Emotion-Implausible
GoEmo_test_1273,pair_816d,Bruh if y’all haven’t seen ‘Into the Spider-Verse’ yet you gotta stop what you’re doing and go see it.,SURPRISE,Emotion-Plausible
GoEmo_test_1273,pair_816e,Bruh if y’all haven’t seen ‘Into the Spider-Verse’ yet you gotta stop what you’re doing and go see it.,NEUTRAL,Emotion-Implausible
GoEmo_test_1273,pair_816f,Bruh if y’all haven’t seen ‘Into the Spider-Verse’ yet you gotta stop what you’re doing and go see it.,SADNESS,Emotion-Implausible
GoEmo_test_1273,pair_816g,Bruh if y’all haven’t seen ‘Into the Spider-Verse’ yet you gotta stop what you’re doing and go see it.,JOY,Emotion-Obvious
GoEmo_test_1275,pair_817a,"What bothers me is not the fact that someone disagrees with my lifestyle, it's that they constantly go on and on about..that would annoy anyone.",ANGER,Emotion-Obvious
GoEmo_test_1275,pair_817b,"What bothers me is not the fact that someone disagrees with my lifestyle, it's that they constantly go on and on about..that would annoy anyone.",DISGUST,Emotion-Plausible
GoEmo_test_1275,pair_817c,"What bothers me is not the fact that someone disagrees with my lifestyle, it's that they constantly go on and on about..that would annoy anyone.",FEAR,Emotion-Implausible
GoEmo_test_1275,pair_817d,"What bothers me is not the fact that someone disagrees with my lifestyle, it's that they constantly go on and on about..that would annoy anyone.",SURPRISE,Emotion-Implausible
GoEmo_test_1275,pair_817e,"What bothers me is not the fact that someone disagrees with my lifestyle, it's that they constantly go on and on about..that would annoy anyone.",NEUTRAL,Emotion-Implausible
GoEmo_test_1275,pair_817f,"What bothers me is not the fact that someone disagrees with my lifestyle, it's that they constantly go on and on about..that would annoy anyone.",SADNESS,Emotion-Plausible
GoEmo_test_1275,pair_817g,"What bothers me is not the fact that someone disagrees with my lifestyle, it's that they constantly go on and on about..that would annoy anyone.",JOY,Emotion-Implausible
GoEmo_test_1277,pair_818a,"Wait, you don't love reading people's blog posts on Reddit?",ANGER,Emotion-Plausible
GoEmo_test_1277,pair_818b,"Wait, you don't love reading people's blog posts on Reddit?",DISGUST,Emotion-Plausible
GoEmo_test_1277,pair_818c,"Wait, you don't love reading people's blog posts on Reddit?",FEAR,Emotion-Plausible
GoEmo_test_1277,pair_818d,"Wait, you don't love reading people's blog posts on Reddit?",SURPRISE,Emotion-Obvious
GoEmo_test_1277,pair_818e,"Wait, you don't love reading people's blog posts on Reddit?",NEUTRAL,Emotion-Implausible
GoEmo_test_1277,pair_818f,"Wait, you don't love reading people's blog posts on Reddit?",SADNESS,Emotion-Plausible
GoEmo_test_1277,pair_818g,"Wait, you don't love reading people's blog posts on Reddit?",JOY,Emotion-Plausible
GoEmo_test_1287,pair_819a,You can always tell from the vote counts lol. They're way too blatant,ANGER,Emotion-Plausible
GoEmo_test_1287,pair_819b,You can always tell from the vote counts lol. They're way too blatant,DISGUST,Emotion-Plausible
GoEmo_test_1287,pair_819c,You can always tell from the vote counts lol. They're way too blatant,FEAR,Emotion-Plausible
GoEmo_test_1287,pair_819d,You can always tell from the vote counts lol. They're way too blatant,SURPRISE,Emotion-Plausible
GoEmo_test_1287,pair_819e,You can always tell from the vote counts lol. They're way too blatant,NEUTRAL,Emotion-Implausible
GoEmo_test_1287,pair_819f,You can always tell from the vote counts lol. They're way too blatant,SADNESS,Emotion-Plausible
GoEmo_test_1287,pair_819g,You can always tell from the vote counts lol. They're way too blatant,JOY,Emotion-Obvious
GoEmo_test_1295,pair_820a,"Oh, it's definitely working and that worries me a lot.",ANGER,Emotion-Implausible
GoEmo_test_1295,pair_820b,"Oh, it's definitely working and that worries me a lot.",DISGUST,Emotion-Plausible
GoEmo_test_1295,pair_820c,"Oh, it's definitely working and that worries me a lot.",FEAR,Emotion-Obvious
GoEmo_test_1295,pair_820d,"Oh, it's definitely working and that worries me a lot.",SURPRISE,Emotion-Plausible
GoEmo_test_1295,pair_820e,"Oh, it's definitely working and that worries me a lot.",NEUTRAL,Emotion-Implausible
GoEmo_test_1295,pair_820f,"Oh, it's definitely working and that worries me a lot.",SADNESS,Emotion-Plausible
GoEmo_test_1295,pair_820g,"Oh, it's definitely working and that worries me a lot.",JOY,Emotion-Implausible
GoEmo_test_1298,pair_821a,Everyone except [NAME] dying and [NAME] doesn’t know what happened,ANGER,Emotion-Plausible
GoEmo_test_1298,pair_821b,Everyone except [NAME] dying and [NAME] doesn’t know what happened,DISGUST,Emotion-Plausible
GoEmo_test_1298,pair_821c,Everyone except [NAME] dying and [NAME] doesn’t know what happened,FEAR,Emotion-Obvious
GoEmo_test_1298,pair_821d,Everyone except [NAME] dying and [NAME] doesn’t know what happened,SURPRISE,Emotion-Plausible
GoEmo_test_1298,pair_821e,Everyone except [NAME] dying and [NAME] doesn’t know what happened,NEUTRAL,Emotion-Implausible
GoEmo_test_1298,pair_821f,Everyone except [NAME] dying and [NAME] doesn’t know what happened,SADNESS,Emotion-Obvious
GoEmo_test_1298,pair_821g,Everyone except [NAME] dying and [NAME] doesn’t know what happened,JOY,Emotion-Implausible
GoEmo_test_1334,pair_822a,"Oh I thought this was about the Pistons making the playoffs. Since I wasn't paying attention to them, I actually thought it was possible. Ahahahahaha!",ANGER,Emotion-Implausible
GoEmo_test_1334,pair_822b,"Oh I thought this was about the Pistons making the playoffs. Since I wasn't paying attention to them, I actually thought it was possible. Ahahahahaha!",DISGUST,Emotion-Plausible
GoEmo_test_1334,pair_822c,"Oh I thought this was about the Pistons making the playoffs. Since I wasn't paying attention to them, I actually thought it was possible. Ahahahahaha!",FEAR,Emotion-Implausible
GoEmo_test_1334,pair_822d,"Oh I thought this was about the Pistons making the playoffs. Since I wasn't paying attention to them, I actually thought it was possible. Ahahahahaha!",SURPRISE,Emotion-Obvious
GoEmo_test_1334,pair_822e,"Oh I thought this was about the Pistons making the playoffs. Since I wasn't paying attention to them, I actually thought it was possible. Ahahahahaha!",NEUTRAL,Emotion-Implausible
GoEmo_test_1334,pair_822f,"Oh I thought this was about the Pistons making the playoffs. Since I wasn't paying attention to them, I actually thought it was possible. Ahahahahaha!",SADNESS,Emotion-Implausible
GoEmo_test_1334,pair_822g,"Oh I thought this was about the Pistons making the playoffs. Since I wasn't paying attention to them, I actually thought it was possible. Ahahahahaha!",JOY,Emotion-Obvious
GoEmo_test_1407,pair_823a,"Lol I always go with public speaking (""but I'm trying to be better at it!!"").",ANGER,Emotion-Implausible
GoEmo_test_1407,pair_823b,"Lol I always go with public speaking (""but I'm trying to be better at it!!"").",DISGUST,Emotion-Implausible
GoEmo_test_1407,pair_823c,"Lol I always go with public speaking (""but I'm trying to be better at it!!"").",FEAR,Emotion-Obvious
GoEmo_test_1407,pair_823d,"Lol I always go with public speaking (""but I'm trying to be better at it!!"").",SURPRISE,Emotion-Implausible
GoEmo_test_1407,pair_823e,"Lol I always go with public speaking (""but I'm trying to be better at it!!"").",NEUTRAL,Emotion-Plausible
GoEmo_test_1407,pair_823f,"Lol I always go with public speaking (""but I'm trying to be better at it!!"").",SADNESS,Emotion-Plausible
GoEmo_test_1407,pair_823g,"Lol I always go with public speaking (""but I'm trying to be better at it!!"").",JOY,Emotion-Obvious
GoEmo_test_1412,pair_824a,"Lol it's a public sidewalk, I wouldn't call it their set",ANGER,Emotion-Plausible
GoEmo_test_1412,pair_824b,"Lol it's a public sidewalk, I wouldn't call it their set",DISGUST,Emotion-Plausible
GoEmo_test_1412,pair_824c,"Lol it's a public sidewalk, I wouldn't call it their set",FEAR,Emotion-Plausible
GoEmo_test_1412,pair_824d,"Lol it's a public sidewalk, I wouldn't call it their set",SURPRISE,Emotion-Implausible
GoEmo_test_1412,pair_824e,"Lol it's a public sidewalk, I wouldn't call it their set",NEUTRAL,Emotion-Implausible
GoEmo_test_1412,pair_824f,"Lol it's a public sidewalk, I wouldn't call it their set",SADNESS,Emotion-Plausible
GoEmo_test_1412,pair_824g,"Lol it's a public sidewalk, I wouldn't call it their set",JOY,Emotion-Obvious
GoEmo_test_1472,pair_825a,It would be cool but I like his commentating too much lol,ANGER,Emotion-Implausible
GoEmo_test_1472,pair_825b,It would be cool but I like his commentating too much lol,DISGUST,Emotion-Implausible
GoEmo_test_1472,pair_825c,It would be cool but I like his commentating too much lol,FEAR,Emotion-Implausible
GoEmo_test_1472,pair_825d,It would be cool but I like his commentating too much lol,SURPRISE,Emotion-Implausible
GoEmo_test_1472,pair_825e,It would be cool but I like his commentating too much lol,NEUTRAL,Emotion-Implausible
GoEmo_test_1472,pair_825f,It would be cool but I like his commentating too much lol,SADNESS,Emotion-Implausible
GoEmo_test_1472,pair_825g,It would be cool but I like his commentating too much lol,JOY,Emotion-Obvious
GoEmo_test_1484,pair_826a,"I'm as big a packers fan as the next guy, but that car is ugly lol",ANGER,Emotion-Plausible
GoEmo_test_1484,pair_826b,"I'm as big a packers fan as the next guy, but that car is ugly lol",DISGUST,Emotion-Obvious
GoEmo_test_1484,pair_826c,"I'm as big a packers fan as the next guy, but that car is ugly lol",FEAR,Emotion-Implausible
GoEmo_test_1484,pair_826d,"I'm as big a packers fan as the next guy, but that car is ugly lol",SURPRISE,Emotion-Plausible
GoEmo_test_1484,pair_826e,"I'm as big a packers fan as the next guy, but that car is ugly lol",NEUTRAL,Emotion-Implausible
GoEmo_test_1484,pair_826f,"I'm as big a packers fan as the next guy, but that car is ugly lol",SADNESS,Emotion-Implausible
GoEmo_test_1484,pair_826g,"I'm as big a packers fan as the next guy, but that car is ugly lol",JOY,Emotion-Obvious
GoEmo_test_1521,pair_827a,I'm glad you did because this was the comment where I stopped my fast scroll haha.,ANGER,Emotion-Plausible
GoEmo_test_1521,pair_827b,I'm glad you did because this was the comment where I stopped my fast scroll haha.,DISGUST,Emotion-Implausible
GoEmo_test_1521,pair_827c,I'm glad you did because this was the comment where I stopped my fast scroll haha.,FEAR,Emotion-Implausible
GoEmo_test_1521,pair_827d,I'm glad you did because this was the comment where I stopped my fast scroll haha.,SURPRISE,Emotion-Plausible
GoEmo_test_1521,pair_827e,I'm glad you did because this was the comment where I stopped my fast scroll haha.,NEUTRAL,Emotion-Implausible
GoEmo_test_1521,pair_827f,I'm glad you did because this was the comment where I stopped my fast scroll haha.,SADNESS,Emotion-Implausible
GoEmo_test_1521,pair_827g,I'm glad you did because this was the comment where I stopped my fast scroll haha.,JOY,Emotion-Obvious
GoEmo_test_1573,pair_828a,ha ha LOL guys aren't we so QuIrKyyyy,ANGER,Emotion-Plausible
GoEmo_test_1573,pair_828b,ha ha LOL guys aren't we so QuIrKyyyy,DISGUST,Emotion-Plausible
GoEmo_test_1573,pair_828c,ha ha LOL guys aren't we so QuIrKyyyy,FEAR,Emotion-Implausible
GoEmo_test_1573,pair_828d,ha ha LOL guys aren't we so QuIrKyyyy,SURPRISE,Emotion-Implausible
GoEmo_test_1573,pair_828e,ha ha LOL guys aren't we so QuIrKyyyy,NEUTRAL,Emotion-Implausible
GoEmo_test_1573,pair_828f,ha ha LOL guys aren't we so QuIrKyyyy,SADNESS,Emotion-Plausible
GoEmo_test_1573,pair_828g,ha ha LOL guys aren't we so QuIrKyyyy,JOY,Emotion-Obvious
GoEmo_test_1592,pair_829a,there's a lot of lol revs people whenever [NAME] tweets something like this,ANGER,Emotion-Plausible
GoEmo_test_1592,pair_829b,there's a lot of lol revs people whenever [NAME] tweets something like this,DISGUST,Emotion-Plausible
GoEmo_test_1592,pair_829c,there's a lot of lol revs people whenever [NAME] tweets something like this,FEAR,Emotion-Plausible
GoEmo_test_1592,pair_829d,there's a lot of lol revs people whenever [NAME] tweets something like this,SURPRISE,Emotion-Plausible
GoEmo_test_1592,pair_829e,there's a lot of lol revs people whenever [NAME] tweets something like this,NEUTRAL,Emotion-Implausible
GoEmo_test_1592,pair_829f,there's a lot of lol revs people whenever [NAME] tweets something like this,SADNESS,Emotion-Plausible
GoEmo_test_1592,pair_829g,there's a lot of lol revs people whenever [NAME] tweets something like this,JOY,Emotion-Plausible
GoEmo_test_1598,pair_830a,Honestly right now I just need to know why our usernames are so similar. Haha...,ANGER,Emotion-Plausible
GoEmo_test_1598,pair_830b,Honestly right now I just need to know why our usernames are so similar. Haha...,DISGUST,Emotion-Plausible
GoEmo_test_1598,pair_830c,Honestly right now I just need to know why our usernames are so similar. Haha...,FEAR,Emotion-Plausible
GoEmo_test_1598,pair_830d,Honestly right now I just need to know why our usernames are so similar. Haha...,SURPRISE,Emotion-Obvious
GoEmo_test_1598,pair_830e,Honestly right now I just need to know why our usernames are so similar. Haha...,NEUTRAL,Emotion-Plausible
GoEmo_test_1598,pair_830f,Honestly right now I just need to know why our usernames are so similar. Haha...,SADNESS,Emotion-Plausible
GoEmo_test_1598,pair_830g,Honestly right now I just need to know why our usernames are so similar. Haha...,JOY,Emotion-Obvious
GoEmo_test_1619,pair_831a,Haha I didnt even notice. I guess it does.,ANGER,Emotion-Plausible
GoEmo_test_1619,pair_831b,Haha I didnt even notice. I guess it does.,DISGUST,Emotion-Plausible
GoEmo_test_1619,pair_831c,Haha I didnt even notice. I guess it does.,FEAR,Emotion-Plausible
GoEmo_test_1619,pair_831d,Haha I didnt even notice. I guess it does.,SURPRISE,Emotion-Plausible
GoEmo_test_1619,pair_831e,Haha I didnt even notice. I guess it does.,NEUTRAL,Emotion-Implausible
GoEmo_test_1619,pair_831f,Haha I didnt even notice. I guess it does.,SADNESS,Emotion-Plausible
GoEmo_test_1619,pair_831g,Haha I didnt even notice. I guess it does.,JOY,Emotion-Obvious
GoEmo_test_1685,pair_832a,Not in the slightest. Who would have guessed the [NAME] would do this LMAO.,ANGER,Emotion-Implausible
GoEmo_test_1685,pair_832b,Not in the slightest. Who would have guessed the [NAME] would do this LMAO.,DISGUST,Emotion-Plausible
GoEmo_test_1685,pair_832c,Not in the slightest. Who would have guessed the [NAME] would do this LMAO.,FEAR,Emotion-Plausible
GoEmo_test_1685,pair_832d,Not in the slightest. Who would have guessed the [NAME] would do this LMAO.,SURPRISE,Emotion-Obvious
GoEmo_test_1685,pair_832e,Not in the slightest. Who would have guessed the [NAME] would do this LMAO.,NEUTRAL,Emotion-Implausible
GoEmo_test_1685,pair_832f,Not in the slightest. Who would have guessed the [NAME] would do this LMAO.,SADNESS,Emotion-Implausible
GoEmo_test_1685,pair_832g,Not in the slightest. Who would have guessed the [NAME] would do this LMAO.,JOY,Emotion-Obvious
GoEmo_test_1695,pair_833a,"lmao I love this, I love speaking nonsense to myself as well",ANGER,Emotion-Plausible
GoEmo_test_1695,pair_833b,"lmao I love this, I love speaking nonsense to myself as well",DISGUST,Emotion-Implausible
GoEmo_test_1695,pair_833c,"lmao I love this, I love speaking nonsense to myself as well",FEAR,Emotion-Implausible
GoEmo_test_1695,pair_833d,"lmao I love this, I love speaking nonsense to myself as well",SURPRISE,Emotion-Implausible
GoEmo_test_1695,pair_833e,"lmao I love this, I love speaking nonsense to myself as well",NEUTRAL,Emotion-Implausible
GoEmo_test_1695,pair_833f,"lmao I love this, I love speaking nonsense to myself as well",SADNESS,Emotion-Plausible
GoEmo_test_1695,pair_833g,"lmao I love this, I love speaking nonsense to myself as well",JOY,Emotion-Obvious
GoEmo_test_1702,pair_834a,some people just want attention..lol,ANGER,Emotion-Plausible
GoEmo_test_1702,pair_834b,some people just want attention..lol,DISGUST,Emotion-Plausible
GoEmo_test_1702,pair_834c,some people just want attention..lol,FEAR,Emotion-Implausible
GoEmo_test_1702,pair_834d,some people just want attention..lol,SURPRISE,Emotion-Plausible
GoEmo_test_1702,pair_834e,some people just want attention..lol,NEUTRAL,Emotion-Implausible
GoEmo_test_1702,pair_834f,some people just want attention..lol,SADNESS,Emotion-Plausible
GoEmo_test_1702,pair_834g,some people just want attention..lol,JOY,Emotion-Obvious
GoEmo_test_1786,pair_835a,"Lmao, your joke did not go unnoticed to me!",ANGER,Emotion-Plausible
GoEmo_test_1786,pair_835b,"Lmao, your joke did not go unnoticed to me!",DISGUST,Emotion-Implausible
GoEmo_test_1786,pair_835c,"Lmao, your joke did not go unnoticed to me!",FEAR,Emotion-Plausible
GoEmo_test_1786,pair_835d,"Lmao, your joke did not go unnoticed to me!",SURPRISE,Emotion-Plausible
GoEmo_test_1786,pair_835e,"Lmao, your joke did not go unnoticed to me!",NEUTRAL,Emotion-Implausible
GoEmo_test_1786,pair_835f,"Lmao, your joke did not go unnoticed to me!",SADNESS,Emotion-Implausible
GoEmo_test_1786,pair_835g,"Lmao, your joke did not go unnoticed to me!",JOY,Emotion-Obvious
GoEmo_test_1815,pair_836a,Oh alright fair enough haha. If the sabres dont pan out I'll root for him also!,ANGER,Emotion-Plausible
GoEmo_test_1815,pair_836b,Oh alright fair enough haha. If the sabres dont pan out I'll root for him also!,DISGUST,Emotion-Implausible
GoEmo_test_1815,pair_836c,Oh alright fair enough haha. If the sabres dont pan out I'll root for him also!,FEAR,Emotion-Implausible
GoEmo_test_1815,pair_836d,Oh alright fair enough haha. If the sabres dont pan out I'll root for him also!,SURPRISE,Emotion-Plausible
GoEmo_test_1815,pair_836e,Oh alright fair enough haha. If the sabres dont pan out I'll root for him also!,NEUTRAL,Emotion-Implausible
GoEmo_test_1815,pair_836f,Oh alright fair enough haha. If the sabres dont pan out I'll root for him also!,SADNESS,Emotion-Plausible
GoEmo_test_1815,pair_836g,Oh alright fair enough haha. If the sabres dont pan out I'll root for him also!,JOY,Emotion-Obvious
GoEmo_test_1904,pair_837a,He said sexist not sexiest.,ANGER,Emotion-Plausible
GoEmo_test_1904,pair_837b,He said sexist not sexiest.,DISGUST,Emotion-Plausible
GoEmo_test_1904,pair_837c,He said sexist not sexiest.,FEAR,Emotion-Plausible
GoEmo_test_1904,pair_837d,He said sexist not sexiest.,SURPRISE,Emotion-Plausible
GoEmo_test_1904,pair_837e,He said sexist not sexiest.,NEUTRAL,Emotion-Obvious
GoEmo_test_1904,pair_837f,He said sexist not sexiest.,SADNESS,Emotion-Plausible
GoEmo_test_1904,pair_837g,He said sexist not sexiest.,JOY,Emotion-Plausible
GoEmo_test_1930,pair_838a,"Lol that’s incredible! PLO is such an amazing game, so much more entertaining than NLH. Good job pal.",ANGER,Emotion-Plausible
GoEmo_test_1930,pair_838b,"Lol that’s incredible! PLO is such an amazing game, so much more entertaining than NLH. Good job pal.",DISGUST,Emotion-Implausible
GoEmo_test_1930,pair_838c,"Lol that’s incredible! PLO is such an amazing game, so much more entertaining than NLH. Good job pal.",FEAR,Emotion-Implausible
GoEmo_test_1930,pair_838d,"Lol that’s incredible! PLO is such an amazing game, so much more entertaining than NLH. Good job pal.",SURPRISE,Emotion-Obvious
GoEmo_test_1930,pair_838e,"Lol that’s incredible! PLO is such an amazing game, so much more entertaining than NLH. Good job pal.",NEUTRAL,Emotion-Implausible
GoEmo_test_1930,pair_838f,"Lol that’s incredible! PLO is such an amazing game, so much more entertaining than NLH. Good job pal.",SADNESS,Emotion-Implausible
GoEmo_test_1930,pair_838g,"Lol that’s incredible! PLO is such an amazing game, so much more entertaining than NLH. Good job pal.",JOY,Emotion-Obvious
GoEmo_test_1959,pair_839a,Probably vallied out man haha,ANGER,Emotion-Plausible
GoEmo_test_1959,pair_839b,Probably vallied out man haha,DISGUST,Emotion-Plausible
GoEmo_test_1959,pair_839c,Probably vallied out man haha,FEAR,Emotion-Plausible
GoEmo_test_1959,pair_839d,Probably vallied out man haha,SURPRISE,Emotion-Implausible
GoEmo_test_1959,pair_839e,Probably vallied out man haha,NEUTRAL,Emotion-Implausible
GoEmo_test_1959,pair_839f,Probably vallied out man haha,SADNESS,Emotion-Plausible
GoEmo_test_1959,pair_839g,Probably vallied out man haha,JOY,Emotion-Obvious
GoEmo_test_1963,pair_840a,Y’all out here really believing this and I think that’s the funniest part,ANGER,Emotion-Implausible
GoEmo_test_1963,pair_840b,Y’all out here really believing this and I think that’s the funniest part,DISGUST,Emotion-Plausible
GoEmo_test_1963,pair_840c,Y’all out here really believing this and I think that’s the funniest part,FEAR,Emotion-Implausible
GoEmo_test_1963,pair_840d,Y’all out here really believing this and I think that’s the funniest part,SURPRISE,Emotion-Plausible
GoEmo_test_1963,pair_840e,Y’all out here really believing this and I think that’s the funniest part,NEUTRAL,Emotion-Implausible
GoEmo_test_1963,pair_840f,Y’all out here really believing this and I think that’s the funniest part,SADNESS,Emotion-Implausible
GoEmo_test_1963,pair_840g,Y’all out here really believing this and I think that’s the funniest part,JOY,Emotion-Obvious
GoEmo_test_1969,pair_841a,Lol I can’t wait to end up on this sub one day.,ANGER,Emotion-Plausible
GoEmo_test_1969,pair_841b,Lol I can’t wait to end up on this sub one day.,DISGUST,Emotion-Plausible
GoEmo_test_1969,pair_841c,Lol I can’t wait to end up on this sub one day.,FEAR,Emotion-Plausible
GoEmo_test_1969,pair_841d,Lol I can’t wait to end up on this sub one day.,SURPRISE,Emotion-Implausible
GoEmo_test_1969,pair_841e,Lol I can’t wait to end up on this sub one day.,NEUTRAL,Emotion-Implausible
GoEmo_test_1969,pair_841f,Lol I can’t wait to end up on this sub one day.,SADNESS,Emotion-Plausible
GoEmo_test_1969,pair_841g,Lol I can’t wait to end up on this sub one day.,JOY,Emotion-Obvious
GoEmo_test_1975,pair_842a,[NAME] and [NAME] Funny thing is they both had a feud too and were in the ring at same time a lot,ANGER,Emotion-Plausible
GoEmo_test_1975,pair_842b,[NAME] and [NAME] Funny thing is they both had a feud too and were in the ring at same time a lot,DISGUST,Emotion-Plausible
GoEmo_test_1975,pair_842c,[NAME] and [NAME] Funny thing is they both had a feud too and were in the ring at same time a lot,FEAR,Emotion-Implausible
GoEmo_test_1975,pair_842d,[NAME] and [NAME] Funny thing is they both had a feud too and were in the ring at same time a lot,SURPRISE,Emotion-Implausible
GoEmo_test_1975,pair_842e,[NAME] and [NAME] Funny thing is they both had a feud too and were in the ring at same time a lot,NEUTRAL,Emotion-Plausible
GoEmo_test_1975,pair_842f,[NAME] and [NAME] Funny thing is they both had a feud too and were in the ring at same time a lot,SADNESS,Emotion-Plausible
GoEmo_test_1975,pair_842g,[NAME] and [NAME] Funny thing is they both had a feud too and were in the ring at same time a lot,JOY,Emotion-Obvious
GoEmo_test_1980,pair_843a,"Fun fact. If you combined North Dakota, South Dakota, Wyoming and Montana into one state it would have roughly the same population as Puerto Rico!",ANGER,Emotion-Plausible
GoEmo_test_1980,pair_843b,"Fun fact. If you combined North Dakota, South Dakota, Wyoming and Montana into one state it would have roughly the same population as Puerto Rico!",DISGUST,Emotion-Plausible
GoEmo_test_1980,pair_843c,"Fun fact. If you combined North Dakota, South Dakota, Wyoming and Montana into one state it would have roughly the same population as Puerto Rico!",FEAR,Emotion-Implausible
GoEmo_test_1980,pair_843d,"Fun fact. If you combined North Dakota, South Dakota, Wyoming and Montana into one state it would have roughly the same population as Puerto Rico!",SURPRISE,Emotion-Implausible
GoEmo_test_1980,pair_843e,"Fun fact. If you combined North Dakota, South Dakota, Wyoming and Montana into one state it would have roughly the same population as Puerto Rico!",NEUTRAL,Emotion-Obvious
GoEmo_test_1980,pair_843f,"Fun fact. If you combined North Dakota, South Dakota, Wyoming and Montana into one state it would have roughly the same population as Puerto Rico!",SADNESS,Emotion-Plausible
GoEmo_test_1980,pair_843g,"Fun fact. If you combined North Dakota, South Dakota, Wyoming and Montana into one state it would have roughly the same population as Puerto Rico!",JOY,Emotion-Plausible
GoEmo_test_2018,pair_844a,lol classic [NAME],ANGER,Emotion-Plausible
GoEmo_test_2018,pair_844b,lol classic [NAME],DISGUST,Emotion-Plausible
GoEmo_test_2018,pair_844c,lol classic [NAME],FEAR,Emotion-Implausible
GoEmo_test_2018,pair_844d,lol classic [NAME],SURPRISE,Emotion-Plausible
GoEmo_test_2018,pair_844e,lol classic [NAME],NEUTRAL,Emotion-Implausible
GoEmo_test_2018,pair_844f,lol classic [NAME],SADNESS,Emotion-Plausible
GoEmo_test_2018,pair_844g,lol classic [NAME],JOY,Emotion-Obvious
GoEmo_test_2059,pair_845a,I cant think of anything funny to say so upvote to give me free karma,ANGER,Emotion-Plausible
GoEmo_test_2059,pair_845b,I cant think of anything funny to say so upvote to give me free karma,DISGUST,Emotion-Implausible
GoEmo_test_2059,pair_845c,I cant think of anything funny to say so upvote to give me free karma,FEAR,Emotion-Plausible
GoEmo_test_2059,pair_845d,I cant think of anything funny to say so upvote to give me free karma,SURPRISE,Emotion-Implausible
GoEmo_test_2059,pair_845e,I cant think of anything funny to say so upvote to give me free karma,NEUTRAL,Emotion-Obvious
GoEmo_test_2059,pair_845f,I cant think of anything funny to say so upvote to give me free karma,SADNESS,Emotion-Plausible
GoEmo_test_2059,pair_845g,I cant think of anything funny to say so upvote to give me free karma,JOY,Emotion-Plausible
GoEmo_test_2164,pair_846a,I really havent found any of these so far that funny. Although his backflips and other stuff are pretty impressive,ANGER,Emotion-Plausible
GoEmo_test_2164,pair_846b,I really havent found any of these so far that funny. Although his backflips and other stuff are pretty impressive,DISGUST,Emotion-Implausible
GoEmo_test_2164,pair_846c,I really havent found any of these so far that funny. Although his backflips and other stuff are pretty impressive,FEAR,Emotion-Plausible
GoEmo_test_2164,pair_846d,I really havent found any of these so far that funny. Although his backflips and other stuff are pretty impressive,SURPRISE,Emotion-Plausible
GoEmo_test_2164,pair_846e,I really havent found any of these so far that funny. Although his backflips and other stuff are pretty impressive,NEUTRAL,Emotion-Obvious
GoEmo_test_2164,pair_846f,I really havent found any of these so far that funny. Although his backflips and other stuff are pretty impressive,SADNESS,Emotion-Plausible
GoEmo_test_2164,pair_846g,I really havent found any of these so far that funny. Although his backflips and other stuff are pretty impressive,JOY,Emotion-Plausible
GoEmo_test_2170,pair_847a,"Funny how some people criticize people for not following those laws, when they don't either.",ANGER,Emotion-Obvious
GoEmo_test_2170,pair_847b,"Funny how some people criticize people for not following those laws, when they don't either.",DISGUST,Emotion-Plausible
GoEmo_test_2170,pair_847c,"Funny how some people criticize people for not following those laws, when they don't either.",FEAR,Emotion-Plausible
GoEmo_test_2170,pair_847d,"Funny how some people criticize people for not following those laws, when they don't either.",SURPRISE,Emotion-Plausible
GoEmo_test_2170,pair_847e,"Funny how some people criticize people for not following those laws, when they don't either.",NEUTRAL,Emotion-Implausible
GoEmo_test_2170,pair_847f,"Funny how some people criticize people for not following those laws, when they don't either.",SADNESS,Emotion-Plausible
GoEmo_test_2170,pair_847g,"Funny how some people criticize people for not following those laws, when they don't either.",JOY,Emotion-Plausible
GoEmo_test_2176,pair_848a,i actually laughed at that lol good one man,ANGER,Emotion-Implausible
GoEmo_test_2176,pair_848b,i actually laughed at that lol good one man,DISGUST,Emotion-Implausible
GoEmo_test_2176,pair_848c,i actually laughed at that lol good one man,FEAR,Emotion-Implausible
GoEmo_test_2176,pair_848d,i actually laughed at that lol good one man,SURPRISE,Emotion-Plausible
GoEmo_test_2176,pair_848e,i actually laughed at that lol good one man,NEUTRAL,Emotion-Implausible
GoEmo_test_2176,pair_848f,i actually laughed at that lol good one man,SADNESS,Emotion-Implausible
GoEmo_test_2176,pair_848g,i actually laughed at that lol good one man,JOY,Emotion-Obvious
GoEmo_test_2181,pair_849a,I don't mind posts bashing NOED or DS. But I wish this one would make sense or would be funny.,ANGER,Emotion-Plausible
GoEmo_test_2181,pair_849b,I don't mind posts bashing NOED or DS. But I wish this one would make sense or would be funny.,DISGUST,Emotion-Plausible
GoEmo_test_2181,pair_849c,I don't mind posts bashing NOED or DS. But I wish this one would make sense or would be funny.,FEAR,Emotion-Implausible
GoEmo_test_2181,pair_849d,I don't mind posts bashing NOED or DS. But I wish this one would make sense or would be funny.,SURPRISE,Emotion-Implausible
GoEmo_test_2181,pair_849e,I don't mind posts bashing NOED or DS. But I wish this one would make sense or would be funny.,NEUTRAL,Emotion-Plausible
GoEmo_test_2181,pair_849f,I don't mind posts bashing NOED or DS. But I wish this one would make sense or would be funny.,SADNESS,Emotion-Obvious
GoEmo_test_2181,pair_849g,I don't mind posts bashing NOED or DS. But I wish this one would make sense or would be funny.,JOY,Emotion-Implausible
GoEmo_test_2220,pair_850a,"Ohhh lol, gross and funny",ANGER,Emotion-Plausible
GoEmo_test_2220,pair_850b,"Ohhh lol, gross and funny",DISGUST,Emotion-Obvious
GoEmo_test_2220,pair_850c,"Ohhh lol, gross and funny",FEAR,Emotion-Implausible
GoEmo_test_2220,pair_850d,"Ohhh lol, gross and funny",SURPRISE,Emotion-Obvious
GoEmo_test_2220,pair_850e,"Ohhh lol, gross and funny",NEUTRAL,Emotion-Implausible
GoEmo_test_2220,pair_850f,"Ohhh lol, gross and funny",SADNESS,Emotion-Implausible
GoEmo_test_2220,pair_850g,"Ohhh lol, gross and funny",JOY,Emotion-Obvious
GoEmo_test_2256,pair_851a,"Lol I didn’t mind group projects much, I only did when I didn’t have friends in the class.",ANGER,Emotion-Plausible
GoEmo_test_2256,pair_851b,"Lol I didn’t mind group projects much, I only did when I didn’t have friends in the class.",DISGUST,Emotion-Implausible
GoEmo_test_2256,pair_851c,"Lol I didn’t mind group projects much, I only did when I didn’t have friends in the class.",FEAR,Emotion-Implausible
GoEmo_test_2256,pair_851d,"Lol I didn’t mind group projects much, I only did when I didn’t have friends in the class.",SURPRISE,Emotion-Implausible
GoEmo_test_2256,pair_851e,"Lol I didn’t mind group projects much, I only did when I didn’t have friends in the class.",NEUTRAL,Emotion-Obvious
GoEmo_test_2256,pair_851f,"Lol I didn’t mind group projects much, I only did when I didn’t have friends in the class.",SADNESS,Emotion-Plausible
GoEmo_test_2256,pair_851g,"Lol I didn’t mind group projects much, I only did when I didn’t have friends in the class.",JOY,Emotion-Plausible
GoEmo_test_2282,pair_852a,Just watched the ET interview and it really was good! Love that hoodie strategy haha,ANGER,Emotion-Implausible
GoEmo_test_2282,pair_852b,Just watched the ET interview and it really was good! Love that hoodie strategy haha,DISGUST,Emotion-Implausible
GoEmo_test_2282,pair_852c,Just watched the ET interview and it really was good! Love that hoodie strategy haha,FEAR,Emotion-Implausible
GoEmo_test_2282,pair_852d,Just watched the ET interview and it really was good! Love that hoodie strategy haha,SURPRISE,Emotion-Plausible
GoEmo_test_2282,pair_852e,Just watched the ET interview and it really was good! Love that hoodie strategy haha,NEUTRAL,Emotion-Implausible
GoEmo_test_2282,pair_852f,Just watched the ET interview and it really was good! Love that hoodie strategy haha,SADNESS,Emotion-Implausible
GoEmo_test_2282,pair_852g,Just watched the ET interview and it really was good! Love that hoodie strategy haha,JOY,Emotion-Obvious
GoEmo_test_2294,pair_853a,I live in Canterbury haha,ANGER,Emotion-Plausible
GoEmo_test_2294,pair_853b,I live in Canterbury haha,DISGUST,Emotion-Plausible
GoEmo_test_2294,pair_853c,I live in Canterbury haha,FEAR,Emotion-Plausible
GoEmo_test_2294,pair_853d,I live in Canterbury haha,SURPRISE,Emotion-Implausible
GoEmo_test_2294,pair_853e,I live in Canterbury haha,NEUTRAL,Emotion-Implausible
GoEmo_test_2294,pair_853f,I live in Canterbury haha,SADNESS,Emotion-Plausible
GoEmo_test_2294,pair_853g,I live in Canterbury haha,JOY,Emotion-Obvious
GoEmo_test_2327,pair_854a,"Funny part is There ISNT a wall (but maybe should be) and there ARE already plenty of ""Sensible"" Gun laws",ANGER,Emotion-Obvious
GoEmo_test_2327,pair_854b,"Funny part is There ISNT a wall (but maybe should be) and there ARE already plenty of ""Sensible"" Gun laws",DISGUST,Emotion-Plausible
GoEmo_test_2327,pair_854c,"Funny part is There ISNT a wall (but maybe should be) and there ARE already plenty of ""Sensible"" Gun laws",FEAR,Emotion-Plausible
GoEmo_test_2327,pair_854d,"Funny part is There ISNT a wall (but maybe should be) and there ARE already plenty of ""Sensible"" Gun laws",SURPRISE,Emotion-Plausible
GoEmo_test_2327,pair_854e,"Funny part is There ISNT a wall (but maybe should be) and there ARE already plenty of ""Sensible"" Gun laws",NEUTRAL,Emotion-Implausible
GoEmo_test_2327,pair_854f,"Funny part is There ISNT a wall (but maybe should be) and there ARE already plenty of ""Sensible"" Gun laws",SADNESS,Emotion-Plausible
GoEmo_test_2327,pair_854g,"Funny part is There ISNT a wall (but maybe should be) and there ARE already plenty of ""Sensible"" Gun laws",JOY,Emotion-Plausible
GoEmo_test_2338,pair_855a,it's so funny how the mods in that sub behave in comparison to the mods in this sub,ANGER,Emotion-Plausible
GoEmo_test_2338,pair_855b,it's so funny how the mods in that sub behave in comparison to the mods in this sub,DISGUST,Emotion-Plausible
GoEmo_test_2338,pair_855c,it's so funny how the mods in that sub behave in comparison to the mods in this sub,FEAR,Emotion-Implausible
GoEmo_test_2338,pair_855d,it's so funny how the mods in that sub behave in comparison to the mods in this sub,SURPRISE,Emotion-Plausible
GoEmo_test_2338,pair_855e,it's so funny how the mods in that sub behave in comparison to the mods in this sub,NEUTRAL,Emotion-Implausible
GoEmo_test_2338,pair_855f,it's so funny how the mods in that sub behave in comparison to the mods in this sub,SADNESS,Emotion-Plausible
GoEmo_test_2338,pair_855g,it's so funny how the mods in that sub behave in comparison to the mods in this sub,JOY,Emotion-Obvious
GoEmo_test_2418,pair_856a,Free weed lol don't get what you're complaining about.,ANGER,Emotion-Plausible
GoEmo_test_2418,pair_856b,Free weed lol don't get what you're complaining about.,DISGUST,Emotion-Plausible
GoEmo_test_2418,pair_856c,Free weed lol don't get what you're complaining about.,FEAR,Emotion-Implausible
GoEmo_test_2418,pair_856d,Free weed lol don't get what you're complaining about.,SURPRISE,Emotion-Plausible
GoEmo_test_2418,pair_856e,Free weed lol don't get what you're complaining about.,NEUTRAL,Emotion-Implausible
GoEmo_test_2418,pair_856f,Free weed lol don't get what you're complaining about.,SADNESS,Emotion-Implausible
GoEmo_test_2418,pair_856g,Free weed lol don't get what you're complaining about.,JOY,Emotion-Obvious
GoEmo_test_2425,pair_857a,yeah you're right. i just glanced over and thought it was a swish haha,ANGER,Emotion-Implausible
GoEmo_test_2425,pair_857b,yeah you're right. i just glanced over and thought it was a swish haha,DISGUST,Emotion-Implausible
GoEmo_test_2425,pair_857c,yeah you're right. i just glanced over and thought it was a swish haha,FEAR,Emotion-Implausible
GoEmo_test_2425,pair_857d,yeah you're right. i just glanced over and thought it was a swish haha,SURPRISE,Emotion-Plausible
GoEmo_test_2425,pair_857e,yeah you're right. i just glanced over and thought it was a swish haha,NEUTRAL,Emotion-Implausible
GoEmo_test_2425,pair_857f,yeah you're right. i just glanced over and thought it was a swish haha,SADNESS,Emotion-Plausible
GoEmo_test_2425,pair_857g,yeah you're right. i just glanced over and thought it was a swish haha,JOY,Emotion-Obvious
GoEmo_test_2457,pair_858a,LOL how he not amused?! They dont like the truth haha,ANGER,Emotion-Plausible
GoEmo_test_2457,pair_858b,LOL how he not amused?! They dont like the truth haha,DISGUST,Emotion-Plausible
GoEmo_test_2457,pair_858c,LOL how he not amused?! They dont like the truth haha,FEAR,Emotion-Implausible
GoEmo_test_2457,pair_858d,LOL how he not amused?! They dont like the truth haha,SURPRISE,Emotion-Obvious
GoEmo_test_2457,pair_858e,LOL how he not amused?! They dont like the truth haha,NEUTRAL,Emotion-Implausible
GoEmo_test_2457,pair_858f,LOL how he not amused?! They dont like the truth haha,SADNESS,Emotion-Implausible
GoEmo_test_2457,pair_858g,LOL how he not amused?! They dont like the truth haha,JOY,Emotion-Obvious
GoEmo_test_2477,pair_859a,"Yeah, it's pretty funny how incapable most of them are of actual satire and subtlety.",ANGER,Emotion-Plausible
GoEmo_test_2477,pair_859b,"Yeah, it's pretty funny how incapable most of them are of actual satire and subtlety.",DISGUST,Emotion-Plausible
GoEmo_test_2477,pair_859c,"Yeah, it's pretty funny how incapable most of them are of actual satire and subtlety.",FEAR,Emotion-Plausible
GoEmo_test_2477,pair_859d,"Yeah, it's pretty funny how incapable most of them are of actual satire and subtlety.",SURPRISE,Emotion-Plausible
GoEmo_test_2477,pair_859e,"Yeah, it's pretty funny how incapable most of them are of actual satire and subtlety.",NEUTRAL,Emotion-Implausible
GoEmo_test_2477,pair_859f,"Yeah, it's pretty funny how incapable most of them are of actual satire and subtlety.",SADNESS,Emotion-Plausible
GoEmo_test_2477,pair_859g,"Yeah, it's pretty funny how incapable most of them are of actual satire and subtlety.",JOY,Emotion-Obvious
GoEmo_test_2478,pair_860a,IT'S NOT FUNNY HOLLY.,ANGER,Emotion-Obvious
GoEmo_test_2478,pair_860b,IT'S NOT FUNNY HOLLY.,DISGUST,Emotion-Plausible
GoEmo_test_2478,pair_860c,IT'S NOT FUNNY HOLLY.,FEAR,Emotion-Plausible
GoEmo_test_2478,pair_860d,IT'S NOT FUNNY HOLLY.,SURPRISE,Emotion-Plausible
GoEmo_test_2478,pair_860e,IT'S NOT FUNNY HOLLY.,NEUTRAL,Emotion-Plausible
GoEmo_test_2478,pair_860f,IT'S NOT FUNNY HOLLY.,SADNESS,Emotion-Plausible
GoEmo_test_2478,pair_860g,IT'S NOT FUNNY HOLLY.,JOY,Emotion-Implausible
GoEmo_test_2480,pair_861a,"I have no idea, lol. Have my upvote.",ANGER,Emotion-Plausible
GoEmo_test_2480,pair_861b,"I have no idea, lol. Have my upvote.",DISGUST,Emotion-Implausible
GoEmo_test_2480,pair_861c,"I have no idea, lol. Have my upvote.",FEAR,Emotion-Implausible
GoEmo_test_2480,pair_861d,"I have no idea, lol. Have my upvote.",SURPRISE,Emotion-Obvious
GoEmo_test_2480,pair_861e,"I have no idea, lol. Have my upvote.",NEUTRAL,Emotion-Plausible
GoEmo_test_2480,pair_861f,"I have no idea, lol. Have my upvote.",SADNESS,Emotion-Implausible
GoEmo_test_2480,pair_861g,"I have no idea, lol. Have my upvote.",JOY,Emotion-Obvious
GoEmo_test_2488,pair_862a,Well don’t complain here about another media outlet lol,ANGER,Emotion-Obvious
GoEmo_test_2488,pair_862b,Well don’t complain here about another media outlet lol,DISGUST,Emotion-Plausible
GoEmo_test_2488,pair_862c,Well don’t complain here about another media outlet lol,FEAR,Emotion-Implausible
GoEmo_test_2488,pair_862d,Well don’t complain here about another media outlet lol,SURPRISE,Emotion-Plausible
GoEmo_test_2488,pair_862e,Well don’t complain here about another media outlet lol,NEUTRAL,Emotion-Implausible
GoEmo_test_2488,pair_862f,Well don’t complain here about another media outlet lol,SADNESS,Emotion-Plausible
GoEmo_test_2488,pair_862g,Well don’t complain here about another media outlet lol,JOY,Emotion-Plausible
GoEmo_test_2505,pair_863a,I think it was [NAME] and I'm not even convinced [NAME] caught on to it lol. Then he was made to be the moron.,ANGER,Emotion-Plausible
GoEmo_test_2505,pair_863b,I think it was [NAME] and I'm not even convinced [NAME] caught on to it lol. Then he was made to be the moron.,DISGUST,Emotion-Plausible
GoEmo_test_2505,pair_863c,I think it was [NAME] and I'm not even convinced [NAME] caught on to it lol. Then he was made to be the moron.,FEAR,Emotion-Implausible
GoEmo_test_2505,pair_863d,I think it was [NAME] and I'm not even convinced [NAME] caught on to it lol. Then he was made to be the moron.,SURPRISE,Emotion-Plausible
GoEmo_test_2505,pair_863e,I think it was [NAME] and I'm not even convinced [NAME] caught on to it lol. Then he was made to be the moron.,NEUTRAL,Emotion-Implausible
GoEmo_test_2505,pair_863f,I think it was [NAME] and I'm not even convinced [NAME] caught on to it lol. Then he was made to be the moron.,SADNESS,Emotion-Plausible
GoEmo_test_2505,pair_863g,I think it was [NAME] and I'm not even convinced [NAME] caught on to it lol. Then he was made to be the moron.,JOY,Emotion-Plausible
GoEmo_test_2532,pair_864a,"You're my mvp for the night haha. I'll drop by there tonight, thanks!",ANGER,Emotion-Implausible
GoEmo_test_2532,pair_864b,"You're my mvp for the night haha. I'll drop by there tonight, thanks!",DISGUST,Emotion-Implausible
GoEmo_test_2532,pair_864c,"You're my mvp for the night haha. I'll drop by there tonight, thanks!",FEAR,Emotion-Implausible
GoEmo_test_2532,pair_864d,"You're my mvp for the night haha. I'll drop by there tonight, thanks!",SURPRISE,Emotion-Implausible
GoEmo_test_2532,pair_864e,"You're my mvp for the night haha. I'll drop by there tonight, thanks!",NEUTRAL,Emotion-Implausible
GoEmo_test_2532,pair_864f,"You're my mvp for the night haha. I'll drop by there tonight, thanks!",SADNESS,Emotion-Plausible
GoEmo_test_2532,pair_864g,"You're my mvp for the night haha. I'll drop by there tonight, thanks!",JOY,Emotion-Obvious
GoEmo_test_2549,pair_865a,">Have a good time debating the people in your head, looks like you're having fun.",ANGER,Emotion-Obvious
GoEmo_test_2549,pair_865b,">Have a good time debating the people in your head, looks like you're having fun.",DISGUST,Emotion-Plausible
GoEmo_test_2549,pair_865c,">Have a good time debating the people in your head, looks like you're having fun.",FEAR,Emotion-Plausible
GoEmo_test_2549,pair_865d,">Have a good time debating the people in your head, looks like you're having fun.",SURPRISE,Emotion-Implausible
GoEmo_test_2549,pair_865e,">Have a good time debating the people in your head, looks like you're having fun.",NEUTRAL,Emotion-Implausible
GoEmo_test_2549,pair_865f,">Have a good time debating the people in your head, looks like you're having fun.",SADNESS,Emotion-Implausible
GoEmo_test_2549,pair_865g,">Have a good time debating the people in your head, looks like you're having fun.",JOY,Emotion-Plausible
GoEmo_test_2581,pair_866a,If people don't act the way I want it is because they have bad reasons. Lol,ANGER,Emotion-Plausible
GoEmo_test_2581,pair_866b,If people don't act the way I want it is because they have bad reasons. Lol,DISGUST,Emotion-Plausible
GoEmo_test_2581,pair_866c,If people don't act the way I want it is because they have bad reasons. Lol,FEAR,Emotion-Implausible
GoEmo_test_2581,pair_866d,If people don't act the way I want it is because they have bad reasons. Lol,SURPRISE,Emotion-Implausible
GoEmo_test_2581,pair_866e,If people don't act the way I want it is because they have bad reasons. Lol,NEUTRAL,Emotion-Implausible
GoEmo_test_2581,pair_866f,If people don't act the way I want it is because they have bad reasons. Lol,SADNESS,Emotion-Plausible
GoEmo_test_2581,pair_866g,If people don't act the way I want it is because they have bad reasons. Lol,JOY,Emotion-Obvious
GoEmo_test_2593,pair_867a,"I realize that, but the picture is still funny",ANGER,Emotion-Implausible
GoEmo_test_2593,pair_867b,"I realize that, but the picture is still funny",DISGUST,Emotion-Implausible
GoEmo_test_2593,pair_867c,"I realize that, but the picture is still funny",FEAR,Emotion-Implausible
GoEmo_test_2593,pair_867d,"I realize that, but the picture is still funny",SURPRISE,Emotion-Implausible
GoEmo_test_2593,pair_867e,"I realize that, but the picture is still funny",NEUTRAL,Emotion-Plausible
GoEmo_test_2593,pair_867f,"I realize that, but the picture is still funny",SADNESS,Emotion-Implausible
GoEmo_test_2593,pair_867g,"I realize that, but the picture is still funny",JOY,Emotion-Obvious
GoEmo_test_2607,pair_868a,I'm [RELIGION] and I'm disgusting lol,ANGER,Emotion-Plausible
GoEmo_test_2607,pair_868b,I'm [RELIGION] and I'm disgusting lol,DISGUST,Emotion-Obvious
GoEmo_test_2607,pair_868c,I'm [RELIGION] and I'm disgusting lol,FEAR,Emotion-Plausible
GoEmo_test_2607,pair_868d,I'm [RELIGION] and I'm disgusting lol,SURPRISE,Emotion-Implausible
GoEmo_test_2607,pair_868e,I'm [RELIGION] and I'm disgusting lol,NEUTRAL,Emotion-Implausible
GoEmo_test_2607,pair_868f,I'm [RELIGION] and I'm disgusting lol,SADNESS,Emotion-Plausible
GoEmo_test_2607,pair_868g,I'm [RELIGION] and I'm disgusting lol,JOY,Emotion-Plausible
GoEmo_test_2673,pair_869a,I feel like this is just a really old meme lol,ANGER,Emotion-Plausible
GoEmo_test_2673,pair_869b,I feel like this is just a really old meme lol,DISGUST,Emotion-Plausible
GoEmo_test_2673,pair_869c,I feel like this is just a really old meme lol,FEAR,Emotion-Implausible
GoEmo_test_2673,pair_869d,I feel like this is just a really old meme lol,SURPRISE,Emotion-Implausible
GoEmo_test_2673,pair_869e,I feel like this is just a really old meme lol,NEUTRAL,Emotion-Implausible
GoEmo_test_2673,pair_869f,I feel like this is just a really old meme lol,SADNESS,Emotion-Plausible
GoEmo_test_2673,pair_869g,I feel like this is just a really old meme lol,JOY,Emotion-Obvious
GoEmo_test_2687,pair_870a,"And he was like “umm you woke me up for this, [NAME]?!” Lmao. That made me laugh.",ANGER,Emotion-Implausible
GoEmo_test_2687,pair_870b,"And he was like “umm you woke me up for this, [NAME]?!” Lmao. That made me laugh.",DISGUST,Emotion-Implausible
GoEmo_test_2687,pair_870c,"And he was like “umm you woke me up for this, [NAME]?!” Lmao. That made me laugh.",FEAR,Emotion-Implausible
GoEmo_test_2687,pair_870d,"And he was like “umm you woke me up for this, [NAME]?!” Lmao. That made me laugh.",SURPRISE,Emotion-Plausible
GoEmo_test_2687,pair_870e,"And he was like “umm you woke me up for this, [NAME]?!” Lmao. That made me laugh.",NEUTRAL,Emotion-Implausible
GoEmo_test_2687,pair_870f,"And he was like “umm you woke me up for this, [NAME]?!” Lmao. That made me laugh.",SADNESS,Emotion-Implausible
GoEmo_test_2687,pair_870g,"And he was like “umm you woke me up for this, [NAME]?!” Lmao. That made me laugh.",JOY,Emotion-Obvious
GoEmo_test_2736,pair_871a,"LOL you are mental ,love it",ANGER,Emotion-Implausible
GoEmo_test_2736,pair_871b,"LOL you are mental ,love it",DISGUST,Emotion-Implausible
GoEmo_test_2736,pair_871c,"LOL you are mental ,love it",FEAR,Emotion-Implausible
GoEmo_test_2736,pair_871d,"LOL you are mental ,love it",SURPRISE,Emotion-Plausible
GoEmo_test_2736,pair_871e,"LOL you are mental ,love it",NEUTRAL,Emotion-Implausible
GoEmo_test_2736,pair_871f,"LOL you are mental ,love it",SADNESS,Emotion-Implausible
GoEmo_test_2736,pair_871g,"LOL you are mental ,love it",JOY,Emotion-Obvious
GoEmo_test_2737,pair_872a,"I think this qualifies as r/prorevenge, honestly. Dude needs to face consequences more often, otherwise he will keep trampling over people’s boundaries.",ANGER,Emotion-Obvious
GoEmo_test_2737,pair_872b,"I think this qualifies as r/prorevenge, honestly. Dude needs to face consequences more often, otherwise he will keep trampling over people’s boundaries.",DISGUST,Emotion-Obvious
GoEmo_test_2737,pair_872c,"I think this qualifies as r/prorevenge, honestly. Dude needs to face consequences more often, otherwise he will keep trampling over people’s boundaries.",FEAR,Emotion-Plausible
GoEmo_test_2737,pair_872d,"I think this qualifies as r/prorevenge, honestly. Dude needs to face consequences more often, otherwise he will keep trampling over people’s boundaries.",SURPRISE,Emotion-Implausible
GoEmo_test_2737,pair_872e,"I think this qualifies as r/prorevenge, honestly. Dude needs to face consequences more often, otherwise he will keep trampling over people’s boundaries.",NEUTRAL,Emotion-Implausible
GoEmo_test_2737,pair_872f,"I think this qualifies as r/prorevenge, honestly. Dude needs to face consequences more often, otherwise he will keep trampling over people’s boundaries.",SADNESS,Emotion-Plausible
GoEmo_test_2737,pair_872g,"I think this qualifies as r/prorevenge, honestly. Dude needs to face consequences more often, otherwise he will keep trampling over people’s boundaries.",JOY,Emotion-Plausible
GoEmo_test_2811,pair_873a,Hahahaha. Wow. Pure gold!,ANGER,Emotion-Plausible
GoEmo_test_2811,pair_873b,Hahahaha. Wow. Pure gold!,DISGUST,Emotion-Plausible
GoEmo_test_2811,pair_873c,Hahahaha. Wow. Pure gold!,FEAR,Emotion-Implausible
GoEmo_test_2811,pair_873d,Hahahaha. Wow. Pure gold!,SURPRISE,Emotion-Obvious
GoEmo_test_2811,pair_873e,Hahahaha. Wow. Pure gold!,NEUTRAL,Emotion-Implausible
GoEmo_test_2811,pair_873f,Hahahaha. Wow. Pure gold!,SADNESS,Emotion-Plausible
GoEmo_test_2811,pair_873g,Hahahaha. Wow. Pure gold!,JOY,Emotion-Obvious
GoEmo_test_2818,pair_874a,thats why she is going crazy lmao,ANGER,Emotion-Plausible
GoEmo_test_2818,pair_874b,thats why she is going crazy lmao,DISGUST,Emotion-Plausible
GoEmo_test_2818,pair_874c,thats why she is going crazy lmao,FEAR,Emotion-Implausible
GoEmo_test_2818,pair_874d,thats why she is going crazy lmao,SURPRISE,Emotion-Plausible
GoEmo_test_2818,pair_874e,thats why she is going crazy lmao,NEUTRAL,Emotion-Implausible
GoEmo_test_2818,pair_874f,thats why she is going crazy lmao,SADNESS,Emotion-Plausible
GoEmo_test_2818,pair_874g,thats why she is going crazy lmao,JOY,Emotion-Obvious
GoEmo_test_2862,pair_875a,Those are sexist theories not facts.,ANGER,Emotion-Obvious
GoEmo_test_2862,pair_875b,Those are sexist theories not facts.,DISGUST,Emotion-Obvious
GoEmo_test_2862,pair_875c,Those are sexist theories not facts.,FEAR,Emotion-Plausible
GoEmo_test_2862,pair_875d,Those are sexist theories not facts.,SURPRISE,Emotion-Plausible
GoEmo_test_2862,pair_875e,Those are sexist theories not facts.,NEUTRAL,Emotion-Implausible
GoEmo_test_2862,pair_875f,Those are sexist theories not facts.,SADNESS,Emotion-Plausible
GoEmo_test_2862,pair_875g,Those are sexist theories not facts.,JOY,Emotion-Implausible
GoEmo_test_2909,pair_876a,"You guys can downvote me all you want, but this sub is every day looking more and more alike r/gameofthrones",ANGER,Emotion-Obvious
GoEmo_test_2909,pair_876b,"You guys can downvote me all you want, but this sub is every day looking more and more alike r/gameofthrones",DISGUST,Emotion-Obvious
GoEmo_test_2909,pair_876c,"You guys can downvote me all you want, but this sub is every day looking more and more alike r/gameofthrones",FEAR,Emotion-Implausible
GoEmo_test_2909,pair_876d,"You guys can downvote me all you want, but this sub is every day looking more and more alike r/gameofthrones",SURPRISE,Emotion-Plausible
GoEmo_test_2909,pair_876e,"You guys can downvote me all you want, but this sub is every day looking more and more alike r/gameofthrones",NEUTRAL,Emotion-Implausible
GoEmo_test_2909,pair_876f,"You guys can downvote me all you want, but this sub is every day looking more and more alike r/gameofthrones",SADNESS,Emotion-Plausible
GoEmo_test_2909,pair_876g,"You guys can downvote me all you want, but this sub is every day looking more and more alike r/gameofthrones",JOY,Emotion-Implausible
GoEmo_test_2933,pair_877a,"Nothing against bartenders at all. Dumbass people like [NAME], I make fun of because I can.",ANGER,Emotion-Plausible
GoEmo_test_2933,pair_877b,"Nothing against bartenders at all. Dumbass people like [NAME], I make fun of because I can.",DISGUST,Emotion-Plausible
GoEmo_test_2933,pair_877c,"Nothing against bartenders at all. Dumbass people like [NAME], I make fun of because I can.",FEAR,Emotion-Implausible
GoEmo_test_2933,pair_877d,"Nothing against bartenders at all. Dumbass people like [NAME], I make fun of because I can.",SURPRISE,Emotion-Implausible
GoEmo_test_2933,pair_877e,"Nothing against bartenders at all. Dumbass people like [NAME], I make fun of because I can.",NEUTRAL,Emotion-Implausible
GoEmo_test_2933,pair_877f,"Nothing against bartenders at all. Dumbass people like [NAME], I make fun of because I can.",SADNESS,Emotion-Implausible
GoEmo_test_2933,pair_877g,"Nothing against bartenders at all. Dumbass people like [NAME], I make fun of because I can.",JOY,Emotion-Obvious
GoEmo_test_2939,pair_878a,"It's 2019 and people are *still* saying ""SJW's?"" Ha! Hahahahaha! Oh my life. [NAME].",ANGER,Emotion-Plausible
GoEmo_test_2939,pair_878b,"It's 2019 and people are *still* saying ""SJW's?"" Ha! Hahahahaha! Oh my life. [NAME].",DISGUST,Emotion-Plausible
GoEmo_test_2939,pair_878c,"It's 2019 and people are *still* saying ""SJW's?"" Ha! Hahahahaha! Oh my life. [NAME].",FEAR,Emotion-Implausible
GoEmo_test_2939,pair_878d,"It's 2019 and people are *still* saying ""SJW's?"" Ha! Hahahahaha! Oh my life. [NAME].",SURPRISE,Emotion-Obvious
GoEmo_test_2939,pair_878e,"It's 2019 and people are *still* saying ""SJW's?"" Ha! Hahahahaha! Oh my life. [NAME].",NEUTRAL,Emotion-Implausible
GoEmo_test_2939,pair_878f,"It's 2019 and people are *still* saying ""SJW's?"" Ha! Hahahahaha! Oh my life. [NAME].",SADNESS,Emotion-Plausible
GoEmo_test_2939,pair_878g,"It's 2019 and people are *still* saying ""SJW's?"" Ha! Hahahahaha! Oh my life. [NAME].",JOY,Emotion-Obvious
GoEmo_test_2982,pair_879a,"My point is that IQ basically works. As with literally everything, there are flaws, but it's not junk science.",ANGER,Emotion-Plausible
GoEmo_test_2982,pair_879b,"My point is that IQ basically works. As with literally everything, there are flaws, but it's not junk science.",DISGUST,Emotion-Implausible
GoEmo_test_2982,pair_879c,"My point is that IQ basically works. As with literally everything, there are flaws, but it's not junk science.",FEAR,Emotion-Implausible
GoEmo_test_2982,pair_879d,"My point is that IQ basically works. As with literally everything, there are flaws, but it's not junk science.",SURPRISE,Emotion-Implausible
GoEmo_test_2982,pair_879e,"My point is that IQ basically works. As with literally everything, there are flaws, but it's not junk science.",NEUTRAL,Emotion-Obvious
GoEmo_test_2982,pair_879f,"My point is that IQ basically works. As with literally everything, there are flaws, but it's not junk science.",SADNESS,Emotion-Plausible
GoEmo_test_2982,pair_879g,"My point is that IQ basically works. As with literally everything, there are flaws, but it's not junk science.",JOY,Emotion-Implausible
GoEmo_test_3041,pair_880a,Funny how we get more anxious about our heroes than their victims,ANGER,Emotion-Plausible
GoEmo_test_3041,pair_880b,Funny how we get more anxious about our heroes than their victims,DISGUST,Emotion-Obvious
GoEmo_test_3041,pair_880c,Funny how we get more anxious about our heroes than their victims,FEAR,Emotion-Plausible
GoEmo_test_3041,pair_880d,Funny how we get more anxious about our heroes than their victims,SURPRISE,Emotion-Plausible
GoEmo_test_3041,pair_880e,Funny how we get more anxious about our heroes than their victims,NEUTRAL,Emotion-Implausible
GoEmo_test_3041,pair_880f,Funny how we get more anxious about our heroes than their victims,SADNESS,Emotion-Obvious
GoEmo_test_3041,pair_880g,Funny how we get more anxious about our heroes than their victims,JOY,Emotion-Implausible
GoEmo_test_3072,pair_881a,"Today's Recaptchas were fun. I'm very good at identifying store fronts, apparently...",ANGER,Emotion-Plausible
GoEmo_test_3072,pair_881b,"Today's Recaptchas were fun. I'm very good at identifying store fronts, apparently...",DISGUST,Emotion-Plausible
GoEmo_test_3072,pair_881c,"Today's Recaptchas were fun. I'm very good at identifying store fronts, apparently...",FEAR,Emotion-Implausible
GoEmo_test_3072,pair_881d,"Today's Recaptchas were fun. I'm very good at identifying store fronts, apparently...",SURPRISE,Emotion-Plausible
GoEmo_test_3072,pair_881e,"Today's Recaptchas were fun. I'm very good at identifying store fronts, apparently...",NEUTRAL,Emotion-Implausible
GoEmo_test_3072,pair_881f,"Today's Recaptchas were fun. I'm very good at identifying store fronts, apparently...",SADNESS,Emotion-Plausible
GoEmo_test_3072,pair_881g,"Today's Recaptchas were fun. I'm very good at identifying store fronts, apparently...",JOY,Emotion-Obvious
GoEmo_test_3115,pair_882a,Some people are just very special lmao,ANGER,Emotion-Plausible
GoEmo_test_3115,pair_882b,Some people are just very special lmao,DISGUST,Emotion-Plausible
GoEmo_test_3115,pair_882c,Some people are just very special lmao,FEAR,Emotion-Implausible
GoEmo_test_3115,pair_882d,Some people are just very special lmao,SURPRISE,Emotion-Plausible
GoEmo_test_3115,pair_882e,Some people are just very special lmao,NEUTRAL,Emotion-Implausible
GoEmo_test_3115,pair_882f,Some people are just very special lmao,SADNESS,Emotion-Plausible
GoEmo_test_3115,pair_882g,Some people are just very special lmao,JOY,Emotion-Plausible
GoEmo_test_3201,pair_883a,"You are stating your opinion as if it were fact. [NAME] has face tattoos and I think they are incredibly sexy, attractive and appealing.",ANGER,Emotion-Obvious
GoEmo_test_3201,pair_883b,"You are stating your opinion as if it were fact. [NAME] has face tattoos and I think they are incredibly sexy, attractive and appealing.",DISGUST,Emotion-Implausible
GoEmo_test_3201,pair_883c,"You are stating your opinion as if it were fact. [NAME] has face tattoos and I think they are incredibly sexy, attractive and appealing.",FEAR,Emotion-Implausible
GoEmo_test_3201,pair_883d,"You are stating your opinion as if it were fact. [NAME] has face tattoos and I think they are incredibly sexy, attractive and appealing.",SURPRISE,Emotion-Implausible
GoEmo_test_3201,pair_883e,"You are stating your opinion as if it were fact. [NAME] has face tattoos and I think they are incredibly sexy, attractive and appealing.",NEUTRAL,Emotion-Implausible
GoEmo_test_3201,pair_883f,"You are stating your opinion as if it were fact. [NAME] has face tattoos and I think they are incredibly sexy, attractive and appealing.",SADNESS,Emotion-Implausible
GoEmo_test_3201,pair_883g,"You are stating your opinion as if it were fact. [NAME] has face tattoos and I think they are incredibly sexy, attractive and appealing.",JOY,Emotion-Plausible
GoEmo_test_3215,pair_884a,THATS WHAT SHE SAID...HAHAHAHAHAHAHA!,ANGER,Emotion-Implausible
GoEmo_test_3215,pair_884b,THATS WHAT SHE SAID...HAHAHAHAHAHAHA!,DISGUST,Emotion-Implausible
GoEmo_test_3215,pair_884c,THATS WHAT SHE SAID...HAHAHAHAHAHAHA!,FEAR,Emotion-Implausible
GoEmo_test_3215,pair_884d,THATS WHAT SHE SAID...HAHAHAHAHAHAHA!,SURPRISE,Emotion-Plausible
GoEmo_test_3215,pair_884e,THATS WHAT SHE SAID...HAHAHAHAHAHAHA!,NEUTRAL,Emotion-Implausible
GoEmo_test_3215,pair_884f,THATS WHAT SHE SAID...HAHAHAHAHAHAHA!,SADNESS,Emotion-Implausible
GoEmo_test_3215,pair_884g,THATS WHAT SHE SAID...HAHAHAHAHAHAHA!,JOY,Emotion-Obvious
GoEmo_test_3225,pair_885a,"I don’t know ,I kinda find this funny",ANGER,Emotion-Plausible
GoEmo_test_3225,pair_885b,"I don’t know ,I kinda find this funny",DISGUST,Emotion-Plausible
GoEmo_test_3225,pair_885c,"I don’t know ,I kinda find this funny",FEAR,Emotion-Plausible
GoEmo_test_3225,pair_885d,"I don’t know ,I kinda find this funny",SURPRISE,Emotion-Plausible
GoEmo_test_3225,pair_885e,"I don’t know ,I kinda find this funny",NEUTRAL,Emotion-Implausible
GoEmo_test_3225,pair_885f,"I don’t know ,I kinda find this funny",SADNESS,Emotion-Implausible
GoEmo_test_3225,pair_885g,"I don’t know ,I kinda find this funny",JOY,Emotion-Obvious
GoEmo_test_3256,pair_886a,I enjoy gameplay grind. Don't shoot me lol.,ANGER,Emotion-Implausible
GoEmo_test_3256,pair_886b,I enjoy gameplay grind. Don't shoot me lol.,DISGUST,Emotion-Plausible
GoEmo_test_3256,pair_886c,I enjoy gameplay grind. Don't shoot me lol.,FEAR,Emotion-Plausible
GoEmo_test_3256,pair_886d,I enjoy gameplay grind. Don't shoot me lol.,SURPRISE,Emotion-Plausible
GoEmo_test_3256,pair_886e,I enjoy gameplay grind. Don't shoot me lol.,NEUTRAL,Emotion-Implausible
GoEmo_test_3256,pair_886f,I enjoy gameplay grind. Don't shoot me lol.,SADNESS,Emotion-Plausible
GoEmo_test_3256,pair_886g,I enjoy gameplay grind. Don't shoot me lol.,JOY,Emotion-Obvious
GoEmo_test_3329,pair_887a,Please do. lol,ANGER,Emotion-Plausible
GoEmo_test_3329,pair_887b,Please do. lol,DISGUST,Emotion-Plausible
GoEmo_test_3329,pair_887c,Please do. lol,FEAR,Emotion-Plausible
GoEmo_test_3329,pair_887d,Please do. lol,SURPRISE,Emotion-Plausible
GoEmo_test_3329,pair_887e,Please do. lol,NEUTRAL,Emotion-Plausible
GoEmo_test_3329,pair_887f,Please do. lol,SADNESS,Emotion-Plausible
GoEmo_test_3329,pair_887g,Please do. lol,JOY,Emotion-Obvious
GoEmo_test_3340,pair_888a,good luck with your baby! i hope everything goes well for you and your SO lol,ANGER,Emotion-Implausible
GoEmo_test_3340,pair_888b,good luck with your baby! i hope everything goes well for you and your SO lol,DISGUST,Emotion-Plausible
GoEmo_test_3340,pair_888c,good luck with your baby! i hope everything goes well for you and your SO lol,FEAR,Emotion-Implausible
GoEmo_test_3340,pair_888d,good luck with your baby! i hope everything goes well for you and your SO lol,SURPRISE,Emotion-Implausible
GoEmo_test_3340,pair_888e,good luck with your baby! i hope everything goes well for you and your SO lol,NEUTRAL,Emotion-Implausible
GoEmo_test_3340,pair_888f,good luck with your baby! i hope everything goes well for you and your SO lol,SADNESS,Emotion-Plausible
GoEmo_test_3340,pair_888g,good luck with your baby! i hope everything goes well for you and your SO lol,JOY,Emotion-Obvious
GoEmo_test_3379,pair_889a,Wonder how he feels about [NAME] now,ANGER,Emotion-Plausible
GoEmo_test_3379,pair_889b,Wonder how he feels about [NAME] now,DISGUST,Emotion-Plausible
GoEmo_test_3379,pair_889c,Wonder how he feels about [NAME] now,FEAR,Emotion-Plausible
GoEmo_test_3379,pair_889d,Wonder how he feels about [NAME] now,SURPRISE,Emotion-Plausible
GoEmo_test_3379,pair_889e,Wonder how he feels about [NAME] now,NEUTRAL,Emotion-Plausible
GoEmo_test_3379,pair_889f,Wonder how he feels about [NAME] now,SADNESS,Emotion-Plausible
GoEmo_test_3379,pair_889g,Wonder how he feels about [NAME] now,JOY,Emotion-Plausible
GoEmo_test_3381,pair_890a,Folks are complaining about the new buses.,ANGER,Emotion-Plausible
GoEmo_test_3381,pair_890b,Folks are complaining about the new buses.,DISGUST,Emotion-Plausible
GoEmo_test_3381,pair_890c,Folks are complaining about the new buses.,FEAR,Emotion-Plausible
GoEmo_test_3381,pair_890d,Folks are complaining about the new buses.,SURPRISE,Emotion-Plausible
GoEmo_test_3381,pair_890e,Folks are complaining about the new buses.,NEUTRAL,Emotion-Plausible
GoEmo_test_3381,pair_890f,Folks are complaining about the new buses.,SADNESS,Emotion-Plausible
GoEmo_test_3381,pair_890g,Folks are complaining about the new buses.,JOY,Emotion-Plausible
GoEmo_test_3383,pair_891a,What made you so interested in great whites?,ANGER,Emotion-Plausible
GoEmo_test_3383,pair_891b,What made you so interested in great whites?,DISGUST,Emotion-Implausible
GoEmo_test_3383,pair_891c,What made you so interested in great whites?,FEAR,Emotion-Plausible
GoEmo_test_3383,pair_891d,What made you so interested in great whites?,SURPRISE,Emotion-Plausible
GoEmo_test_3383,pair_891e,What made you so interested in great whites?,NEUTRAL,Emotion-Implausible
GoEmo_test_3383,pair_891f,What made you so interested in great whites?,SADNESS,Emotion-Plausible
GoEmo_test_3383,pair_891g,What made you so interested in great whites?,JOY,Emotion-Plausible
GoEmo_test_3392,pair_892a,Worried me there,ANGER,Emotion-Plausible
GoEmo_test_3392,pair_892b,Worried me there,DISGUST,Emotion-Implausible
GoEmo_test_3392,pair_892c,Worried me there,FEAR,Emotion-Obvious
GoEmo_test_3392,pair_892d,Worried me there,SURPRISE,Emotion-Plausible
GoEmo_test_3392,pair_892e,Worried me there,NEUTRAL,Emotion-Implausible
GoEmo_test_3392,pair_892f,Worried me there,SADNESS,Emotion-Plausible
GoEmo_test_3392,pair_892g,Worried me there,JOY,Emotion-Plausible
GoEmo_test_3395,pair_893a,That's a really cheap cop-out for rather common criticism of those games.,ANGER,Emotion-Obvious
GoEmo_test_3395,pair_893b,That's a really cheap cop-out for rather common criticism of those games.,DISGUST,Emotion-Obvious
GoEmo_test_3395,pair_893c,That's a really cheap cop-out for rather common criticism of those games.,FEAR,Emotion-Implausible
GoEmo_test_3395,pair_893d,That's a really cheap cop-out for rather common criticism of those games.,SURPRISE,Emotion-Plausible
GoEmo_test_3395,pair_893e,That's a really cheap cop-out for rather common criticism of those games.,NEUTRAL,Emotion-Implausible
GoEmo_test_3395,pair_893f,That's a really cheap cop-out for rather common criticism of those games.,SADNESS,Emotion-Implausible
GoEmo_test_3395,pair_893g,That's a really cheap cop-out for rather common criticism of those games.,JOY,Emotion-Implausible
GoEmo_test_3404,pair_894a,Hahahah this is awesome.,ANGER,Emotion-Plausible
GoEmo_test_3404,pair_894b,Hahahah this is awesome.,DISGUST,Emotion-Implausible
GoEmo_test_3404,pair_894c,Hahahah this is awesome.,FEAR,Emotion-Implausible
GoEmo_test_3404,pair_894d,Hahahah this is awesome.,SURPRISE,Emotion-Plausible
GoEmo_test_3404,pair_894e,Hahahah this is awesome.,NEUTRAL,Emotion-Implausible
GoEmo_test_3404,pair_894f,Hahahah this is awesome.,SADNESS,Emotion-Implausible
GoEmo_test_3404,pair_894g,Hahahah this is awesome.,JOY,Emotion-Obvious
GoEmo_test_3435,pair_895a,"Super [NAME] with a hat, or providing a buffed hat sounds really funny, if incredibly useless.",ANGER,Emotion-Plausible
GoEmo_test_3435,pair_895b,"Super [NAME] with a hat, or providing a buffed hat sounds really funny, if incredibly useless.",DISGUST,Emotion-Implausible
GoEmo_test_3435,pair_895c,"Super [NAME] with a hat, or providing a buffed hat sounds really funny, if incredibly useless.",FEAR,Emotion-Implausible
GoEmo_test_3435,pair_895d,"Super [NAME] with a hat, or providing a buffed hat sounds really funny, if incredibly useless.",SURPRISE,Emotion-Implausible
GoEmo_test_3435,pair_895e,"Super [NAME] with a hat, or providing a buffed hat sounds really funny, if incredibly useless.",NEUTRAL,Emotion-Implausible
GoEmo_test_3435,pair_895f,"Super [NAME] with a hat, or providing a buffed hat sounds really funny, if incredibly useless.",SADNESS,Emotion-Implausible
GoEmo_test_3435,pair_895g,"Super [NAME] with a hat, or providing a buffed hat sounds really funny, if incredibly useless.",JOY,Emotion-Obvious
GoEmo_test_3459,pair_896a,Lmao servers in America make like $2 an hour with no tips.,ANGER,Emotion-Obvious
GoEmo_test_3459,pair_896b,Lmao servers in America make like $2 an hour with no tips.,DISGUST,Emotion-Plausible
GoEmo_test_3459,pair_896c,Lmao servers in America make like $2 an hour with no tips.,FEAR,Emotion-Plausible
GoEmo_test_3459,pair_896d,Lmao servers in America make like $2 an hour with no tips.,SURPRISE,Emotion-Plausible
GoEmo_test_3459,pair_896e,Lmao servers in America make like $2 an hour with no tips.,NEUTRAL,Emotion-Implausible
GoEmo_test_3459,pair_896f,Lmao servers in America make like $2 an hour with no tips.,SADNESS,Emotion-Plausible
GoEmo_test_3459,pair_896g,Lmao servers in America make like $2 an hour with no tips.,JOY,Emotion-Plausible
GoEmo_test_3479,pair_897a,My bio is pretty funny... I got ‘If you’re a Catfish then you’ll be charged a call out fee of £120.49’,ANGER,Emotion-Implausible
GoEmo_test_3479,pair_897b,My bio is pretty funny... I got ‘If you’re a Catfish then you’ll be charged a call out fee of £120.49’,DISGUST,Emotion-Implausible
GoEmo_test_3479,pair_897c,My bio is pretty funny... I got ‘If you’re a Catfish then you’ll be charged a call out fee of £120.49’,FEAR,Emotion-Implausible
GoEmo_test_3479,pair_897d,My bio is pretty funny... I got ‘If you’re a Catfish then you’ll be charged a call out fee of £120.49’,SURPRISE,Emotion-Implausible
GoEmo_test_3479,pair_897e,My bio is pretty funny... I got ‘If you’re a Catfish then you’ll be charged a call out fee of £120.49’,NEUTRAL,Emotion-Implausible
GoEmo_test_3479,pair_897f,My bio is pretty funny... I got ‘If you’re a Catfish then you’ll be charged a call out fee of £120.49’,SADNESS,Emotion-Implausible
GoEmo_test_3479,pair_897g,My bio is pretty funny... I got ‘If you’re a Catfish then you’ll be charged a call out fee of £120.49’,JOY,Emotion-Obvious
GoEmo_test_3481,pair_898a,"Memes that were made 2 or more years ago don’t count. They were probably funny back then, just not now.",ANGER,Emotion-Plausible
GoEmo_test_3481,pair_898b,"Memes that were made 2 or more years ago don’t count. They were probably funny back then, just not now.",DISGUST,Emotion-Plausible
GoEmo_test_3481,pair_898c,"Memes that were made 2 or more years ago don’t count. They were probably funny back then, just not now.",FEAR,Emotion-Implausible
GoEmo_test_3481,pair_898d,"Memes that were made 2 or more years ago don’t count. They were probably funny back then, just not now.",SURPRISE,Emotion-Plausible
GoEmo_test_3481,pair_898e,"Memes that were made 2 or more years ago don’t count. They were probably funny back then, just not now.",NEUTRAL,Emotion-Implausible
GoEmo_test_3481,pair_898f,"Memes that were made 2 or more years ago don’t count. They were probably funny back then, just not now.",SADNESS,Emotion-Plausible
GoEmo_test_3481,pair_898g,"Memes that were made 2 or more years ago don’t count. They were probably funny back then, just not now.",JOY,Emotion-Plausible
GoEmo_test_3516,pair_899a,"Lmao, this guy is a tool.",ANGER,Emotion-Implausible
GoEmo_test_3516,pair_899b,"Lmao, this guy is a tool.",DISGUST,Emotion-Obvious
GoEmo_test_3516,pair_899c,"Lmao, this guy is a tool.",FEAR,Emotion-Implausible
GoEmo_test_3516,pair_899d,"Lmao, this guy is a tool.",SURPRISE,Emotion-Plausible
GoEmo_test_3516,pair_899e,"Lmao, this guy is a tool.",NEUTRAL,Emotion-Implausible
GoEmo_test_3516,pair_899f,"Lmao, this guy is a tool.",SADNESS,Emotion-Implausible
GoEmo_test_3516,pair_899g,"Lmao, this guy is a tool.",JOY,Emotion-Obvious
GoEmo_test_3537,pair_900a,I love it! It’s strangely charming lol!!! Especially when she comes back to camera speaking normally.,ANGER,Emotion-Implausible
GoEmo_test_3537,pair_900b,I love it! It’s strangely charming lol!!! Especially when she comes back to camera speaking normally.,DISGUST,Emotion-Implausible
GoEmo_test_3537,pair_900c,I love it! It’s strangely charming lol!!! Especially when she comes back to camera speaking normally.,FEAR,Emotion-Implausible
GoEmo_test_3537,pair_900d,I love it! It’s strangely charming lol!!! Especially when she comes back to camera speaking normally.,SURPRISE,Emotion-Plausible
GoEmo_test_3537,pair_900e,I love it! It’s strangely charming lol!!! Especially when she comes back to camera speaking normally.,NEUTRAL,Emotion-Implausible
GoEmo_test_3537,pair_900f,I love it! It’s strangely charming lol!!! Especially when she comes back to camera speaking normally.,SADNESS,Emotion-Implausible
GoEmo_test_3537,pair_900g,I love it! It’s strangely charming lol!!! Especially when she comes back to camera speaking normally.,JOY,Emotion-Obvious
GoEmo_test_3604,pair_901a,"Funny thing is, I got mine today. Maybe it'll stop tonight?",ANGER,Emotion-Plausible
GoEmo_test_3604,pair_901b,"Funny thing is, I got mine today. Maybe it'll stop tonight?",DISGUST,Emotion-Plausible
GoEmo_test_3604,pair_901c,"Funny thing is, I got mine today. Maybe it'll stop tonight?",FEAR,Emotion-Plausible
GoEmo_test_3604,pair_901d,"Funny thing is, I got mine today. Maybe it'll stop tonight?",SURPRISE,Emotion-Plausible
GoEmo_test_3604,pair_901e,"Funny thing is, I got mine today. Maybe it'll stop tonight?",NEUTRAL,Emotion-Implausible
GoEmo_test_3604,pair_901f,"Funny thing is, I got mine today. Maybe it'll stop tonight?",SADNESS,Emotion-Plausible
GoEmo_test_3604,pair_901g,"Funny thing is, I got mine today. Maybe it'll stop tonight?",JOY,Emotion-Plausible
GoEmo_test_3613,pair_902a,Ok I love [NAME] for making [NAME] fist bump 3 times. He was so awkward with that haha.,ANGER,Emotion-Implausible
GoEmo_test_3613,pair_902b,Ok I love [NAME] for making [NAME] fist bump 3 times. He was so awkward with that haha.,DISGUST,Emotion-Implausible
GoEmo_test_3613,pair_902c,Ok I love [NAME] for making [NAME] fist bump 3 times. He was so awkward with that haha.,FEAR,Emotion-Implausible
GoEmo_test_3613,pair_902d,Ok I love [NAME] for making [NAME] fist bump 3 times. He was so awkward with that haha.,SURPRISE,Emotion-Plausible
GoEmo_test_3613,pair_902e,Ok I love [NAME] for making [NAME] fist bump 3 times. He was so awkward with that haha.,NEUTRAL,Emotion-Implausible
GoEmo_test_3613,pair_902f,Ok I love [NAME] for making [NAME] fist bump 3 times. He was so awkward with that haha.,SADNESS,Emotion-Implausible
GoEmo_test_3613,pair_902g,Ok I love [NAME] for making [NAME] fist bump 3 times. He was so awkward with that haha.,JOY,Emotion-Obvious
GoEmo_test_3624,pair_903a,but you won't hear that from most of the press or people on this sub WHAT IS THEIR POLICY THOUGH lmao,ANGER,Emotion-Obvious
GoEmo_test_3624,pair_903b,but you won't hear that from most of the press or people on this sub WHAT IS THEIR POLICY THOUGH lmao,DISGUST,Emotion-Plausible
GoEmo_test_3624,pair_903c,but you won't hear that from most of the press or people on this sub WHAT IS THEIR POLICY THOUGH lmao,FEAR,Emotion-Implausible
GoEmo_test_3624,pair_903d,but you won't hear that from most of the press or people on this sub WHAT IS THEIR POLICY THOUGH lmao,SURPRISE,Emotion-Plausible
GoEmo_test_3624,pair_903e,but you won't hear that from most of the press or people on this sub WHAT IS THEIR POLICY THOUGH lmao,NEUTRAL,Emotion-Plausible
GoEmo_test_3624,pair_903f,but you won't hear that from most of the press or people on this sub WHAT IS THEIR POLICY THOUGH lmao,SADNESS,Emotion-Implausible
GoEmo_test_3624,pair_903g,but you won't hear that from most of the press or people on this sub WHAT IS THEIR POLICY THOUGH lmao,JOY,Emotion-Plausible
GoEmo_test_3653,pair_904a,Street Samurai Koji and Ojiisan Koji are my personal favorites. Greased Lightning Koji is pretty fun as well.,ANGER,Emotion-Implausible
GoEmo_test_3653,pair_904b,Street Samurai Koji and Ojiisan Koji are my personal favorites. Greased Lightning Koji is pretty fun as well.,DISGUST,Emotion-Implausible
GoEmo_test_3653,pair_904c,Street Samurai Koji and Ojiisan Koji are my personal favorites. Greased Lightning Koji is pretty fun as well.,FEAR,Emotion-Implausible
GoEmo_test_3653,pair_904d,Street Samurai Koji and Ojiisan Koji are my personal favorites. Greased Lightning Koji is pretty fun as well.,SURPRISE,Emotion-Plausible
GoEmo_test_3653,pair_904e,Street Samurai Koji and Ojiisan Koji are my personal favorites. Greased Lightning Koji is pretty fun as well.,NEUTRAL,Emotion-Implausible
GoEmo_test_3653,pair_904f,Street Samurai Koji and Ojiisan Koji are my personal favorites. Greased Lightning Koji is pretty fun as well.,SADNESS,Emotion-Implausible
GoEmo_test_3653,pair_904g,Street Samurai Koji and Ojiisan Koji are my personal favorites. Greased Lightning Koji is pretty fun as well.,JOY,Emotion-Obvious
GoEmo_test_3677,pair_905a,Omg yes lol it’s the story of my life,ANGER,Emotion-Plausible
GoEmo_test_3677,pair_905b,Omg yes lol it’s the story of my life,DISGUST,Emotion-Plausible
GoEmo_test_3677,pair_905c,Omg yes lol it’s the story of my life,FEAR,Emotion-Plausible
GoEmo_test_3677,pair_905d,Omg yes lol it’s the story of my life,SURPRISE,Emotion-Obvious
GoEmo_test_3677,pair_905e,Omg yes lol it’s the story of my life,NEUTRAL,Emotion-Implausible
GoEmo_test_3677,pair_905f,Omg yes lol it’s the story of my life,SADNESS,Emotion-Plausible
GoEmo_test_3677,pair_905g,Omg yes lol it’s the story of my life,JOY,Emotion-Obvious
GoEmo_test_3691,pair_906a,More then a handful is to much anyways. You're all good lady. Confidence is sexy,ANGER,Emotion-Implausible
GoEmo_test_3691,pair_906b,More then a handful is to much anyways. You're all good lady. Confidence is sexy,DISGUST,Emotion-Implausible
GoEmo_test_3691,pair_906c,More then a handful is to much anyways. You're all good lady. Confidence is sexy,FEAR,Emotion-Implausible
GoEmo_test_3691,pair_906d,More then a handful is to much anyways. You're all good lady. Confidence is sexy,SURPRISE,Emotion-Implausible
GoEmo_test_3691,pair_906e,More then a handful is to much anyways. You're all good lady. Confidence is sexy,NEUTRAL,Emotion-Implausible
GoEmo_test_3691,pair_906f,More then a handful is to much anyways. You're all good lady. Confidence is sexy,SADNESS,Emotion-Implausible
GoEmo_test_3691,pair_906g,More then a handful is to much anyways. You're all good lady. Confidence is sexy,JOY,Emotion-Obvious
GoEmo_test_3704,pair_907a,I plan on being respectful lol. I hope he’s there.,ANGER,Emotion-Plausible
GoEmo_test_3704,pair_907b,I plan on being respectful lol. I hope he’s there.,DISGUST,Emotion-Plausible
GoEmo_test_3704,pair_907c,I plan on being respectful lol. I hope he’s there.,FEAR,Emotion-Plausible
GoEmo_test_3704,pair_907d,I plan on being respectful lol. I hope he’s there.,SURPRISE,Emotion-Implausible
GoEmo_test_3704,pair_907e,I plan on being respectful lol. I hope he’s there.,NEUTRAL,Emotion-Implausible
GoEmo_test_3704,pair_907f,I plan on being respectful lol. I hope he’s there.,SADNESS,Emotion-Implausible
GoEmo_test_3704,pair_907g,I plan on being respectful lol. I hope he’s there.,JOY,Emotion-Obvious
GoEmo_test_3708,pair_908a,"Good luck for everyone pronouncing [NAME] name. If he keeps scoring like this, i'll have fun listening some commentators around NHL.",ANGER,Emotion-Implausible
GoEmo_test_3708,pair_908b,"Good luck for everyone pronouncing [NAME] name. If he keeps scoring like this, i'll have fun listening some commentators around NHL.",DISGUST,Emotion-Implausible
GoEmo_test_3708,pair_908c,"Good luck for everyone pronouncing [NAME] name. If he keeps scoring like this, i'll have fun listening some commentators around NHL.",FEAR,Emotion-Implausible
GoEmo_test_3708,pair_908d,"Good luck for everyone pronouncing [NAME] name. If he keeps scoring like this, i'll have fun listening some commentators around NHL.",SURPRISE,Emotion-Implausible
GoEmo_test_3708,pair_908e,"Good luck for everyone pronouncing [NAME] name. If he keeps scoring like this, i'll have fun listening some commentators around NHL.",NEUTRAL,Emotion-Implausible
GoEmo_test_3708,pair_908f,"Good luck for everyone pronouncing [NAME] name. If he keeps scoring like this, i'll have fun listening some commentators around NHL.",SADNESS,Emotion-Implausible
GoEmo_test_3708,pair_908g,"Good luck for everyone pronouncing [NAME] name. If he keeps scoring like this, i'll have fun listening some commentators around NHL.",JOY,Emotion-Obvious
GoEmo_test_3769,pair_909a,Bahahahahaha the life of a fish parent!,ANGER,Emotion-Plausible
GoEmo_test_3769,pair_909b,Bahahahahaha the life of a fish parent!,DISGUST,Emotion-Implausible
GoEmo_test_3769,pair_909c,Bahahahahaha the life of a fish parent!,FEAR,Emotion-Implausible
GoEmo_test_3769,pair_909d,Bahahahahaha the life of a fish parent!,SURPRISE,Emotion-Implausible
GoEmo_test_3769,pair_909e,Bahahahahaha the life of a fish parent!,NEUTRAL,Emotion-Implausible
GoEmo_test_3769,pair_909f,Bahahahahaha the life of a fish parent!,SADNESS,Emotion-Plausible
GoEmo_test_3769,pair_909g,Bahahahahaha the life of a fish parent!,JOY,Emotion-Obvious
GoEmo_test_3789,pair_910a,That's the worst feeling haha,ANGER,Emotion-Implausible
GoEmo_test_3789,pair_910b,That's the worst feeling haha,DISGUST,Emotion-Plausible
GoEmo_test_3789,pair_910c,That's the worst feeling haha,FEAR,Emotion-Implausible
GoEmo_test_3789,pair_910d,That's the worst feeling haha,SURPRISE,Emotion-Plausible
GoEmo_test_3789,pair_910e,That's the worst feeling haha,NEUTRAL,Emotion-Implausible
GoEmo_test_3789,pair_910f,That's the worst feeling haha,SADNESS,Emotion-Obvious
GoEmo_test_3789,pair_910g,That's the worst feeling haha,JOY,Emotion-Plausible
GoEmo_test_3803,pair_911a,Haha i have 2 chinchillas from a manic episode about 8 years ago. They're sweet little things.,ANGER,Emotion-Implausible
GoEmo_test_3803,pair_911b,Haha i have 2 chinchillas from a manic episode about 8 years ago. They're sweet little things.,DISGUST,Emotion-Implausible
GoEmo_test_3803,pair_911c,Haha i have 2 chinchillas from a manic episode about 8 years ago. They're sweet little things.,FEAR,Emotion-Implausible
GoEmo_test_3803,pair_911d,Haha i have 2 chinchillas from a manic episode about 8 years ago. They're sweet little things.,SURPRISE,Emotion-Plausible
GoEmo_test_3803,pair_911e,Haha i have 2 chinchillas from a manic episode about 8 years ago. They're sweet little things.,NEUTRAL,Emotion-Implausible
GoEmo_test_3803,pair_911f,Haha i have 2 chinchillas from a manic episode about 8 years ago. They're sweet little things.,SADNESS,Emotion-Plausible
GoEmo_test_3803,pair_911g,Haha i have 2 chinchillas from a manic episode about 8 years ago. They're sweet little things.,JOY,Emotion-Obvious
GoEmo_test_3807,pair_912a,His entire face is covered by a beard and sunglasses lol,ANGER,Emotion-Plausible
GoEmo_test_3807,pair_912b,His entire face is covered by a beard and sunglasses lol,DISGUST,Emotion-Plausible
GoEmo_test_3807,pair_912c,His entire face is covered by a beard and sunglasses lol,FEAR,Emotion-Plausible
GoEmo_test_3807,pair_912d,His entire face is covered by a beard and sunglasses lol,SURPRISE,Emotion-Plausible
GoEmo_test_3807,pair_912e,His entire face is covered by a beard and sunglasses lol,NEUTRAL,Emotion-Implausible
GoEmo_test_3807,pair_912f,His entire face is covered by a beard and sunglasses lol,SADNESS,Emotion-Plausible
GoEmo_test_3807,pair_912g,His entire face is covered by a beard and sunglasses lol,JOY,Emotion-Obvious
GoEmo_test_3816,pair_913a,"Nope, from Nebraska why? Lmao",ANGER,Emotion-Implausible
GoEmo_test_3816,pair_913b,"Nope, from Nebraska why? Lmao",DISGUST,Emotion-Implausible
GoEmo_test_3816,pair_913c,"Nope, from Nebraska why? Lmao",FEAR,Emotion-Implausible
GoEmo_test_3816,pair_913d,"Nope, from Nebraska why? Lmao",SURPRISE,Emotion-Plausible
GoEmo_test_3816,pair_913e,"Nope, from Nebraska why? Lmao",NEUTRAL,Emotion-Implausible
GoEmo_test_3816,pair_913f,"Nope, from Nebraska why? Lmao",SADNESS,Emotion-Implausible
GoEmo_test_3816,pair_913g,"Nope, from Nebraska why? Lmao",JOY,Emotion-Obvious
GoEmo_test_3840,pair_914a,Sounds fun from what I’m reading on here.,ANGER,Emotion-Plausible
GoEmo_test_3840,pair_914b,Sounds fun from what I’m reading on here.,DISGUST,Emotion-Plausible
GoEmo_test_3840,pair_914c,Sounds fun from what I’m reading on here.,FEAR,Emotion-Plausible
GoEmo_test_3840,pair_914d,Sounds fun from what I’m reading on here.,SURPRISE,Emotion-Plausible
GoEmo_test_3840,pair_914e,Sounds fun from what I’m reading on here.,NEUTRAL,Emotion-Implausible
GoEmo_test_3840,pair_914f,Sounds fun from what I’m reading on here.,SADNESS,Emotion-Plausible
GoEmo_test_3840,pair_914g,Sounds fun from what I’m reading on here.,JOY,Emotion-Obvious
GoEmo_test_3897,pair_915a,its funny because they dont even do anything at the look out tower but stargaze,ANGER,Emotion-Plausible
GoEmo_test_3897,pair_915b,its funny because they dont even do anything at the look out tower but stargaze,DISGUST,Emotion-Plausible
GoEmo_test_3897,pair_915c,its funny because they dont even do anything at the look out tower but stargaze,FEAR,Emotion-Implausible
GoEmo_test_3897,pair_915d,its funny because they dont even do anything at the look out tower but stargaze,SURPRISE,Emotion-Plausible
GoEmo_test_3897,pair_915e,its funny because they dont even do anything at the look out tower but stargaze,NEUTRAL,Emotion-Implausible
GoEmo_test_3897,pair_915f,its funny because they dont even do anything at the look out tower but stargaze,SADNESS,Emotion-Plausible
GoEmo_test_3897,pair_915g,its funny because they dont even do anything at the look out tower but stargaze,JOY,Emotion-Obvious
GoEmo_test_3926,pair_916a,"I honestly don't understand why everyone thinks he needs a rework because he's not ""fun to play"" in the worst game mode.",ANGER,Emotion-Obvious
GoEmo_test_3926,pair_916b,"I honestly don't understand why everyone thinks he needs a rework because he's not ""fun to play"" in the worst game mode.",DISGUST,Emotion-Plausible
GoEmo_test_3926,pair_916c,"I honestly don't understand why everyone thinks he needs a rework because he's not ""fun to play"" in the worst game mode.",FEAR,Emotion-Implausible
GoEmo_test_3926,pair_916d,"I honestly don't understand why everyone thinks he needs a rework because he's not ""fun to play"" in the worst game mode.",SURPRISE,Emotion-Implausible
GoEmo_test_3926,pair_916e,"I honestly don't understand why everyone thinks he needs a rework because he's not ""fun to play"" in the worst game mode.",NEUTRAL,Emotion-Implausible
GoEmo_test_3926,pair_916f,"I honestly don't understand why everyone thinks he needs a rework because he's not ""fun to play"" in the worst game mode.",SADNESS,Emotion-Implausible
GoEmo_test_3926,pair_916g,"I honestly don't understand why everyone thinks he needs a rework because he's not ""fun to play"" in the worst game mode.",JOY,Emotion-Implausible
GoEmo_test_3969,pair_917a,Lol. Thanks for the link.,ANGER,Emotion-Implausible
GoEmo_test_3969,pair_917b,Lol. Thanks for the link.,DISGUST,Emotion-Implausible
GoEmo_test_3969,pair_917c,Lol. Thanks for the link.,FEAR,Emotion-Implausible
GoEmo_test_3969,pair_917d,Lol. Thanks for the link.,SURPRISE,Emotion-Plausible
GoEmo_test_3969,pair_917e,Lol. Thanks for the link.,NEUTRAL,Emotion-Implausible
GoEmo_test_3969,pair_917f,Lol. Thanks for the link.,SADNESS,Emotion-Plausible
GoEmo_test_3969,pair_917g,Lol. Thanks for the link.,JOY,Emotion-Obvious
GoEmo_test_3988,pair_918a,"> His face, mate. He thought he was a goner. Properly lol'd at that and reading all [NAME]' bits in his accent",ANGER,Emotion-Implausible
GoEmo_test_3988,pair_918b,"> His face, mate. He thought he was a goner. Properly lol'd at that and reading all [NAME]' bits in his accent",DISGUST,Emotion-Plausible
GoEmo_test_3988,pair_918c,"> His face, mate. He thought he was a goner. Properly lol'd at that and reading all [NAME]' bits in his accent",FEAR,Emotion-Implausible
GoEmo_test_3988,pair_918d,"> His face, mate. He thought he was a goner. Properly lol'd at that and reading all [NAME]' bits in his accent",SURPRISE,Emotion-Plausible
GoEmo_test_3988,pair_918e,"> His face, mate. He thought he was a goner. Properly lol'd at that and reading all [NAME]' bits in his accent",NEUTRAL,Emotion-Implausible
GoEmo_test_3988,pair_918f,"> His face, mate. He thought he was a goner. Properly lol'd at that and reading all [NAME]' bits in his accent",SADNESS,Emotion-Implausible
GoEmo_test_3988,pair_918g,"> His face, mate. He thought he was a goner. Properly lol'd at that and reading all [NAME]' bits in his accent",JOY,Emotion-Obvious
GoEmo_test_3998,pair_919a,"Lol, like I said, not everything is about you",ANGER,Emotion-Implausible
GoEmo_test_3998,pair_919b,"Lol, like I said, not everything is about you",DISGUST,Emotion-Plausible
GoEmo_test_3998,pair_919c,"Lol, like I said, not everything is about you",FEAR,Emotion-Implausible
GoEmo_test_3998,pair_919d,"Lol, like I said, not everything is about you",SURPRISE,Emotion-Plausible
GoEmo_test_3998,pair_919e,"Lol, like I said, not everything is about you",NEUTRAL,Emotion-Implausible
GoEmo_test_3998,pair_919f,"Lol, like I said, not everything is about you",SADNESS,Emotion-Plausible
GoEmo_test_3998,pair_919g,"Lol, like I said, not everything is about you",JOY,Emotion-Obvious
GoEmo_test_4034,pair_920a,"Idk why ur being downvoted, I thought that's funny",ANGER,Emotion-Plausible
GoEmo_test_4034,pair_920b,"Idk why ur being downvoted, I thought that's funny",DISGUST,Emotion-Implausible
GoEmo_test_4034,pair_920c,"Idk why ur being downvoted, I thought that's funny",FEAR,Emotion-Implausible
GoEmo_test_4034,pair_920d,"Idk why ur being downvoted, I thought that's funny",SURPRISE,Emotion-Obvious
GoEmo_test_4034,pair_920e,"Idk why ur being downvoted, I thought that's funny",NEUTRAL,Emotion-Implausible
GoEmo_test_4034,pair_920f,"Idk why ur being downvoted, I thought that's funny",SADNESS,Emotion-Plausible
GoEmo_test_4034,pair_920g,"Idk why ur being downvoted, I thought that's funny",JOY,Emotion-Plausible
GoEmo_test_4048,pair_921a,"Good times, good timessss lol",ANGER,Emotion-Plausible
GoEmo_test_4048,pair_921b,"Good times, good timessss lol",DISGUST,Emotion-Implausible
GoEmo_test_4048,pair_921c,"Good times, good timessss lol",FEAR,Emotion-Implausible
GoEmo_test_4048,pair_921d,"Good times, good timessss lol",SURPRISE,Emotion-Plausible
GoEmo_test_4048,pair_921e,"Good times, good timessss lol",NEUTRAL,Emotion-Implausible
GoEmo_test_4048,pair_921f,"Good times, good timessss lol",SADNESS,Emotion-Implausible
GoEmo_test_4048,pair_921g,"Good times, good timessss lol",JOY,Emotion-Obvious
GoEmo_test_4056,pair_922a,well we all know what a complex meal sandwiches are! hahaha,ANGER,Emotion-Implausible
GoEmo_test_4056,pair_922b,well we all know what a complex meal sandwiches are! hahaha,DISGUST,Emotion-Plausible
GoEmo_test_4056,pair_922c,well we all know what a complex meal sandwiches are! hahaha,FEAR,Emotion-Implausible
GoEmo_test_4056,pair_922d,well we all know what a complex meal sandwiches are! hahaha,SURPRISE,Emotion-Implausible
GoEmo_test_4056,pair_922e,well we all know what a complex meal sandwiches are! hahaha,NEUTRAL,Emotion-Implausible
GoEmo_test_4056,pair_922f,well we all know what a complex meal sandwiches are! hahaha,SADNESS,Emotion-Implausible
GoEmo_test_4056,pair_922g,well we all know what a complex meal sandwiches are! hahaha,JOY,Emotion-Obvious
GoEmo_test_4101,pair_923a,Because they are triggered. I’m just stating my opinion. It’s a bit fun.,ANGER,Emotion-Plausible
GoEmo_test_4101,pair_923b,Because they are triggered. I’m just stating my opinion. It’s a bit fun.,DISGUST,Emotion-Implausible
GoEmo_test_4101,pair_923c,Because they are triggered. I’m just stating my opinion. It’s a bit fun.,FEAR,Emotion-Implausible
GoEmo_test_4101,pair_923d,Because they are triggered. I’m just stating my opinion. It’s a bit fun.,SURPRISE,Emotion-Implausible
GoEmo_test_4101,pair_923e,Because they are triggered. I’m just stating my opinion. It’s a bit fun.,NEUTRAL,Emotion-Implausible
GoEmo_test_4101,pair_923f,Because they are triggered. I’m just stating my opinion. It’s a bit fun.,SADNESS,Emotion-Implausible
GoEmo_test_4101,pair_923g,Because they are triggered. I’m just stating my opinion. It’s a bit fun.,JOY,Emotion-Obvious
GoEmo_test_4118,pair_924a,"Omg, your screen name made me lol!!",ANGER,Emotion-Implausible
GoEmo_test_4118,pair_924b,"Omg, your screen name made me lol!!",DISGUST,Emotion-Implausible
GoEmo_test_4118,pair_924c,"Omg, your screen name made me lol!!",FEAR,Emotion-Implausible
GoEmo_test_4118,pair_924d,"Omg, your screen name made me lol!!",SURPRISE,Emotion-Obvious
GoEmo_test_4118,pair_924e,"Omg, your screen name made me lol!!",NEUTRAL,Emotion-Implausible
GoEmo_test_4118,pair_924f,"Omg, your screen name made me lol!!",SADNESS,Emotion-Implausible
GoEmo_test_4118,pair_924g,"Omg, your screen name made me lol!!",JOY,Emotion-Obvious
GoEmo_test_4120,pair_925a,Ah does look fun,ANGER,Emotion-Implausible
GoEmo_test_4120,pair_925b,Ah does look fun,DISGUST,Emotion-Plausible
GoEmo_test_4120,pair_925c,Ah does look fun,FEAR,Emotion-Implausible
GoEmo_test_4120,pair_925d,Ah does look fun,SURPRISE,Emotion-Plausible
GoEmo_test_4120,pair_925e,Ah does look fun,NEUTRAL,Emotion-Implausible
GoEmo_test_4120,pair_925f,Ah does look fun,SADNESS,Emotion-Plausible
GoEmo_test_4120,pair_925g,Ah does look fun,JOY,Emotion-Obvious
GoEmo_test_4143,pair_926a,These memes are either on a 9gag level or r/funny levels of comedy. And I can't tell which is worse.,ANGER,Emotion-Obvious
GoEmo_test_4143,pair_926b,These memes are either on a 9gag level or r/funny levels of comedy. And I can't tell which is worse.,DISGUST,Emotion-Obvious
GoEmo_test_4143,pair_926c,These memes are either on a 9gag level or r/funny levels of comedy. And I can't tell which is worse.,FEAR,Emotion-Implausible
GoEmo_test_4143,pair_926d,These memes are either on a 9gag level or r/funny levels of comedy. And I can't tell which is worse.,SURPRISE,Emotion-Implausible
GoEmo_test_4143,pair_926e,These memes are either on a 9gag level or r/funny levels of comedy. And I can't tell which is worse.,NEUTRAL,Emotion-Implausible
GoEmo_test_4143,pair_926f,These memes are either on a 9gag level or r/funny levels of comedy. And I can't tell which is worse.,SADNESS,Emotion-Plausible
GoEmo_test_4143,pair_926g,These memes are either on a 9gag level or r/funny levels of comedy. And I can't tell which is worse.,JOY,Emotion-Implausible
GoEmo_test_4155,pair_927a,I'd enjoy a nice warm hug. Along with a delightful conversation. But that works too.,ANGER,Emotion-Plausible
GoEmo_test_4155,pair_927b,I'd enjoy a nice warm hug. Along with a delightful conversation. But that works too.,DISGUST,Emotion-Implausible
GoEmo_test_4155,pair_927c,I'd enjoy a nice warm hug. Along with a delightful conversation. But that works too.,FEAR,Emotion-Implausible
GoEmo_test_4155,pair_927d,I'd enjoy a nice warm hug. Along with a delightful conversation. But that works too.,SURPRISE,Emotion-Implausible
GoEmo_test_4155,pair_927e,I'd enjoy a nice warm hug. Along with a delightful conversation. But that works too.,NEUTRAL,Emotion-Implausible
GoEmo_test_4155,pair_927f,I'd enjoy a nice warm hug. Along with a delightful conversation. But that works too.,SADNESS,Emotion-Plausible
GoEmo_test_4155,pair_927g,I'd enjoy a nice warm hug. Along with a delightful conversation. But that works too.,JOY,Emotion-Obvious
GoEmo_test_4156,pair_928a,Ohh I love bag designs,ANGER,Emotion-Plausible
GoEmo_test_4156,pair_928b,Ohh I love bag designs,DISGUST,Emotion-Plausible
GoEmo_test_4156,pair_928c,Ohh I love bag designs,FEAR,Emotion-Implausible
GoEmo_test_4156,pair_928d,Ohh I love bag designs,SURPRISE,Emotion-Plausible
GoEmo_test_4156,pair_928e,Ohh I love bag designs,NEUTRAL,Emotion-Implausible
GoEmo_test_4156,pair_928f,Ohh I love bag designs,SADNESS,Emotion-Implausible
GoEmo_test_4156,pair_928g,Ohh I love bag designs,JOY,Emotion-Obvious
GoEmo_test_4157,pair_929a,"I'm tired, but I can't sleep.",ANGER,Emotion-Plausible
GoEmo_test_4157,pair_929b,"I'm tired, but I can't sleep.",DISGUST,Emotion-Implausible
GoEmo_test_4157,pair_929c,"I'm tired, but I can't sleep.",FEAR,Emotion-Plausible
GoEmo_test_4157,pair_929d,"I'm tired, but I can't sleep.",SURPRISE,Emotion-Implausible
GoEmo_test_4157,pair_929e,"I'm tired, but I can't sleep.",NEUTRAL,Emotion-Implausible
GoEmo_test_4157,pair_929f,"I'm tired, but I can't sleep.",SADNESS,Emotion-Plausible
GoEmo_test_4157,pair_929g,"I'm tired, but I can't sleep.",JOY,Emotion-Implausible
GoEmo_test_4158,pair_930a,Doesn't NY and NJ have reciprocity? Why did he have to take the NY bar at all?,ANGER,Emotion-Obvious
GoEmo_test_4158,pair_930b,Doesn't NY and NJ have reciprocity? Why did he have to take the NY bar at all?,DISGUST,Emotion-Plausible
GoEmo_test_4158,pair_930c,Doesn't NY and NJ have reciprocity? Why did he have to take the NY bar at all?,FEAR,Emotion-Plausible
GoEmo_test_4158,pair_930d,Doesn't NY and NJ have reciprocity? Why did he have to take the NY bar at all?,SURPRISE,Emotion-Obvious
GoEmo_test_4158,pair_930e,Doesn't NY and NJ have reciprocity? Why did he have to take the NY bar at all?,NEUTRAL,Emotion-Implausible
GoEmo_test_4158,pair_930f,Doesn't NY and NJ have reciprocity? Why did he have to take the NY bar at all?,SADNESS,Emotion-Plausible
GoEmo_test_4158,pair_930g,Doesn't NY and NJ have reciprocity? Why did he have to take the NY bar at all?,JOY,Emotion-Plausible
GoEmo_test_4159,pair_931a,They are so old and so predictable that they can NOT see how “silly” they look when they post articles like this......,ANGER,Emotion-Obvious
GoEmo_test_4159,pair_931b,They are so old and so predictable that they can NOT see how “silly” they look when they post articles like this......,DISGUST,Emotion-Obvious
GoEmo_test_4159,pair_931c,They are so old and so predictable that they can NOT see how “silly” they look when they post articles like this......,FEAR,Emotion-Implausible
GoEmo_test_4159,pair_931d,They are so old and so predictable that they can NOT see how “silly” they look when they post articles like this......,SURPRISE,Emotion-Implausible
GoEmo_test_4159,pair_931e,They are so old and so predictable that they can NOT see how “silly” they look when they post articles like this......,NEUTRAL,Emotion-Implausible
GoEmo_test_4159,pair_931f,They are so old and so predictable that they can NOT see how “silly” they look when they post articles like this......,SADNESS,Emotion-Plausible
GoEmo_test_4159,pair_931g,They are so old and so predictable that they can NOT see how “silly” they look when they post articles like this......,JOY,Emotion-Implausible
GoEmo_test_4199,pair_932a,Because she wanted to look at the American girls lol,ANGER,Emotion-Plausible
GoEmo_test_4199,pair_932b,Because she wanted to look at the American girls lol,DISGUST,Emotion-Plausible
GoEmo_test_4199,pair_932c,Because she wanted to look at the American girls lol,FEAR,Emotion-Plausible
GoEmo_test_4199,pair_932d,Because she wanted to look at the American girls lol,SURPRISE,Emotion-Plausible
GoEmo_test_4199,pair_932e,Because she wanted to look at the American girls lol,NEUTRAL,Emotion-Plausible
GoEmo_test_4199,pair_932f,Because she wanted to look at the American girls lol,SADNESS,Emotion-Plausible
GoEmo_test_4199,pair_932g,Because she wanted to look at the American girls lol,JOY,Emotion-Obvious
GoEmo_test_4201,pair_933a,"Haha, looks like it.",ANGER,Emotion-Implausible
GoEmo_test_4201,pair_933b,"Haha, looks like it.",DISGUST,Emotion-Plausible
GoEmo_test_4201,pair_933c,"Haha, looks like it.",FEAR,Emotion-Implausible
GoEmo_test_4201,pair_933d,"Haha, looks like it.",SURPRISE,Emotion-Plausible
GoEmo_test_4201,pair_933e,"Haha, looks like it.",NEUTRAL,Emotion-Implausible
GoEmo_test_4201,pair_933f,"Haha, looks like it.",SADNESS,Emotion-Plausible
GoEmo_test_4201,pair_933g,"Haha, looks like it.",JOY,Emotion-Obvious
GoEmo_test_4232,pair_934a,"I'm 5'6"" and three quarters haha. Have hair though.",ANGER,Emotion-Implausible
GoEmo_test_4232,pair_934b,"I'm 5'6"" and three quarters haha. Have hair though.",DISGUST,Emotion-Implausible
GoEmo_test_4232,pair_934c,"I'm 5'6"" and three quarters haha. Have hair though.",FEAR,Emotion-Implausible
GoEmo_test_4232,pair_934d,"I'm 5'6"" and three quarters haha. Have hair though.",SURPRISE,Emotion-Implausible
GoEmo_test_4232,pair_934e,"I'm 5'6"" and three quarters haha. Have hair though.",NEUTRAL,Emotion-Implausible
GoEmo_test_4232,pair_934f,"I'm 5'6"" and three quarters haha. Have hair though.",SADNESS,Emotion-Implausible
GoEmo_test_4232,pair_934g,"I'm 5'6"" and three quarters haha. Have hair though.",JOY,Emotion-Obvious
GoEmo_test_4237,pair_935a,It's good worrying about things that can be helped. Lol,ANGER,Emotion-Plausible
GoEmo_test_4237,pair_935b,It's good worrying about things that can be helped. Lol,DISGUST,Emotion-Implausible
GoEmo_test_4237,pair_935c,It's good worrying about things that can be helped. Lol,FEAR,Emotion-Implausible
GoEmo_test_4237,pair_935d,It's good worrying about things that can be helped. Lol,SURPRISE,Emotion-Implausible
GoEmo_test_4237,pair_935e,It's good worrying about things that can be helped. Lol,NEUTRAL,Emotion-Plausible
GoEmo_test_4237,pair_935f,It's good worrying about things that can be helped. Lol,SADNESS,Emotion-Plausible
GoEmo_test_4237,pair_935g,It's good worrying about things that can be helped. Lol,JOY,Emotion-Plausible
GoEmo_test_4288,pair_936a,Twins.. my first time having having a child and I get twins. This is gonna be a ride lol,ANGER,Emotion-Implausible
GoEmo_test_4288,pair_936b,Twins.. my first time having having a child and I get twins. This is gonna be a ride lol,DISGUST,Emotion-Implausible
GoEmo_test_4288,pair_936c,Twins.. my first time having having a child and I get twins. This is gonna be a ride lol,FEAR,Emotion-Obvious
GoEmo_test_4288,pair_936d,Twins.. my first time having having a child and I get twins. This is gonna be a ride lol,SURPRISE,Emotion-Obvious
GoEmo_test_4288,pair_936e,Twins.. my first time having having a child and I get twins. This is gonna be a ride lol,NEUTRAL,Emotion-Implausible
GoEmo_test_4288,pair_936f,Twins.. my first time having having a child and I get twins. This is gonna be a ride lol,SADNESS,Emotion-Plausible
GoEmo_test_4288,pair_936g,Twins.. my first time having having a child and I get twins. This is gonna be a ride lol,JOY,Emotion-Obvious
GoEmo_test_4303,pair_937a,THE ONLY RUMOR I'VE EVER HEARD IS WHETHER OR NOT THE SEARCH FUNCTION EXISTS. SPOILER ALERT: IT DOES.,ANGER,Emotion-Obvious
GoEmo_test_4303,pair_937b,THE ONLY RUMOR I'VE EVER HEARD IS WHETHER OR NOT THE SEARCH FUNCTION EXISTS. SPOILER ALERT: IT DOES.,DISGUST,Emotion-Plausible
GoEmo_test_4303,pair_937c,THE ONLY RUMOR I'VE EVER HEARD IS WHETHER OR NOT THE SEARCH FUNCTION EXISTS. SPOILER ALERT: IT DOES.,FEAR,Emotion-Implausible
GoEmo_test_4303,pair_937d,THE ONLY RUMOR I'VE EVER HEARD IS WHETHER OR NOT THE SEARCH FUNCTION EXISTS. SPOILER ALERT: IT DOES.,SURPRISE,Emotion-Implausible
GoEmo_test_4303,pair_937e,THE ONLY RUMOR I'VE EVER HEARD IS WHETHER OR NOT THE SEARCH FUNCTION EXISTS. SPOILER ALERT: IT DOES.,NEUTRAL,Emotion-Implausible
GoEmo_test_4303,pair_937f,THE ONLY RUMOR I'VE EVER HEARD IS WHETHER OR NOT THE SEARCH FUNCTION EXISTS. SPOILER ALERT: IT DOES.,SADNESS,Emotion-Implausible
GoEmo_test_4303,pair_937g,THE ONLY RUMOR I'VE EVER HEARD IS WHETHER OR NOT THE SEARCH FUNCTION EXISTS. SPOILER ALERT: IT DOES.,JOY,Emotion-Plausible
GoEmo_test_4347,pair_938a,The junkies that hang around there can make some good jokes about getting blitz'd,ANGER,Emotion-Plausible
GoEmo_test_4347,pair_938b,The junkies that hang around there can make some good jokes about getting blitz'd,DISGUST,Emotion-Plausible
GoEmo_test_4347,pair_938c,The junkies that hang around there can make some good jokes about getting blitz'd,FEAR,Emotion-Implausible
GoEmo_test_4347,pair_938d,The junkies that hang around there can make some good jokes about getting blitz'd,SURPRISE,Emotion-Plausible
GoEmo_test_4347,pair_938e,The junkies that hang around there can make some good jokes about getting blitz'd,NEUTRAL,Emotion-Implausible
GoEmo_test_4347,pair_938f,The junkies that hang around there can make some good jokes about getting blitz'd,SADNESS,Emotion-Implausible
GoEmo_test_4347,pair_938g,The junkies that hang around there can make some good jokes about getting blitz'd,JOY,Emotion-Plausible
GoEmo_test_4350,pair_939a,That's when they brew their second cuppa before work haha,ANGER,Emotion-Plausible
GoEmo_test_4350,pair_939b,That's when they brew their second cuppa before work haha,DISGUST,Emotion-Plausible
GoEmo_test_4350,pair_939c,That's when they brew their second cuppa before work haha,FEAR,Emotion-Implausible
GoEmo_test_4350,pair_939d,That's when they brew their second cuppa before work haha,SURPRISE,Emotion-Plausible
GoEmo_test_4350,pair_939e,That's when they brew their second cuppa before work haha,NEUTRAL,Emotion-Implausible
GoEmo_test_4350,pair_939f,That's when they brew their second cuppa before work haha,SADNESS,Emotion-Plausible
GoEmo_test_4350,pair_939g,That's when they brew their second cuppa before work haha,JOY,Emotion-Obvious
GoEmo_test_4358,pair_940a,haha packing it in already after a regular season loss,ANGER,Emotion-Plausible
GoEmo_test_4358,pair_940b,haha packing it in already after a regular season loss,DISGUST,Emotion-Plausible
GoEmo_test_4358,pair_940c,haha packing it in already after a regular season loss,FEAR,Emotion-Implausible
GoEmo_test_4358,pair_940d,haha packing it in already after a regular season loss,SURPRISE,Emotion-Obvious
GoEmo_test_4358,pair_940e,haha packing it in already after a regular season loss,NEUTRAL,Emotion-Implausible
GoEmo_test_4358,pair_940f,haha packing it in already after a regular season loss,SADNESS,Emotion-Implausible
GoEmo_test_4358,pair_940g,haha packing it in already after a regular season loss,JOY,Emotion-Obvious
GoEmo_test_4373,pair_941a,"Yeah lol, my bad.",ANGER,Emotion-Plausible
GoEmo_test_4373,pair_941b,"Yeah lol, my bad.",DISGUST,Emotion-Implausible
GoEmo_test_4373,pair_941c,"Yeah lol, my bad.",FEAR,Emotion-Implausible
GoEmo_test_4373,pair_941d,"Yeah lol, my bad.",SURPRISE,Emotion-Plausible
GoEmo_test_4373,pair_941e,"Yeah lol, my bad.",NEUTRAL,Emotion-Implausible
GoEmo_test_4373,pair_941f,"Yeah lol, my bad.",SADNESS,Emotion-Plausible
GoEmo_test_4373,pair_941g,"Yeah lol, my bad.",JOY,Emotion-Obvious
GoEmo_test_4414,pair_942a,No I meant like did they then forget and ask a follow up question. Basically making the situation more funny.,ANGER,Emotion-Plausible
GoEmo_test_4414,pair_942b,No I meant like did they then forget and ask a follow up question. Basically making the situation more funny.,DISGUST,Emotion-Implausible
GoEmo_test_4414,pair_942c,No I meant like did they then forget and ask a follow up question. Basically making the situation more funny.,FEAR,Emotion-Implausible
GoEmo_test_4414,pair_942d,No I meant like did they then forget and ask a follow up question. Basically making the situation more funny.,SURPRISE,Emotion-Plausible
GoEmo_test_4414,pair_942e,No I meant like did they then forget and ask a follow up question. Basically making the situation more funny.,NEUTRAL,Emotion-Implausible
GoEmo_test_4414,pair_942f,No I meant like did they then forget and ask a follow up question. Basically making the situation more funny.,SADNESS,Emotion-Implausible
GoEmo_test_4414,pair_942g,No I meant like did they then forget and ask a follow up question. Basically making the situation more funny.,JOY,Emotion-Obvious
GoEmo_test_4432,pair_943a,Hahahahhahhaha!!! Thats the right wing in a nutshell.....,ANGER,Emotion-Implausible
GoEmo_test_4432,pair_943b,Hahahahhahhaha!!! Thats the right wing in a nutshell.....,DISGUST,Emotion-Obvious
GoEmo_test_4432,pair_943c,Hahahahhahhaha!!! Thats the right wing in a nutshell.....,FEAR,Emotion-Implausible
GoEmo_test_4432,pair_943d,Hahahahhahhaha!!! Thats the right wing in a nutshell.....,SURPRISE,Emotion-Implausible
GoEmo_test_4432,pair_943e,Hahahahhahhaha!!! Thats the right wing in a nutshell.....,NEUTRAL,Emotion-Implausible
GoEmo_test_4432,pair_943f,Hahahahhahhaha!!! Thats the right wing in a nutshell.....,SADNESS,Emotion-Implausible
GoEmo_test_4432,pair_943g,Hahahahhahhaha!!! Thats the right wing in a nutshell.....,JOY,Emotion-Obvious
GoEmo_test_4435,pair_944a,i feel like slapping /s after everything sucks the fun out. it's not my fault people are autistic.... /s,ANGER,Emotion-Obvious
GoEmo_test_4435,pair_944b,i feel like slapping /s after everything sucks the fun out. it's not my fault people are autistic.... /s,DISGUST,Emotion-Obvious
GoEmo_test_4435,pair_944c,i feel like slapping /s after everything sucks the fun out. it's not my fault people are autistic.... /s,FEAR,Emotion-Implausible
GoEmo_test_4435,pair_944d,i feel like slapping /s after everything sucks the fun out. it's not my fault people are autistic.... /s,SURPRISE,Emotion-Implausible
GoEmo_test_4435,pair_944e,i feel like slapping /s after everything sucks the fun out. it's not my fault people are autistic.... /s,NEUTRAL,Emotion-Implausible
GoEmo_test_4435,pair_944f,i feel like slapping /s after everything sucks the fun out. it's not my fault people are autistic.... /s,SADNESS,Emotion-Plausible
GoEmo_test_4435,pair_944g,i feel like slapping /s after everything sucks the fun out. it's not my fault people are autistic.... /s,JOY,Emotion-Implausible
GoEmo_test_4437,pair_945a,I can’t believe sb found this even remotely funny.,ANGER,Emotion-Plausible
GoEmo_test_4437,pair_945b,I can’t believe sb found this even remotely funny.,DISGUST,Emotion-Plausible
GoEmo_test_4437,pair_945c,I can’t believe sb found this even remotely funny.,FEAR,Emotion-Implausible
GoEmo_test_4437,pair_945d,I can’t believe sb found this even remotely funny.,SURPRISE,Emotion-Obvious
GoEmo_test_4437,pair_945e,I can’t believe sb found this even remotely funny.,NEUTRAL,Emotion-Implausible
GoEmo_test_4437,pair_945f,I can’t believe sb found this even remotely funny.,SADNESS,Emotion-Plausible
GoEmo_test_4437,pair_945g,I can’t believe sb found this even remotely funny.,JOY,Emotion-Implausible
GoEmo_test_4579,pair_946a,"Why can’t we do both, approve wall funding and more border agents now and stop holding 800k federal workers hostage.",ANGER,Emotion-Obvious
GoEmo_test_4579,pair_946b,"Why can’t we do both, approve wall funding and more border agents now and stop holding 800k federal workers hostage.",DISGUST,Emotion-Plausible
GoEmo_test_4579,pair_946c,"Why can’t we do both, approve wall funding and more border agents now and stop holding 800k federal workers hostage.",FEAR,Emotion-Implausible
GoEmo_test_4579,pair_946d,"Why can’t we do both, approve wall funding and more border agents now and stop holding 800k federal workers hostage.",SURPRISE,Emotion-Plausible
GoEmo_test_4579,pair_946e,"Why can’t we do both, approve wall funding and more border agents now and stop holding 800k federal workers hostage.",NEUTRAL,Emotion-Implausible
GoEmo_test_4579,pair_946f,"Why can’t we do both, approve wall funding and more border agents now and stop holding 800k federal workers hostage.",SADNESS,Emotion-Plausible
GoEmo_test_4579,pair_946g,"Why can’t we do both, approve wall funding and more border agents now and stop holding 800k federal workers hostage.",JOY,Emotion-Implausible
GoEmo_test_4591,pair_947a,You are goddam funny sir,ANGER,Emotion-Implausible
GoEmo_test_4591,pair_947b,You are goddam funny sir,DISGUST,Emotion-Plausible
GoEmo_test_4591,pair_947c,You are goddam funny sir,FEAR,Emotion-Implausible
GoEmo_test_4591,pair_947d,You are goddam funny sir,SURPRISE,Emotion-Plausible
GoEmo_test_4591,pair_947e,You are goddam funny sir,NEUTRAL,Emotion-Implausible
GoEmo_test_4591,pair_947f,You are goddam funny sir,SADNESS,Emotion-Implausible
GoEmo_test_4591,pair_947g,You are goddam funny sir,JOY,Emotion-Obvious
GoEmo_test_4604,pair_948a,my parents did this for 8 years. apparently it’s a lot of fun,ANGER,Emotion-Plausible
GoEmo_test_4604,pair_948b,my parents did this for 8 years. apparently it’s a lot of fun,DISGUST,Emotion-Plausible
GoEmo_test_4604,pair_948c,my parents did this for 8 years. apparently it’s a lot of fun,FEAR,Emotion-Plausible
GoEmo_test_4604,pair_948d,my parents did this for 8 years. apparently it’s a lot of fun,SURPRISE,Emotion-Plausible
GoEmo_test_4604,pair_948e,my parents did this for 8 years. apparently it’s a lot of fun,NEUTRAL,Emotion-Obvious
GoEmo_test_4604,pair_948f,my parents did this for 8 years. apparently it’s a lot of fun,SADNESS,Emotion-Plausible
GoEmo_test_4604,pair_948g,my parents did this for 8 years. apparently it’s a lot of fun,JOY,Emotion-Plausible
GoEmo_test_4611,pair_949a,Sitting at home drunk waiting for my tech to charge so I can sit out back and listen to music lol,ANGER,Emotion-Implausible
GoEmo_test_4611,pair_949b,Sitting at home drunk waiting for my tech to charge so I can sit out back and listen to music lol,DISGUST,Emotion-Plausible
GoEmo_test_4611,pair_949c,Sitting at home drunk waiting for my tech to charge so I can sit out back and listen to music lol,FEAR,Emotion-Implausible
GoEmo_test_4611,pair_949d,Sitting at home drunk waiting for my tech to charge so I can sit out back and listen to music lol,SURPRISE,Emotion-Implausible
GoEmo_test_4611,pair_949e,Sitting at home drunk waiting for my tech to charge so I can sit out back and listen to music lol,NEUTRAL,Emotion-Implausible
GoEmo_test_4611,pair_949f,Sitting at home drunk waiting for my tech to charge so I can sit out back and listen to music lol,SADNESS,Emotion-Plausible
GoEmo_test_4611,pair_949g,Sitting at home drunk waiting for my tech to charge so I can sit out back and listen to music lol,JOY,Emotion-Obvious
GoEmo_test_4666,pair_950a,I’m not sure are we now taking the word of the FBI and Navy as legitimate sources or what’s happening here lol?,ANGER,Emotion-Plausible
GoEmo_test_4666,pair_950b,I’m not sure are we now taking the word of the FBI and Navy as legitimate sources or what’s happening here lol?,DISGUST,Emotion-Plausible
GoEmo_test_4666,pair_950c,I’m not sure are we now taking the word of the FBI and Navy as legitimate sources or what’s happening here lol?,FEAR,Emotion-Plausible
GoEmo_test_4666,pair_950d,I’m not sure are we now taking the word of the FBI and Navy as legitimate sources or what’s happening here lol?,SURPRISE,Emotion-Obvious
GoEmo_test_4666,pair_950e,I’m not sure are we now taking the word of the FBI and Navy as legitimate sources or what’s happening here lol?,NEUTRAL,Emotion-Implausible
GoEmo_test_4666,pair_950f,I’m not sure are we now taking the word of the FBI and Navy as legitimate sources or what’s happening here lol?,SADNESS,Emotion-Implausible
GoEmo_test_4666,pair_950g,I’m not sure are we now taking the word of the FBI and Navy as legitimate sources or what’s happening here lol?,JOY,Emotion-Plausible
GoEmo_test_4669,pair_951a,"Could not agree more. Personally, I love watching any comp at pro level. GOATS is fun to watch the micro play and ability timings and synergy",ANGER,Emotion-Implausible
GoEmo_test_4669,pair_951b,"Could not agree more. Personally, I love watching any comp at pro level. GOATS is fun to watch the micro play and ability timings and synergy",DISGUST,Emotion-Implausible
GoEmo_test_4669,pair_951c,"Could not agree more. Personally, I love watching any comp at pro level. GOATS is fun to watch the micro play and ability timings and synergy",FEAR,Emotion-Implausible
GoEmo_test_4669,pair_951d,"Could not agree more. Personally, I love watching any comp at pro level. GOATS is fun to watch the micro play and ability timings and synergy",SURPRISE,Emotion-Implausible
GoEmo_test_4669,pair_951e,"Could not agree more. Personally, I love watching any comp at pro level. GOATS is fun to watch the micro play and ability timings and synergy",NEUTRAL,Emotion-Implausible
GoEmo_test_4669,pair_951f,"Could not agree more. Personally, I love watching any comp at pro level. GOATS is fun to watch the micro play and ability timings and synergy",SADNESS,Emotion-Implausible
GoEmo_test_4669,pair_951g,"Could not agree more. Personally, I love watching any comp at pro level. GOATS is fun to watch the micro play and ability timings and synergy",JOY,Emotion-Obvious
GoEmo_test_4718,pair_952a,"I saw that fan art once, where [NAME] is drawn as [NAME], and its funny cause they're both my favorite characters in Persona and Jojo",ANGER,Emotion-Implausible
GoEmo_test_4718,pair_952b,"I saw that fan art once, where [NAME] is drawn as [NAME], and its funny cause they're both my favorite characters in Persona and Jojo",DISGUST,Emotion-Implausible
GoEmo_test_4718,pair_952c,"I saw that fan art once, where [NAME] is drawn as [NAME], and its funny cause they're both my favorite characters in Persona and Jojo",FEAR,Emotion-Implausible
GoEmo_test_4718,pair_952d,"I saw that fan art once, where [NAME] is drawn as [NAME], and its funny cause they're both my favorite characters in Persona and Jojo",SURPRISE,Emotion-Plausible
GoEmo_test_4718,pair_952e,"I saw that fan art once, where [NAME] is drawn as [NAME], and its funny cause they're both my favorite characters in Persona and Jojo",NEUTRAL,Emotion-Implausible
GoEmo_test_4718,pair_952f,"I saw that fan art once, where [NAME] is drawn as [NAME], and its funny cause they're both my favorite characters in Persona and Jojo",SADNESS,Emotion-Implausible
GoEmo_test_4718,pair_952g,"I saw that fan art once, where [NAME] is drawn as [NAME], and its funny cause they're both my favorite characters in Persona and Jojo",JOY,Emotion-Obvious
GoEmo_test_4757,pair_953a,Hahaha for real..,ANGER,Emotion-Plausible
GoEmo_test_4757,pair_953b,Hahaha for real..,DISGUST,Emotion-Plausible
GoEmo_test_4757,pair_953c,Hahaha for real..,FEAR,Emotion-Implausible
GoEmo_test_4757,pair_953d,Hahaha for real..,SURPRISE,Emotion-Plausible
GoEmo_test_4757,pair_953e,Hahaha for real..,NEUTRAL,Emotion-Implausible
GoEmo_test_4757,pair_953f,Hahaha for real..,SADNESS,Emotion-Plausible
GoEmo_test_4757,pair_953g,Hahaha for real..,JOY,Emotion-Obvious
GoEmo_test_4818,pair_954a,Certainly not haha,ANGER,Emotion-Plausible
GoEmo_test_4818,pair_954b,Certainly not haha,DISGUST,Emotion-Plausible
GoEmo_test_4818,pair_954c,Certainly not haha,FEAR,Emotion-Plausible
GoEmo_test_4818,pair_954d,Certainly not haha,SURPRISE,Emotion-Plausible
GoEmo_test_4818,pair_954e,Certainly not haha,NEUTRAL,Emotion-Implausible
GoEmo_test_4818,pair_954f,Certainly not haha,SADNESS,Emotion-Plausible
GoEmo_test_4818,pair_954g,Certainly not haha,JOY,Emotion-Plausible
GoEmo_test_4823,pair_955a,Every single time a person has demanded to see an MD rather than me I have appreciated the dodged bullet. It's never fun for the physician.,ANGER,Emotion-Plausible
GoEmo_test_4823,pair_955b,Every single time a person has demanded to see an MD rather than me I have appreciated the dodged bullet. It's never fun for the physician.,DISGUST,Emotion-Plausible
GoEmo_test_4823,pair_955c,Every single time a person has demanded to see an MD rather than me I have appreciated the dodged bullet. It's never fun for the physician.,FEAR,Emotion-Implausible
GoEmo_test_4823,pair_955d,Every single time a person has demanded to see an MD rather than me I have appreciated the dodged bullet. It's never fun for the physician.,SURPRISE,Emotion-Implausible
GoEmo_test_4823,pair_955e,Every single time a person has demanded to see an MD rather than me I have appreciated the dodged bullet. It's never fun for the physician.,NEUTRAL,Emotion-Implausible
GoEmo_test_4823,pair_955f,Every single time a person has demanded to see an MD rather than me I have appreciated the dodged bullet. It's never fun for the physician.,SADNESS,Emotion-Plausible
GoEmo_test_4823,pair_955g,Every single time a person has demanded to see an MD rather than me I have appreciated the dodged bullet. It's never fun for the physician.,JOY,Emotion-Plausible
GoEmo_test_4831,pair_956a,Just speak with a Sheffield accent lmao,ANGER,Emotion-Implausible
GoEmo_test_4831,pair_956b,Just speak with a Sheffield accent lmao,DISGUST,Emotion-Plausible
GoEmo_test_4831,pair_956c,Just speak with a Sheffield accent lmao,FEAR,Emotion-Implausible
GoEmo_test_4831,pair_956d,Just speak with a Sheffield accent lmao,SURPRISE,Emotion-Implausible
GoEmo_test_4831,pair_956e,Just speak with a Sheffield accent lmao,NEUTRAL,Emotion-Implausible
GoEmo_test_4831,pair_956f,Just speak with a Sheffield accent lmao,SADNESS,Emotion-Implausible
GoEmo_test_4831,pair_956g,Just speak with a Sheffield accent lmao,JOY,Emotion-Obvious
GoEmo_test_4834,pair_957a,sounds like you are a man who is uncomfortable with women's sexuality.,ANGER,Emotion-Obvious
GoEmo_test_4834,pair_957b,sounds like you are a man who is uncomfortable with women's sexuality.,DISGUST,Emotion-Plausible
GoEmo_test_4834,pair_957c,sounds like you are a man who is uncomfortable with women's sexuality.,FEAR,Emotion-Implausible
GoEmo_test_4834,pair_957d,sounds like you are a man who is uncomfortable with women's sexuality.,SURPRISE,Emotion-Plausible
GoEmo_test_4834,pair_957e,sounds like you are a man who is uncomfortable with women's sexuality.,NEUTRAL,Emotion-Implausible
GoEmo_test_4834,pair_957f,sounds like you are a man who is uncomfortable with women's sexuality.,SADNESS,Emotion-Plausible
GoEmo_test_4834,pair_957g,sounds like you are a man who is uncomfortable with women's sexuality.,JOY,Emotion-Implausible
GoEmo_test_4882,pair_958a,I sort of did lol. I think what I mean is that you cant look at it as an alternative to rdp,ANGER,Emotion-Plausible
GoEmo_test_4882,pair_958b,I sort of did lol. I think what I mean is that you cant look at it as an alternative to rdp,DISGUST,Emotion-Implausible
GoEmo_test_4882,pair_958c,I sort of did lol. I think what I mean is that you cant look at it as an alternative to rdp,FEAR,Emotion-Plausible
GoEmo_test_4882,pair_958d,I sort of did lol. I think what I mean is that you cant look at it as an alternative to rdp,SURPRISE,Emotion-Plausible
GoEmo_test_4882,pair_958e,I sort of did lol. I think what I mean is that you cant look at it as an alternative to rdp,NEUTRAL,Emotion-Implausible
GoEmo_test_4882,pair_958f,I sort of did lol. I think what I mean is that you cant look at it as an alternative to rdp,SADNESS,Emotion-Implausible
GoEmo_test_4882,pair_958g,I sort of did lol. I think what I mean is that you cant look at it as an alternative to rdp,JOY,Emotion-Obvious
GoEmo_test_4927,pair_959a,Lol found the neckbeard,ANGER,Emotion-Implausible
GoEmo_test_4927,pair_959b,Lol found the neckbeard,DISGUST,Emotion-Plausible
GoEmo_test_4927,pair_959c,Lol found the neckbeard,FEAR,Emotion-Implausible
GoEmo_test_4927,pair_959d,Lol found the neckbeard,SURPRISE,Emotion-Plausible
GoEmo_test_4927,pair_959e,Lol found the neckbeard,NEUTRAL,Emotion-Implausible
GoEmo_test_4927,pair_959f,Lol found the neckbeard,SADNESS,Emotion-Plausible
GoEmo_test_4927,pair_959g,Lol found the neckbeard,JOY,Emotion-Obvious
GoEmo_test_4928,pair_960a,Oh? There's financial trouble in heaven? Lol,ANGER,Emotion-Plausible
GoEmo_test_4928,pair_960b,Oh? There's financial trouble in heaven? Lol,DISGUST,Emotion-Plausible
GoEmo_test_4928,pair_960c,Oh? There's financial trouble in heaven? Lol,FEAR,Emotion-Implausible
GoEmo_test_4928,pair_960d,Oh? There's financial trouble in heaven? Lol,SURPRISE,Emotion-Obvious
GoEmo_test_4928,pair_960e,Oh? There's financial trouble in heaven? Lol,NEUTRAL,Emotion-Implausible
GoEmo_test_4928,pair_960f,Oh? There's financial trouble in heaven? Lol,SADNESS,Emotion-Implausible
GoEmo_test_4928,pair_960g,Oh? There's financial trouble in heaven? Lol,JOY,Emotion-Obvious
GoEmo_test_4988,pair_961a,Congratulations. You posted the famous very first lolcat picture.,ANGER,Emotion-Implausible
GoEmo_test_4988,pair_961b,Congratulations. You posted the famous very first lolcat picture.,DISGUST,Emotion-Implausible
GoEmo_test_4988,pair_961c,Congratulations. You posted the famous very first lolcat picture.,FEAR,Emotion-Implausible
GoEmo_test_4988,pair_961d,Congratulations. You posted the famous very first lolcat picture.,SURPRISE,Emotion-Implausible
GoEmo_test_4988,pair_961e,Congratulations. You posted the famous very first lolcat picture.,NEUTRAL,Emotion-Implausible
GoEmo_test_4988,pair_961f,Congratulations. You posted the famous very first lolcat picture.,SADNESS,Emotion-Implausible
GoEmo_test_4988,pair_961g,Congratulations. You posted the famous very first lolcat picture.,JOY,Emotion-Obvious
GoEmo_test_5001,pair_962a,"Well I am a lady, so that would probably just freak them out. Oh, Reddit. Everyone is a man haha.",ANGER,Emotion-Plausible
GoEmo_test_5001,pair_962b,"Well I am a lady, so that would probably just freak them out. Oh, Reddit. Everyone is a man haha.",DISGUST,Emotion-Plausible
GoEmo_test_5001,pair_962c,"Well I am a lady, so that would probably just freak them out. Oh, Reddit. Everyone is a man haha.",FEAR,Emotion-Implausible
GoEmo_test_5001,pair_962d,"Well I am a lady, so that would probably just freak them out. Oh, Reddit. Everyone is a man haha.",SURPRISE,Emotion-Implausible
GoEmo_test_5001,pair_962e,"Well I am a lady, so that would probably just freak them out. Oh, Reddit. Everyone is a man haha.",NEUTRAL,Emotion-Implausible
GoEmo_test_5001,pair_962f,"Well I am a lady, so that would probably just freak them out. Oh, Reddit. Everyone is a man haha.",SADNESS,Emotion-Plausible
GoEmo_test_5001,pair_962g,"Well I am a lady, so that would probably just freak them out. Oh, Reddit. Everyone is a man haha.",JOY,Emotion-Obvious
GoEmo_test_5013,pair_963a,You can find something sexist or racist or disparaging of some group in just about every movie or tv show.,ANGER,Emotion-Plausible
GoEmo_test_5013,pair_963b,You can find something sexist or racist or disparaging of some group in just about every movie or tv show.,DISGUST,Emotion-Plausible
GoEmo_test_5013,pair_963c,You can find something sexist or racist or disparaging of some group in just about every movie or tv show.,FEAR,Emotion-Implausible
GoEmo_test_5013,pair_963d,You can find something sexist or racist or disparaging of some group in just about every movie or tv show.,SURPRISE,Emotion-Implausible
GoEmo_test_5013,pair_963e,You can find something sexist or racist or disparaging of some group in just about every movie or tv show.,NEUTRAL,Emotion-Plausible
GoEmo_test_5013,pair_963f,You can find something sexist or racist or disparaging of some group in just about every movie or tv show.,SADNESS,Emotion-Plausible
GoEmo_test_5013,pair_963g,You can find something sexist or racist or disparaging of some group in just about every movie or tv show.,JOY,Emotion-Implausible
GoEmo_test_5050,pair_964a,I'm laughing hysterically at midnight Thanks LMAO,ANGER,Emotion-Implausible
GoEmo_test_5050,pair_964b,I'm laughing hysterically at midnight Thanks LMAO,DISGUST,Emotion-Implausible
GoEmo_test_5050,pair_964c,I'm laughing hysterically at midnight Thanks LMAO,FEAR,Emotion-Implausible
GoEmo_test_5050,pair_964d,I'm laughing hysterically at midnight Thanks LMAO,SURPRISE,Emotion-Plausible
GoEmo_test_5050,pair_964e,I'm laughing hysterically at midnight Thanks LMAO,NEUTRAL,Emotion-Implausible
GoEmo_test_5050,pair_964f,I'm laughing hysterically at midnight Thanks LMAO,SADNESS,Emotion-Implausible
GoEmo_test_5050,pair_964g,I'm laughing hysterically at midnight Thanks LMAO,JOY,Emotion-Obvious
GoEmo_test_5056,pair_965a,Haha this is one of those moments that makes me laugh out loud,ANGER,Emotion-Implausible
GoEmo_test_5056,pair_965b,Haha this is one of those moments that makes me laugh out loud,DISGUST,Emotion-Implausible
GoEmo_test_5056,pair_965c,Haha this is one of those moments that makes me laugh out loud,FEAR,Emotion-Implausible
GoEmo_test_5056,pair_965d,Haha this is one of those moments that makes me laugh out loud,SURPRISE,Emotion-Implausible
GoEmo_test_5056,pair_965e,Haha this is one of those moments that makes me laugh out loud,NEUTRAL,Emotion-Implausible
GoEmo_test_5056,pair_965f,Haha this is one of those moments that makes me laugh out loud,SADNESS,Emotion-Implausible
GoEmo_test_5056,pair_965g,Haha this is one of those moments that makes me laugh out loud,JOY,Emotion-Obvious
GoEmo_test_5117,pair_966a,I think this is the only place on the internet that is happy with this commercial hahaha,ANGER,Emotion-Implausible
GoEmo_test_5117,pair_966b,I think this is the only place on the internet that is happy with this commercial hahaha,DISGUST,Emotion-Plausible
GoEmo_test_5117,pair_966c,I think this is the only place on the internet that is happy with this commercial hahaha,FEAR,Emotion-Implausible
GoEmo_test_5117,pair_966d,I think this is the only place on the internet that is happy with this commercial hahaha,SURPRISE,Emotion-Implausible
GoEmo_test_5117,pair_966e,I think this is the only place on the internet that is happy with this commercial hahaha,NEUTRAL,Emotion-Implausible
GoEmo_test_5117,pair_966f,I think this is the only place on the internet that is happy with this commercial hahaha,SADNESS,Emotion-Plausible
GoEmo_test_5117,pair_966g,I think this is the only place on the internet that is happy with this commercial hahaha,JOY,Emotion-Obvious
GoEmo_test_5218,pair_967a,"Intended as a ""it's funny because it's true"" not ""this is hilarious""",ANGER,Emotion-Plausible
GoEmo_test_5218,pair_967b,"Intended as a ""it's funny because it's true"" not ""this is hilarious""",DISGUST,Emotion-Implausible
GoEmo_test_5218,pair_967c,"Intended as a ""it's funny because it's true"" not ""this is hilarious""",FEAR,Emotion-Implausible
GoEmo_test_5218,pair_967d,"Intended as a ""it's funny because it's true"" not ""this is hilarious""",SURPRISE,Emotion-Implausible
GoEmo_test_5218,pair_967e,"Intended as a ""it's funny because it's true"" not ""this is hilarious""",NEUTRAL,Emotion-Obvious
GoEmo_test_5218,pair_967f,"Intended as a ""it's funny because it's true"" not ""this is hilarious""",SADNESS,Emotion-Plausible
GoEmo_test_5218,pair_967g,"Intended as a ""it's funny because it's true"" not ""this is hilarious""",JOY,Emotion-Implausible
GoEmo_test_5251,pair_968a,It’s tinder no one cares if they get blocked cringe to you is funny to them,ANGER,Emotion-Plausible
GoEmo_test_5251,pair_968b,It’s tinder no one cares if they get blocked cringe to you is funny to them,DISGUST,Emotion-Plausible
GoEmo_test_5251,pair_968c,It’s tinder no one cares if they get blocked cringe to you is funny to them,FEAR,Emotion-Implausible
GoEmo_test_5251,pair_968d,It’s tinder no one cares if they get blocked cringe to you is funny to them,SURPRISE,Emotion-Implausible
GoEmo_test_5251,pair_968e,It’s tinder no one cares if they get blocked cringe to you is funny to them,NEUTRAL,Emotion-Plausible
GoEmo_test_5251,pair_968f,It’s tinder no one cares if they get blocked cringe to you is funny to them,SADNESS,Emotion-Plausible
GoEmo_test_5251,pair_968g,It’s tinder no one cares if they get blocked cringe to you is funny to them,JOY,Emotion-Implausible
GoEmo_test_5266,pair_969a,Shes 43 with 4 kids. That's so far past the wall it's not funny.,ANGER,Emotion-Plausible
GoEmo_test_5266,pair_969b,Shes 43 with 4 kids. That's so far past the wall it's not funny.,DISGUST,Emotion-Obvious
GoEmo_test_5266,pair_969c,Shes 43 with 4 kids. That's so far past the wall it's not funny.,FEAR,Emotion-Implausible
GoEmo_test_5266,pair_969d,Shes 43 with 4 kids. That's so far past the wall it's not funny.,SURPRISE,Emotion-Plausible
GoEmo_test_5266,pair_969e,Shes 43 with 4 kids. That's so far past the wall it's not funny.,NEUTRAL,Emotion-Implausible
GoEmo_test_5266,pair_969f,Shes 43 with 4 kids. That's so far past the wall it's not funny.,SADNESS,Emotion-Implausible
GoEmo_test_5266,pair_969g,Shes 43 with 4 kids. That's so far past the wall it's not funny.,JOY,Emotion-Implausible
GoEmo_test_5276,pair_970a,Awesome guys! Thank you for the ideas. It interesting to see what people will do depending on whether they play killer or survivor lol,ANGER,Emotion-Implausible
GoEmo_test_5276,pair_970b,Awesome guys! Thank you for the ideas. It interesting to see what people will do depending on whether they play killer or survivor lol,DISGUST,Emotion-Implausible
GoEmo_test_5276,pair_970c,Awesome guys! Thank you for the ideas. It interesting to see what people will do depending on whether they play killer or survivor lol,FEAR,Emotion-Implausible
GoEmo_test_5276,pair_970d,Awesome guys! Thank you for the ideas. It interesting to see what people will do depending on whether they play killer or survivor lol,SURPRISE,Emotion-Plausible
GoEmo_test_5276,pair_970e,Awesome guys! Thank you for the ideas. It interesting to see what people will do depending on whether they play killer or survivor lol,NEUTRAL,Emotion-Implausible
GoEmo_test_5276,pair_970f,Awesome guys! Thank you for the ideas. It interesting to see what people will do depending on whether they play killer or survivor lol,SADNESS,Emotion-Implausible
GoEmo_test_5276,pair_970g,Awesome guys! Thank you for the ideas. It interesting to see what people will do depending on whether they play killer or survivor lol,JOY,Emotion-Obvious
GoEmo_test_5293,pair_971a,"Fantastic pub, went there last year as part of the liquid history pub tours.",ANGER,Emotion-Implausible
GoEmo_test_5293,pair_971b,"Fantastic pub, went there last year as part of the liquid history pub tours.",DISGUST,Emotion-Implausible
GoEmo_test_5293,pair_971c,"Fantastic pub, went there last year as part of the liquid history pub tours.",FEAR,Emotion-Implausible
GoEmo_test_5293,pair_971d,"Fantastic pub, went there last year as part of the liquid history pub tours.",SURPRISE,Emotion-Plausible
GoEmo_test_5293,pair_971e,"Fantastic pub, went there last year as part of the liquid history pub tours.",NEUTRAL,Emotion-Implausible
GoEmo_test_5293,pair_971f,"Fantastic pub, went there last year as part of the liquid history pub tours.",SADNESS,Emotion-Plausible
GoEmo_test_5293,pair_971g,"Fantastic pub, went there last year as part of the liquid history pub tours.",JOY,Emotion-Obvious
GoEmo_test_5299,pair_972a,Food must be good then. It looks good. Besides the wood plank lol,ANGER,Emotion-Plausible
GoEmo_test_5299,pair_972b,Food must be good then. It looks good. Besides the wood plank lol,DISGUST,Emotion-Plausible
GoEmo_test_5299,pair_972c,Food must be good then. It looks good. Besides the wood plank lol,FEAR,Emotion-Implausible
GoEmo_test_5299,pair_972d,Food must be good then. It looks good. Besides the wood plank lol,SURPRISE,Emotion-Plausible
GoEmo_test_5299,pair_972e,Food must be good then. It looks good. Besides the wood plank lol,NEUTRAL,Emotion-Implausible
GoEmo_test_5299,pair_972f,Food must be good then. It looks good. Besides the wood plank lol,SADNESS,Emotion-Plausible
GoEmo_test_5299,pair_972g,Food must be good then. It looks good. Besides the wood plank lol,JOY,Emotion-Obvious
GoEmo_test_5334,pair_973a,Is it possible you've been banned from them? I dont know how I feel about having the special privilege to view that sub lol.,ANGER,Emotion-Implausible
GoEmo_test_5334,pair_973b,Is it possible you've been banned from them? I dont know how I feel about having the special privilege to view that sub lol.,DISGUST,Emotion-Plausible
GoEmo_test_5334,pair_973c,Is it possible you've been banned from them? I dont know how I feel about having the special privilege to view that sub lol.,FEAR,Emotion-Implausible
GoEmo_test_5334,pair_973d,Is it possible you've been banned from them? I dont know how I feel about having the special privilege to view that sub lol.,SURPRISE,Emotion-Plausible
GoEmo_test_5334,pair_973e,Is it possible you've been banned from them? I dont know how I feel about having the special privilege to view that sub lol.,NEUTRAL,Emotion-Implausible
GoEmo_test_5334,pair_973f,Is it possible you've been banned from them? I dont know how I feel about having the special privilege to view that sub lol.,SADNESS,Emotion-Plausible
GoEmo_test_5334,pair_973g,Is it possible you've been banned from them? I dont know how I feel about having the special privilege to view that sub lol.,JOY,Emotion-Obvious
GoEmo_test_5368,pair_974a,I'd trust someone who is bound by regulation over [NAME] from Essex who blames immigrants cos he was fired for sleeping on the job,ANGER,Emotion-Obvious
GoEmo_test_5368,pair_974b,I'd trust someone who is bound by regulation over [NAME] from Essex who blames immigrants cos he was fired for sleeping on the job,DISGUST,Emotion-Obvious
GoEmo_test_5368,pair_974c,I'd trust someone who is bound by regulation over [NAME] from Essex who blames immigrants cos he was fired for sleeping on the job,FEAR,Emotion-Implausible
GoEmo_test_5368,pair_974d,I'd trust someone who is bound by regulation over [NAME] from Essex who blames immigrants cos he was fired for sleeping on the job,SURPRISE,Emotion-Implausible
GoEmo_test_5368,pair_974e,I'd trust someone who is bound by regulation over [NAME] from Essex who blames immigrants cos he was fired for sleeping on the job,NEUTRAL,Emotion-Implausible
GoEmo_test_5368,pair_974f,I'd trust someone who is bound by regulation over [NAME] from Essex who blames immigrants cos he was fired for sleeping on the job,SADNESS,Emotion-Implausible
GoEmo_test_5368,pair_974g,I'd trust someone who is bound by regulation over [NAME] from Essex who blames immigrants cos he was fired for sleeping on the job,JOY,Emotion-Plausible
GoEmo_test_5378,pair_975a,Why is [NAME] smile at the beginning the best part of this whole thing?!,ANGER,Emotion-Implausible
GoEmo_test_5378,pair_975b,Why is [NAME] smile at the beginning the best part of this whole thing?!,DISGUST,Emotion-Implausible
GoEmo_test_5378,pair_975c,Why is [NAME] smile at the beginning the best part of this whole thing?!,FEAR,Emotion-Implausible
GoEmo_test_5378,pair_975d,Why is [NAME] smile at the beginning the best part of this whole thing?!,SURPRISE,Emotion-Obvious
GoEmo_test_5378,pair_975e,Why is [NAME] smile at the beginning the best part of this whole thing?!,NEUTRAL,Emotion-Implausible
GoEmo_test_5378,pair_975f,Why is [NAME] smile at the beginning the best part of this whole thing?!,SADNESS,Emotion-Implausible
GoEmo_test_5378,pair_975g,Why is [NAME] smile at the beginning the best part of this whole thing?!,JOY,Emotion-Obvious
GoEmo_test_5379,pair_976a,I fully agree. What works for one doesn't worth for another. Good luck.,ANGER,Emotion-Plausible
GoEmo_test_5379,pair_976b,I fully agree. What works for one doesn't worth for another. Good luck.,DISGUST,Emotion-Implausible
GoEmo_test_5379,pair_976c,I fully agree. What works for one doesn't worth for another. Good luck.,FEAR,Emotion-Plausible
GoEmo_test_5379,pair_976d,I fully agree. What works for one doesn't worth for another. Good luck.,SURPRISE,Emotion-Implausible
GoEmo_test_5379,pair_976e,I fully agree. What works for one doesn't worth for another. Good luck.,NEUTRAL,Emotion-Obvious
GoEmo_test_5379,pair_976f,I fully agree. What works for one doesn't worth for another. Good luck.,SADNESS,Emotion-Plausible
GoEmo_test_5379,pair_976g,I fully agree. What works for one doesn't worth for another. Good luck.,JOY,Emotion-Plausible
GoEmo_test_5392,pair_977a,Yeah imagine if he had been as efficient as the beginning of the season. We would have at least 2 more.,ANGER,Emotion-Plausible
GoEmo_test_5392,pair_977b,Yeah imagine if he had been as efficient as the beginning of the season. We would have at least 2 more.,DISGUST,Emotion-Plausible
GoEmo_test_5392,pair_977c,Yeah imagine if he had been as efficient as the beginning of the season. We would have at least 2 more.,FEAR,Emotion-Implausible
GoEmo_test_5392,pair_977d,Yeah imagine if he had been as efficient as the beginning of the season. We would have at least 2 more.,SURPRISE,Emotion-Implausible
GoEmo_test_5392,pair_977e,Yeah imagine if he had been as efficient as the beginning of the season. We would have at least 2 more.,NEUTRAL,Emotion-Implausible
GoEmo_test_5392,pair_977f,Yeah imagine if he had been as efficient as the beginning of the season. We would have at least 2 more.,SADNESS,Emotion-Obvious
GoEmo_test_5392,pair_977g,Yeah imagine if he had been as efficient as the beginning of the season. We would have at least 2 more.,JOY,Emotion-Implausible
GoEmo_test_5394,pair_978a,"Me, joining in everyone in the room saying it when she appears....",ANGER,Emotion-Plausible
GoEmo_test_5394,pair_978b,"Me, joining in everyone in the room saying it when she appears....",DISGUST,Emotion-Plausible
GoEmo_test_5394,pair_978c,"Me, joining in everyone in the room saying it when she appears....",FEAR,Emotion-Plausible
GoEmo_test_5394,pair_978d,"Me, joining in everyone in the room saying it when she appears....",SURPRISE,Emotion-Plausible
GoEmo_test_5394,pair_978e,"Me, joining in everyone in the room saying it when she appears....",NEUTRAL,Emotion-Plausible
GoEmo_test_5394,pair_978f,"Me, joining in everyone in the room saying it when she appears....",SADNESS,Emotion-Plausible
GoEmo_test_5394,pair_978g,"Me, joining in everyone in the room saying it when she appears....",JOY,Emotion-Plausible
GoEmo_test_5396,pair_979a,No it isn't. Not much than your OP. You just have nothing outside of your feelings.,ANGER,Emotion-Obvious
GoEmo_test_5396,pair_979b,No it isn't. Not much than your OP. You just have nothing outside of your feelings.,DISGUST,Emotion-Obvious
GoEmo_test_5396,pair_979c,No it isn't. Not much than your OP. You just have nothing outside of your feelings.,FEAR,Emotion-Implausible
GoEmo_test_5396,pair_979d,No it isn't. Not much than your OP. You just have nothing outside of your feelings.,SURPRISE,Emotion-Implausible
GoEmo_test_5396,pair_979e,No it isn't. Not much than your OP. You just have nothing outside of your feelings.,NEUTRAL,Emotion-Implausible
GoEmo_test_5396,pair_979f,No it isn't. Not much than your OP. You just have nothing outside of your feelings.,SADNESS,Emotion-Plausible
GoEmo_test_5396,pair_979g,No it isn't. Not much than your OP. You just have nothing outside of your feelings.,JOY,Emotion-Implausible
GoEmo_test_5397,pair_980a,Sure dude. Although I’d say my rate at dispensing profound wisdom is lesser than the rate at which I can talk utter BS haha,ANGER,Emotion-Implausible
GoEmo_test_5397,pair_980b,Sure dude. Although I’d say my rate at dispensing profound wisdom is lesser than the rate at which I can talk utter BS haha,DISGUST,Emotion-Plausible
GoEmo_test_5397,pair_980c,Sure dude. Although I’d say my rate at dispensing profound wisdom is lesser than the rate at which I can talk utter BS haha,FEAR,Emotion-Plausible
GoEmo_test_5397,pair_980d,Sure dude. Although I’d say my rate at dispensing profound wisdom is lesser than the rate at which I can talk utter BS haha,SURPRISE,Emotion-Implausible
GoEmo_test_5397,pair_980e,Sure dude. Although I’d say my rate at dispensing profound wisdom is lesser than the rate at which I can talk utter BS haha,NEUTRAL,Emotion-Implausible
GoEmo_test_5397,pair_980f,Sure dude. Although I’d say my rate at dispensing profound wisdom is lesser than the rate at which I can talk utter BS haha,SADNESS,Emotion-Plausible
GoEmo_test_5397,pair_980g,Sure dude. Although I’d say my rate at dispensing profound wisdom is lesser than the rate at which I can talk utter BS haha,JOY,Emotion-Obvious
GoEmo_test_5398,pair_981a,I heard of people doing that in the dorms freshman year and hadn't thought of it since. People said it worked.,ANGER,Emotion-Implausible
GoEmo_test_5398,pair_981b,I heard of people doing that in the dorms freshman year and hadn't thought of it since. People said it worked.,DISGUST,Emotion-Plausible
GoEmo_test_5398,pair_981c,I heard of people doing that in the dorms freshman year and hadn't thought of it since. People said it worked.,FEAR,Emotion-Plausible
GoEmo_test_5398,pair_981d,I heard of people doing that in the dorms freshman year and hadn't thought of it since. People said it worked.,SURPRISE,Emotion-Plausible
GoEmo_test_5398,pair_981e,I heard of people doing that in the dorms freshman year and hadn't thought of it since. People said it worked.,NEUTRAL,Emotion-Obvious
GoEmo_test_5398,pair_981f,I heard of people doing that in the dorms freshman year and hadn't thought of it since. People said it worked.,SADNESS,Emotion-Plausible
GoEmo_test_5398,pair_981g,I heard of people doing that in the dorms freshman year and hadn't thought of it since. People said it worked.,JOY,Emotion-Plausible
GoEmo_test_5400,pair_982a,Can't believe me and my family were gonna leave five minutes early to beat the traffic. Honestly the best game I've ever seen live,ANGER,Emotion-Implausible
GoEmo_test_5400,pair_982b,Can't believe me and my family were gonna leave five minutes early to beat the traffic. Honestly the best game I've ever seen live,DISGUST,Emotion-Implausible
GoEmo_test_5400,pair_982c,Can't believe me and my family were gonna leave five minutes early to beat the traffic. Honestly the best game I've ever seen live,FEAR,Emotion-Implausible
GoEmo_test_5400,pair_982d,Can't believe me and my family were gonna leave five minutes early to beat the traffic. Honestly the best game I've ever seen live,SURPRISE,Emotion-Obvious
GoEmo_test_5400,pair_982e,Can't believe me and my family were gonna leave five minutes early to beat the traffic. Honestly the best game I've ever seen live,NEUTRAL,Emotion-Implausible
GoEmo_test_5400,pair_982f,Can't believe me and my family were gonna leave five minutes early to beat the traffic. Honestly the best game I've ever seen live,SADNESS,Emotion-Implausible
GoEmo_test_5400,pair_982g,Can't believe me and my family were gonna leave five minutes early to beat the traffic. Honestly the best game I've ever seen live,JOY,Emotion-Obvious
GoEmo_test_5401,pair_983a,"Now we just need to kill [NAME] if [NAME] wasn't saved to really even the odds with her, similarly to [NAME] with [NAME].",ANGER,Emotion-Obvious
GoEmo_test_5401,pair_983b,"Now we just need to kill [NAME] if [NAME] wasn't saved to really even the odds with her, similarly to [NAME] with [NAME].",DISGUST,Emotion-Plausible
GoEmo_test_5401,pair_983c,"Now we just need to kill [NAME] if [NAME] wasn't saved to really even the odds with her, similarly to [NAME] with [NAME].",FEAR,Emotion-Plausible
GoEmo_test_5401,pair_983d,"Now we just need to kill [NAME] if [NAME] wasn't saved to really even the odds with her, similarly to [NAME] with [NAME].",SURPRISE,Emotion-Implausible
GoEmo_test_5401,pair_983e,"Now we just need to kill [NAME] if [NAME] wasn't saved to really even the odds with her, similarly to [NAME] with [NAME].",NEUTRAL,Emotion-Implausible
GoEmo_test_5401,pair_983f,"Now we just need to kill [NAME] if [NAME] wasn't saved to really even the odds with her, similarly to [NAME] with [NAME].",SADNESS,Emotion-Implausible
GoEmo_test_5401,pair_983g,"Now we just need to kill [NAME] if [NAME] wasn't saved to really even the odds with her, similarly to [NAME] with [NAME].",JOY,Emotion-Plausible
GoEmo_test_5404,pair_984a,Ok. Good idea!,ANGER,Emotion-Plausible
GoEmo_test_5404,pair_984b,Ok. Good idea!,DISGUST,Emotion-Plausible
GoEmo_test_5404,pair_984c,Ok. Good idea!,FEAR,Emotion-Plausible
GoEmo_test_5404,pair_984d,Ok. Good idea!,SURPRISE,Emotion-Plausible
GoEmo_test_5404,pair_984e,Ok. Good idea!,NEUTRAL,Emotion-Plausible
GoEmo_test_5404,pair_984f,Ok. Good idea!,SADNESS,Emotion-Plausible
GoEmo_test_5404,pair_984g,Ok. Good idea!,JOY,Emotion-Obvious
GoEmo_test_5405,pair_985a,Hahaha so I’m no longer going to worry about it then lol,ANGER,Emotion-Plausible
GoEmo_test_5405,pair_985b,Hahaha so I’m no longer going to worry about it then lol,DISGUST,Emotion-Implausible
GoEmo_test_5405,pair_985c,Hahaha so I’m no longer going to worry about it then lol,FEAR,Emotion-Plausible
GoEmo_test_5405,pair_985d,Hahaha so I’m no longer going to worry about it then lol,SURPRISE,Emotion-Implausible
GoEmo_test_5405,pair_985e,Hahaha so I’m no longer going to worry about it then lol,NEUTRAL,Emotion-Implausible
GoEmo_test_5405,pair_985f,Hahaha so I’m no longer going to worry about it then lol,SADNESS,Emotion-Plausible
GoEmo_test_5405,pair_985g,Hahaha so I’m no longer going to worry about it then lol,JOY,Emotion-Obvious
GoEmo_test_5407,pair_986a,"Sheet cake did *nothing* to you, man",ANGER,Emotion-Obvious
GoEmo_test_5407,pair_986b,"Sheet cake did *nothing* to you, man",DISGUST,Emotion-Plausible
GoEmo_test_5407,pair_986c,"Sheet cake did *nothing* to you, man",FEAR,Emotion-Implausible
GoEmo_test_5407,pair_986d,"Sheet cake did *nothing* to you, man",SURPRISE,Emotion-Plausible
GoEmo_test_5407,pair_986e,"Sheet cake did *nothing* to you, man",NEUTRAL,Emotion-Implausible
GoEmo_test_5407,pair_986f,"Sheet cake did *nothing* to you, man",SADNESS,Emotion-Plausible
GoEmo_test_5407,pair_986g,"Sheet cake did *nothing* to you, man",JOY,Emotion-Implausible
GoEmo_test_5409,pair_987a,And now I'm hungry. Thanks.,ANGER,Emotion-Plausible
GoEmo_test_5409,pair_987b,And now I'm hungry. Thanks.,DISGUST,Emotion-Implausible
GoEmo_test_5409,pair_987c,And now I'm hungry. Thanks.,FEAR,Emotion-Plausible
GoEmo_test_5409,pair_987d,And now I'm hungry. Thanks.,SURPRISE,Emotion-Plausible
GoEmo_test_5409,pair_987e,And now I'm hungry. Thanks.,NEUTRAL,Emotion-Implausible
GoEmo_test_5409,pair_987f,And now I'm hungry. Thanks.,SADNESS,Emotion-Plausible
GoEmo_test_5409,pair_987g,And now I'm hungry. Thanks.,JOY,Emotion-Plausible
GoEmo_test_5410,pair_988a,I don't think playing with her hair would work. Thats just creepy.,ANGER,Emotion-Obvious
GoEmo_test_5410,pair_988b,I don't think playing with her hair would work. Thats just creepy.,DISGUST,Emotion-Plausible
GoEmo_test_5410,pair_988c,I don't think playing with her hair would work. Thats just creepy.,FEAR,Emotion-Plausible
GoEmo_test_5410,pair_988d,I don't think playing with her hair would work. Thats just creepy.,SURPRISE,Emotion-Plausible
GoEmo_test_5410,pair_988e,I don't think playing with her hair would work. Thats just creepy.,NEUTRAL,Emotion-Implausible
GoEmo_test_5410,pair_988f,I don't think playing with her hair would work. Thats just creepy.,SADNESS,Emotion-Plausible
GoEmo_test_5410,pair_988g,I don't think playing with her hair would work. Thats just creepy.,JOY,Emotion-Implausible
GoEmo_test_5411,pair_989a,"as a kpop stan and a army, i am very disappointed",ANGER,Emotion-Plausible
GoEmo_test_5411,pair_989b,"as a kpop stan and a army, i am very disappointed",DISGUST,Emotion-Plausible
GoEmo_test_5411,pair_989c,"as a kpop stan and a army, i am very disappointed",FEAR,Emotion-Implausible
GoEmo_test_5411,pair_989d,"as a kpop stan and a army, i am very disappointed",SURPRISE,Emotion-Implausible
GoEmo_test_5411,pair_989e,"as a kpop stan and a army, i am very disappointed",NEUTRAL,Emotion-Implausible
GoEmo_test_5411,pair_989f,"as a kpop stan and a army, i am very disappointed",SADNESS,Emotion-Obvious
GoEmo_test_5411,pair_989g,"as a kpop stan and a army, i am very disappointed",JOY,Emotion-Implausible
GoEmo_test_5412,pair_990a,"Yeah, and I don’t know why, it was totally out of character for me...",ANGER,Emotion-Plausible
GoEmo_test_5412,pair_990b,"Yeah, and I don’t know why, it was totally out of character for me...",DISGUST,Emotion-Plausible
GoEmo_test_5412,pair_990c,"Yeah, and I don’t know why, it was totally out of character for me...",FEAR,Emotion-Plausible
GoEmo_test_5412,pair_990d,"Yeah, and I don’t know why, it was totally out of character for me...",SURPRISE,Emotion-Obvious
GoEmo_test_5412,pair_990e,"Yeah, and I don’t know why, it was totally out of character for me...",NEUTRAL,Emotion-Implausible
GoEmo_test_5412,pair_990f,"Yeah, and I don’t know why, it was totally out of character for me...",SADNESS,Emotion-Plausible
GoEmo_test_5412,pair_990g,"Yeah, and I don’t know why, it was totally out of character for me...",JOY,Emotion-Plausible
GoEmo_test_5413,pair_991a,what a psycho,ANGER,Emotion-Obvious
GoEmo_test_5413,pair_991b,what a psycho,DISGUST,Emotion-Obvious
GoEmo_test_5413,pair_991c,what a psycho,FEAR,Emotion-Plausible
GoEmo_test_5413,pair_991d,what a psycho,SURPRISE,Emotion-Plausible
GoEmo_test_5413,pair_991e,what a psycho,NEUTRAL,Emotion-Implausible
GoEmo_test_5413,pair_991f,what a psycho,SADNESS,Emotion-Plausible
GoEmo_test_5413,pair_991g,what a psycho,JOY,Emotion-Implausible
GoEmo_test_5414,pair_992a,This will be me a year from now. Not fair at all.,ANGER,Emotion-Plausible
GoEmo_test_5414,pair_992b,This will be me a year from now. Not fair at all.,DISGUST,Emotion-Plausible
GoEmo_test_5414,pair_992c,This will be me a year from now. Not fair at all.,FEAR,Emotion-Plausible
GoEmo_test_5414,pair_992d,This will be me a year from now. Not fair at all.,SURPRISE,Emotion-Plausible
GoEmo_test_5414,pair_992e,This will be me a year from now. Not fair at all.,NEUTRAL,Emotion-Implausible
GoEmo_test_5414,pair_992f,This will be me a year from now. Not fair at all.,SADNESS,Emotion-Obvious
GoEmo_test_5414,pair_992g,This will be me a year from now. Not fair at all.,JOY,Emotion-Plausible
GoEmo_test_5417,pair_993a,I would love a game with either of these two!!! 2nd choice being Caracalla!,ANGER,Emotion-Implausible
GoEmo_test_5417,pair_993b,I would love a game with either of these two!!! 2nd choice being Caracalla!,DISGUST,Emotion-Implausible
GoEmo_test_5417,pair_993c,I would love a game with either of these two!!! 2nd choice being Caracalla!,FEAR,Emotion-Implausible
GoEmo_test_5417,pair_993d,I would love a game with either of these two!!! 2nd choice being Caracalla!,SURPRISE,Emotion-Implausible
GoEmo_test_5417,pair_993e,I would love a game with either of these two!!! 2nd choice being Caracalla!,NEUTRAL,Emotion-Implausible
GoEmo_test_5417,pair_993f,I would love a game with either of these two!!! 2nd choice being Caracalla!,SADNESS,Emotion-Implausible
GoEmo_test_5417,pair_993g,I would love a game with either of these two!!! 2nd choice being Caracalla!,JOY,Emotion-Obvious
GoEmo_test_5418,pair_994a,"That’s what I’m thinking too, so I may just go with the referral after all. Thanks again for the help!",ANGER,Emotion-Plausible
GoEmo_test_5418,pair_994b,"That’s what I’m thinking too, so I may just go with the referral after all. Thanks again for the help!",DISGUST,Emotion-Plausible
GoEmo_test_5418,pair_994c,"That’s what I’m thinking too, so I may just go with the referral after all. Thanks again for the help!",FEAR,Emotion-Plausible
GoEmo_test_5418,pair_994d,"That’s what I’m thinking too, so I may just go with the referral after all. Thanks again for the help!",SURPRISE,Emotion-Implausible
GoEmo_test_5418,pair_994e,"That’s what I’m thinking too, so I may just go with the referral after all. Thanks again for the help!",NEUTRAL,Emotion-Implausible
GoEmo_test_5418,pair_994f,"That’s what I’m thinking too, so I may just go with the referral after all. Thanks again for the help!",SADNESS,Emotion-Plausible
GoEmo_test_5418,pair_994g,"That’s what I’m thinking too, so I may just go with the referral after all. Thanks again for the help!",JOY,Emotion-Obvious
GoEmo_test_5421,pair_995a,Waiting for both of these things is torture,ANGER,Emotion-Obvious
GoEmo_test_5421,pair_995b,Waiting for both of these things is torture,DISGUST,Emotion-Plausible
GoEmo_test_5421,pair_995c,Waiting for both of these things is torture,FEAR,Emotion-Plausible
GoEmo_test_5421,pair_995d,Waiting for both of these things is torture,SURPRISE,Emotion-Implausible
GoEmo_test_5421,pair_995e,Waiting for both of these things is torture,NEUTRAL,Emotion-Implausible
GoEmo_test_5421,pair_995f,Waiting for both of these things is torture,SADNESS,Emotion-Obvious
GoEmo_test_5421,pair_995g,Waiting for both of these things is torture,JOY,Emotion-Implausible
GoEmo_test_5422,pair_996a,Easy just include [NAME] to continue to torment [NAME],ANGER,Emotion-Obvious
GoEmo_test_5422,pair_996b,Easy just include [NAME] to continue to torment [NAME],DISGUST,Emotion-Plausible
GoEmo_test_5422,pair_996c,Easy just include [NAME] to continue to torment [NAME],FEAR,Emotion-Implausible
GoEmo_test_5422,pair_996d,Easy just include [NAME] to continue to torment [NAME],SURPRISE,Emotion-Implausible
GoEmo_test_5422,pair_996e,Easy just include [NAME] to continue to torment [NAME],NEUTRAL,Emotion-Implausible
GoEmo_test_5422,pair_996f,Easy just include [NAME] to continue to torment [NAME],SADNESS,Emotion-Implausible
GoEmo_test_5422,pair_996g,Easy just include [NAME] to continue to torment [NAME],JOY,Emotion-Plausible
GoEmo_test_5423,pair_997a,Thanks. I was diagnosed with BP 1 after the hospitalization as well.,ANGER,Emotion-Plausible
GoEmo_test_5423,pair_997b,Thanks. I was diagnosed with BP 1 after the hospitalization as well.,DISGUST,Emotion-Implausible
GoEmo_test_5423,pair_997c,Thanks. I was diagnosed with BP 1 after the hospitalization as well.,FEAR,Emotion-Plausible
GoEmo_test_5423,pair_997d,Thanks. I was diagnosed with BP 1 after the hospitalization as well.,SURPRISE,Emotion-Implausible
GoEmo_test_5423,pair_997e,Thanks. I was diagnosed with BP 1 after the hospitalization as well.,NEUTRAL,Emotion-Obvious
GoEmo_test_5423,pair_997f,Thanks. I was diagnosed with BP 1 after the hospitalization as well.,SADNESS,Emotion-Plausible
GoEmo_test_5423,pair_997g,Thanks. I was diagnosed with BP 1 after the hospitalization as well.,JOY,Emotion-Plausible
GoEmo_test_5424,pair_998a,Well that makes sense.,ANGER,Emotion-Plausible
GoEmo_test_5424,pair_998b,Well that makes sense.,DISGUST,Emotion-Plausible
GoEmo_test_5424,pair_998c,Well that makes sense.,FEAR,Emotion-Implausible
GoEmo_test_5424,pair_998d,Well that makes sense.,SURPRISE,Emotion-Implausible
GoEmo_test_5424,pair_998e,Well that makes sense.,NEUTRAL,Emotion-Obvious
GoEmo_test_5424,pair_998f,Well that makes sense.,SADNESS,Emotion-Plausible
GoEmo_test_5424,pair_998g,Well that makes sense.,JOY,Emotion-Plausible
GoEmo_test_5426,pair_999a,So glad I discovered that subreddit a couple months ago. So good...,ANGER,Emotion-Plausible
GoEmo_test_5426,pair_999b,So glad I discovered that subreddit a couple months ago. So good...,DISGUST,Emotion-Plausible
GoEmo_test_5426,pair_999c,So glad I discovered that subreddit a couple months ago. So good...,FEAR,Emotion-Implausible
GoEmo_test_5426,pair_999d,So glad I discovered that subreddit a couple months ago. So good...,SURPRISE,Emotion-Plausible
GoEmo_test_5426,pair_999e,So glad I discovered that subreddit a couple months ago. So good...,NEUTRAL,Emotion-Implausible
GoEmo_test_5426,pair_999f,So glad I discovered that subreddit a couple months ago. So good...,SADNESS,Emotion-Implausible
GoEmo_test_5426,pair_999g,So glad I discovered that subreddit a couple months ago. So good...,JOY,Emotion-Obvious
GoEmo_test_5427,pair_1000a,"Had to watch ""Elmo in Grouchland"" one time too many when my kids were little...musical Elmo / Oscar overdose...",ANGER,Emotion-Obvious
GoEmo_test_5427,pair_1000b,"Had to watch ""Elmo in Grouchland"" one time too many when my kids were little...musical Elmo / Oscar overdose...",DISGUST,Emotion-Obvious
GoEmo_test_5427,pair_1000c,"Had to watch ""Elmo in Grouchland"" one time too many when my kids were little...musical Elmo / Oscar overdose...",FEAR,Emotion-Implausible
GoEmo_test_5427,pair_1000d,"Had to watch ""Elmo in Grouchland"" one time too many when my kids were little...musical Elmo / Oscar overdose...",SURPRISE,Emotion-Implausible
GoEmo_test_5427,pair_1000e,"Had to watch ""Elmo in Grouchland"" one time too many when my kids were little...musical Elmo / Oscar overdose...",NEUTRAL,Emotion-Implausible
GoEmo_test_5427,pair_1000f,"Had to watch ""Elmo in Grouchland"" one time too many when my kids were little...musical Elmo / Oscar overdose...",SADNESS,Emotion-Plausible
GoEmo_test_5427,pair_1000g,"Had to watch ""Elmo in Grouchland"" one time too many when my kids were little...musical Elmo / Oscar overdose...",JOY,Emotion-Implausible
